0 verbose cli /usr/local/bin/node /usr/local/bin/npm
1 info using npm@11.6.2
2 info using node@v24.13.0
3 silly config load:file:/usr/local/lib/node_modules/npm/npmrc
4 silly config load:file:/Users/saif/Desktop/BiosynAnalytical/.npmrc
5 silly config load:file:/Users/saif/.npmrc
6 verbose config error loading user config Error: EPERM: operation not permitted, open '/Users/saif/.npmrc'
6 verbose config     at async open (node:internal/fs/promises:637:25)
6 verbose config     at async readFile (node:internal/fs/promises:1269:14)
6 verbose config     at async #loadFile (/usr/local/lib/node_modules/npm/node_modules/@npmcli/config/lib/index.js:635:5)
6 verbose config     at async Config.load (/usr/local/lib/node_modules/npm/node_modules/@npmcli/config/lib/index.js:259:5)
6 verbose config     at async #load (/usr/local/lib/node_modules/npm/lib/npm.js:99:5)
6 verbose config     at async Npm.load (/usr/local/lib/node_modules/npm/lib/npm.js:81:14)
6 verbose config     at async module.exports (/usr/local/lib/node_modules/npm/lib/cli/entry.js:35:37) {
6 verbose config   errno: -1,
6 verbose config   code: 'EPERM',
6 verbose config   syscall: 'open',
6 verbose config   path: '/Users/saif/.npmrc'
6 verbose config }
7 silly config load:file:/usr/local/etc/npmrc
8 verbose title npm install
9 verbose argv "install"
10 verbose logfile logs-max:10 dir:/Users/saif/Desktop/BiosynAnalytical/.npm-cache/_logs/2026-08-03T05_34_28_334Z-
11 verbose logfile /Users/saif/Desktop/BiosynAnalytical/.npm-cache/_logs/2026-08-03T05_34_28_334Z-debug-0.log
12 silly logfile done cleaning log files
13 silly packumentCache heap:4496293888 maxSize:1124073472 maxEntrySize:562036736
14 silly idealTree buildDeps
15 silly fetch manifest next@16.2.12
16 silly packumentCache full:https://registry.npmjs.org/next cache-miss
17 http fetch GET 200 https://registry.npmjs.org/npm 277ms
18 http fetch GET 200 https://registry.npmjs.org/next 680ms (cache miss)
19 silly packumentCache full:https://registry.npmjs.org/next set size:undefined disposed:false
20 silly fetch manifest @opentelemetry/api@^1.1.0
21 silly packumentCache full:https://registry.npmjs.org/@opentelemetry%2fapi cache-miss
22 http fetch GET 200 https://registry.npmjs.org/@opentelemetry%2fapi 58ms (cache miss)
23 silly packumentCache full:https://registry.npmjs.org/@opentelemetry%2fapi set size:undefined disposed:false
24 silly fetch manifest @playwright/test@^1.51.1
25 silly packumentCache full:https://registry.npmjs.org/@playwright%2ftest cache-miss
26 http fetch GET 200 https://registry.npmjs.org/@playwright%2ftest 266ms (cache miss)
27 silly packumentCache full:https://registry.npmjs.org/@playwright%2ftest set size:undefined disposed:false
28 silly fetch manifest babel-plugin-react-compiler@*
29 silly packumentCache full:https://registry.npmjs.org/babel-plugin-react-compiler cache-miss
30 http fetch GET 200 https://registry.npmjs.org/babel-plugin-react-compiler 75ms (cache miss)
31 silly packumentCache full:https://registry.npmjs.org/babel-plugin-react-compiler set size:undefined disposed:false
32 silly fetch manifest react@19.2.0
33 silly packumentCache full:https://registry.npmjs.org/react cache-miss
34 http fetch GET 200 https://registry.npmjs.org/react 213ms (cache miss)
35 silly packumentCache full:https://registry.npmjs.org/react set size:undefined disposed:false
36 silly fetch manifest react-dom@19.2.0
37 silly packumentCache full:https://registry.npmjs.org/react-dom cache-miss
38 http fetch GET 200 https://registry.npmjs.org/react-dom 240ms (cache miss)
39 silly packumentCache full:https://registry.npmjs.org/react-dom set size:undefined disposed:false
40 silly fetch manifest sass@^1.3.0
41 silly packumentCache full:https://registry.npmjs.org/sass cache-miss
42 http fetch GET 200 https://registry.npmjs.org/sass 80ms (cache miss)
43 silly packumentCache full:https://registry.npmjs.org/sass set size:undefined disposed:false
44 silly fetch manifest @types/node@^24.0.0
45 silly packumentCache full:https://registry.npmjs.org/@types%2fnode cache-miss
46 http fetch GET 200 https://registry.npmjs.org/@types%2fnode 250ms (cache miss)
47 silly packumentCache full:https://registry.npmjs.org/@types%2fnode set size:undefined disposed:false
48 silly fetch manifest @types/react@^19.0.0
49 silly packumentCache full:https://registry.npmjs.org/@types%2freact cache-miss
50 http fetch GET 200 https://registry.npmjs.org/@types%2freact 123ms (cache miss)
51 silly packumentCache full:https://registry.npmjs.org/@types%2freact set size:undefined disposed:false
52 silly fetch manifest @types/react-dom@^19.0.0
53 silly packumentCache full:https://registry.npmjs.org/@types%2freact-dom cache-miss
54 http fetch GET 200 https://registry.npmjs.org/@types%2freact-dom 61ms (cache miss)
55 silly packumentCache full:https://registry.npmjs.org/@types%2freact-dom set size:undefined disposed:false
56 silly fetch manifest eslint@^9.0.0
57 silly packumentCache full:https://registry.npmjs.org/eslint cache-miss
58 http fetch GET 200 https://registry.npmjs.org/eslint 91ms (cache miss)
59 silly packumentCache full:https://registry.npmjs.org/eslint set size:undefined disposed:false
60 silly fetch manifest jiti@*
61 silly packumentCache full:https://registry.npmjs.org/jiti cache-miss
62 http fetch GET 200 https://registry.npmjs.org/jiti 61ms (cache miss)
63 silly packumentCache full:https://registry.npmjs.org/jiti set size:undefined disposed:false
64 silly fetch manifest eslint-config-next@16.2.12
65 silly packumentCache full:https://registry.npmjs.org/eslint-config-next cache-miss
66 http fetch GET 200 https://registry.npmjs.org/eslint-config-next 485ms (cache miss)
67 silly packumentCache full:https://registry.npmjs.org/eslint-config-next set size:undefined disposed:false
68 silly fetch manifest typescript@^5.8.0
69 silly packumentCache full:https://registry.npmjs.org/typescript cache-miss
70 http fetch GET 200 https://registry.npmjs.org/typescript 339ms (cache miss)
71 silly packumentCache full:https://registry.npmjs.org/typescript set size:undefined disposed:false
72 silly placeDep ROOT @types/node@24.13.3 OK for: biosyn-analytical@0.1.0 want: ^24.0.0
73 silly placeDep ROOT @types/react@19.2.18 OK for: biosyn-analytical@0.1.0 want: ^19.0.0
74 silly placeDep ROOT @types/react-dom@19.2.4 OK for: biosyn-analytical@0.1.0 want: ^19.0.0
75 silly placeDep ROOT eslint@9.39.5 OK for: biosyn-analytical@0.1.0 want: ^9.0.0
76 silly placeDep ROOT eslint-config-next@16.2.12 OK for: biosyn-analytical@0.1.0 want: 16.2.12
77 silly placeDep ROOT next@16.2.12 OK for: biosyn-analytical@0.1.0 want: 16.2.12
78 silly placeDep ROOT react@19.2.0 OK for: next@16.2.12 want: ^18.2.0 || 19.0.0-rc-de68d2f4-20241204 || ^19.0.0
79 silly placeDep ROOT react-dom@19.2.0 OK for: next@16.2.12 want: ^18.2.0 || 19.0.0-rc-de68d2f4-20241204 || ^19.0.0
80 silly placeDep ROOT typescript@5.9.3 OK for: biosyn-analytical@0.1.0 want: ^5.8.0
81 silly fetch manifest undici-types@~7.18.0
82 silly packumentCache full:https://registry.npmjs.org/undici-types cache-miss
83 silly fetch manifest csstype@^3.2.2
84 silly packumentCache full:https://registry.npmjs.org/csstype cache-miss
85 silly fetch manifest ajv@^6.14.0
86 silly packumentCache full:https://registry.npmjs.org/ajv cache-miss
87 silly fetch manifest chalk@^4.0.0
88 silly packumentCache full:https://registry.npmjs.org/chalk cache-miss
89 silly fetch manifest debug@^4.3.2
90 silly packumentCache full:https://registry.npmjs.org/debug cache-miss
91 silly fetch manifest espree@^10.4.0
92 silly packumentCache full:https://registry.npmjs.org/espree cache-miss
93 silly fetch manifest ignore@^5.2.0
94 silly packumentCache full:https://registry.npmjs.org/ignore cache-miss
95 silly fetch manifest esquery@^1.5.0
96 silly packumentCache full:https://registry.npmjs.org/esquery cache-miss
97 silly fetch manifest esutils@^2.0.2
98 silly packumentCache full:https://registry.npmjs.org/esutils cache-miss
99 http fetch GET 200 https://registry.npmjs.org/undici-types 48ms (cache miss)
100 silly packumentCache full:https://registry.npmjs.org/undici-types set size:undefined disposed:false
101 silly fetch manifest find-up@^5.0.0
102 silly packumentCache full:https://registry.npmjs.org/find-up cache-miss
103 http fetch GET 200 https://registry.npmjs.org/csstype 54ms (cache miss)
104 silly packumentCache full:https://registry.npmjs.org/csstype set size:undefined disposed:false
105 silly fetch manifest is-glob@^4.0.0
106 silly packumentCache full:https://registry.npmjs.org/is-glob cache-miss
107 http fetch GET 200 https://registry.npmjs.org/find-up 42ms (cache miss)
108 silly packumentCache full:https://registry.npmjs.org/find-up set size:undefined disposed:false
109 silly fetch manifest minimatch@^3.1.5
110 silly packumentCache full:https://registry.npmjs.org/minimatch cache-miss
111 http fetch GET 200 https://registry.npmjs.org/is-glob 45ms (cache miss)
112 silly packumentCache full:https://registry.npmjs.org/is-glob set size:undefined disposed:false
113 silly fetch manifest @eslint/js@9.39.5
114 silly packumentCache full:https://registry.npmjs.org/@eslint%2fjs cache-miss
115 http fetch GET 200 https://registry.npmjs.org/minimatch 55ms (cache miss)
116 silly packumentCache full:https://registry.npmjs.org/minimatch set size:undefined disposed:false
117 silly fetch manifest optionator@^0.9.3
118 silly packumentCache full:https://registry.npmjs.org/optionator cache-miss
119 http fetch GET 200 https://registry.npmjs.org/esquery 156ms (cache miss)
120 silly packumentCache full:https://registry.npmjs.org/esquery set size:undefined disposed:false
121 silly fetch manifest cross-spawn@^7.0.6
122 silly packumentCache full:https://registry.npmjs.org/cross-spawn cache-miss
123 http fetch GET 200 https://registry.npmjs.org/esutils 157ms (cache miss)
124 silly packumentCache full:https://registry.npmjs.org/esutils set size:undefined disposed:false
125 silly fetch manifest glob-parent@^6.0.2
126 silly packumentCache full:https://registry.npmjs.org/glob-parent cache-miss
127 http fetch GET 200 https://registry.npmjs.org/@eslint%2fjs 60ms (cache miss)
128 silly packumentCache full:https://registry.npmjs.org/@eslint%2fjs set size:undefined disposed:false
129 silly fetch manifest imurmurhash@^0.1.4
130 silly packumentCache full:https://registry.npmjs.org/imurmurhash cache-miss
131 http fetch GET 200 https://registry.npmjs.org/debug 174ms (cache miss)
132 silly packumentCache full:https://registry.npmjs.org/debug set size:undefined disposed:false
133 silly fetch manifest @eslint/core@^0.17.0
134 silly packumentCache full:https://registry.npmjs.org/@eslint%2fcore cache-miss
135 http fetch GET 200 https://registry.npmjs.org/espree 176ms (cache miss)
136 silly packumentCache full:https://registry.npmjs.org/espree set size:undefined disposed:false
137 silly fetch manifest eslint-scope@^8.4.0
138 silly packumentCache full:https://registry.npmjs.org/eslint-scope cache-miss
139 http fetch GET 200 https://registry.npmjs.org/ignore 177ms (cache miss)
140 silly packumentCache full:https://registry.npmjs.org/ignore set size:undefined disposed:false
141 silly fetch manifest lodash.merge@^4.6.2
142 silly packumentCache full:https://registry.npmjs.org/lodash.merge cache-miss
143 http fetch GET 200 https://registry.npmjs.org/chalk 179ms (cache miss)
144 silly packumentCache full:https://registry.npmjs.org/chalk set size:undefined disposed:false
145 silly fetch manifest @humanfs/node@^0.16.6
146 silly packumentCache full:https://registry.npmjs.org/@humanfs%2fnode cache-miss
147 http fetch GET 200 https://registry.npmjs.org/optionator 43ms (cache miss)
148 silly packumentCache full:https://registry.npmjs.org/optionator set size:undefined disposed:false
149 silly fetch manifest @types/estree@^1.0.6
150 silly packumentCache full:https://registry.npmjs.org/@types%2festree cache-miss
151 http fetch GET 200 https://registry.npmjs.org/glob-parent 42ms (cache miss)
152 silly packumentCache full:https://registry.npmjs.org/glob-parent set size:undefined disposed:false
153 silly fetch manifest fast-deep-equal@^3.1.3
154 silly packumentCache full:https://registry.npmjs.org/fast-deep-equal cache-miss
155 http fetch GET 200 https://registry.npmjs.org/imurmurhash 42ms (cache miss)
156 silly packumentCache full:https://registry.npmjs.org/imurmurhash set size:undefined disposed:false
157 silly fetch manifest natural-compare@^1.4.0
158 silly packumentCache full:https://registry.npmjs.org/natural-compare cache-miss
159 http fetch GET 200 https://registry.npmjs.org/cross-spawn 49ms (cache miss)
160 silly packumentCache full:https://registry.npmjs.org/cross-spawn set size:undefined disposed:false
161 silly fetch manifest @eslint/eslintrc@^3.3.6
162 silly packumentCache full:https://registry.npmjs.org/@eslint%2feslintrc cache-miss
163 http fetch GET 200 https://registry.npmjs.org/ajv 212ms (cache miss)
164 silly packumentCache full:https://registry.npmjs.org/ajv set size:undefined disposed:false
165 silly fetch manifest file-entry-cache@^8.0.0
166 silly packumentCache full:https://registry.npmjs.org/file-entry-cache cache-miss
167 http fetch GET 200 https://registry.npmjs.org/lodash.merge 41ms (cache miss)
168 silly packumentCache full:https://registry.npmjs.org/lodash.merge set size:undefined disposed:false
169 silly fetch manifest @eslint/plugin-kit@^0.4.1
170 silly packumentCache full:https://registry.npmjs.org/@eslint%2fplugin-kit cache-miss
171 http fetch GET 200 https://registry.npmjs.org/eslint-scope 45ms (cache miss)
172 silly packumentCache full:https://registry.npmjs.org/eslint-scope set size:undefined disposed:false
173 silly fetch manifest eslint-visitor-keys@^4.2.1
174 silly packumentCache full:https://registry.npmjs.org/eslint-visitor-keys cache-miss
175 http fetch GET 200 https://registry.npmjs.org/@eslint%2fcore 51ms (cache miss)
176 silly packumentCache full:https://registry.npmjs.org/@eslint%2fcore set size:undefined disposed:false
177 silly fetch manifest @eslint/config-array@^0.21.2
178 silly packumentCache full:https://registry.npmjs.org/@eslint%2fconfig-array cache-miss
179 http fetch GET 200 https://registry.npmjs.org/@humanfs%2fnode 52ms (cache miss)
180 silly packumentCache full:https://registry.npmjs.org/@humanfs%2fnode set size:undefined disposed:false
181 silly fetch manifest @humanwhocodes/retry@^0.4.2
182 silly packumentCache full:https://registry.npmjs.org/@humanwhocodes%2fretry cache-miss
183 http fetch GET 200 https://registry.npmjs.org/fast-deep-equal 41ms (cache miss)
184 silly packumentCache full:https://registry.npmjs.org/fast-deep-equal set size:undefined disposed:false
185 silly fetch manifest escape-string-regexp@^4.0.0
186 silly packumentCache full:https://registry.npmjs.org/escape-string-regexp cache-miss
187 http fetch GET 200 https://registry.npmjs.org/@types%2festree 51ms (cache miss)
188 silly packumentCache full:https://registry.npmjs.org/@types%2festree set size:undefined disposed:false
189 silly fetch manifest @eslint/config-helpers@^0.4.2
190 silly packumentCache full:https://registry.npmjs.org/@eslint%2fconfig-helpers cache-miss
191 http fetch GET 200 https://registry.npmjs.org/natural-compare 41ms (cache miss)
192 silly packumentCache full:https://registry.npmjs.org/natural-compare set size:undefined disposed:false
193 silly fetch manifest @eslint-community/regexpp@^4.12.1
194 silly packumentCache full:https://registry.npmjs.org/@eslint-community%2fregexpp cache-miss
195 http fetch GET 200 https://registry.npmjs.org/file-entry-cache 46ms (cache miss)
196 silly packumentCache full:https://registry.npmjs.org/file-entry-cache set size:undefined disposed:false
197 silly fetch manifest @eslint-community/eslint-utils@^4.8.0
198 silly packumentCache full:https://registry.npmjs.org/@eslint-community%2feslint-utils cache-miss
199 http fetch GET 200 https://registry.npmjs.org/@eslint%2feslintrc 67ms (cache miss)
200 silly packumentCache full:https://registry.npmjs.org/@eslint%2feslintrc set size:undefined disposed:false
201 silly fetch manifest @humanwhocodes/module-importer@^1.0.1
202 silly packumentCache full:https://registry.npmjs.org/@humanwhocodes%2fmodule-importer cache-miss
203 http fetch GET 200 https://registry.npmjs.org/escape-string-regexp 37ms (cache miss)
204 silly packumentCache full:https://registry.npmjs.org/escape-string-regexp set size:undefined disposed:false
205 silly fetch manifest json-stable-stringify-without-jsonify@^1.0.1
206 silly packumentCache full:https://registry.npmjs.org/json-stable-stringify-without-jsonify cache-miss
207 http fetch GET 200 https://registry.npmjs.org/eslint-visitor-keys 59ms (cache miss)
208 silly packumentCache full:https://registry.npmjs.org/eslint-visitor-keys set size:undefined disposed:false
209 silly fetch manifest globals@16.4.0
210 silly packumentCache full:https://registry.npmjs.org/globals cache-miss
211 http fetch GET 200 https://registry.npmjs.org/@humanwhocodes%2fretry 51ms (cache miss)
212 silly packumentCache full:https://registry.npmjs.org/@humanwhocodes%2fretry set size:undefined disposed:false
213 silly fetch manifest typescript-eslint@^8.46.0
214 silly packumentCache full:https://registry.npmjs.org/typescript-eslint cache-miss
215 http fetch GET 200 https://registry.npmjs.org/@eslint%2fplugin-kit 65ms (cache miss)
216 silly packumentCache full:https://registry.npmjs.org/@eslint%2fplugin-kit set size:undefined disposed:false
217 silly fetch manifest eslint-plugin-react@^7.37.0
218 silly packumentCache full:https://registry.npmjs.org/eslint-plugin-react cache-miss
219 http fetch GET 200 https://registry.npmjs.org/@eslint%2fconfig-helpers 53ms (cache miss)
220 silly packumentCache full:https://registry.npmjs.org/@eslint%2fconfig-helpers set size:undefined disposed:false
221 silly fetch manifest eslint-plugin-import@^2.32.0
222 silly packumentCache full:https://registry.npmjs.org/eslint-plugin-import cache-miss
223 http fetch GET 200 https://registry.npmjs.org/@eslint-community%2fregexpp 58ms (cache miss)
224 silly packumentCache full:https://registry.npmjs.org/@eslint-community%2fregexpp set size:undefined disposed:false
225 silly fetch manifest eslint-plugin-jsx-a11y@^6.10.0
226 silly packumentCache full:https://registry.npmjs.org/eslint-plugin-jsx-a11y cache-miss
227 http fetch GET 200 https://registry.npmjs.org/json-stable-stringify-without-jsonify 34ms (cache miss)
228 silly packumentCache full:https://registry.npmjs.org/json-stable-stringify-without-jsonify set size:undefined disposed:false
229 silly fetch manifest @next/eslint-plugin-next@16.2.12
230 silly packumentCache full:https://registry.npmjs.org/@next%2feslint-plugin-next cache-miss
231 http fetch GET 200 https://registry.npmjs.org/@eslint-community%2feslint-utils 60ms (cache miss)
232 silly packumentCache full:https://registry.npmjs.org/@eslint-community%2feslint-utils set size:undefined disposed:false
233 silly fetch manifest eslint-plugin-react-hooks@^7.0.0
234 silly packumentCache full:https://registry.npmjs.org/eslint-plugin-react-hooks cache-miss
235 http fetch GET 200 https://registry.npmjs.org/@humanwhocodes%2fmodule-importer 55ms (cache miss)
236 silly packumentCache full:https://registry.npmjs.org/@humanwhocodes%2fmodule-importer set size:undefined disposed:false
237 silly fetch manifest eslint-import-resolver-node@^0.3.6
238 silly packumentCache full:https://registry.npmjs.org/eslint-import-resolver-node cache-miss
239 http fetch GET 200 https://registry.npmjs.org/globals 48ms (cache miss)
240 silly packumentCache full:https://registry.npmjs.org/globals set size:undefined disposed:false
241 silly fetch manifest eslint-import-resolver-typescript@^3.5.2
242 silly packumentCache full:https://registry.npmjs.org/eslint-import-resolver-typescript cache-miss
243 http fetch GET 200 https://registry.npmjs.org/eslint-plugin-react 87ms (cache miss)
244 silly packumentCache full:https://registry.npmjs.org/eslint-plugin-react set size:undefined disposed:false
245 silly fetch manifest postcss@8.4.31
246 silly packumentCache full:https://registry.npmjs.org/postcss cache-miss
247 http fetch GET 200 https://registry.npmjs.org/eslint-import-resolver-node 46ms (cache miss)
248 silly packumentCache full:https://registry.npmjs.org/eslint-import-resolver-node set size:undefined disposed:false
249 silly fetch manifest @next/env@16.2.12
250 silly packumentCache full:https://registry.npmjs.org/@next%2fenv cache-miss
251 http fetch GET 200 https://registry.npmjs.org/eslint-import-resolver-typescript 49ms (cache miss)
252 silly packumentCache full:https://registry.npmjs.org/eslint-import-resolver-typescript set size:undefined disposed:false
253 silly fetch manifest styled-jsx@5.1.6
254 silly packumentCache full:https://registry.npmjs.org/styled-jsx cache-miss
255 http fetch GET 200 https://registry.npmjs.org/styled-jsx 56ms (cache miss)
256 silly packumentCache full:https://registry.npmjs.org/styled-jsx set size:undefined disposed:false
257 silly fetch manifest @swc/helpers@0.5.15
258 silly packumentCache full:https://registry.npmjs.org/@swc%2fhelpers cache-miss
259 http fetch GET 200 https://registry.npmjs.org/postcss 75ms (cache miss)
260 silly packumentCache full:https://registry.npmjs.org/postcss set size:undefined disposed:false
261 silly fetch manifest caniuse-lite@^1.0.30001579
262 silly packumentCache full:https://registry.npmjs.org/caniuse-lite cache-miss
263 http fetch GET 200 https://registry.npmjs.org/@eslint%2fconfig-array 333ms (cache miss)
264 silly packumentCache full:https://registry.npmjs.org/@eslint%2fconfig-array set size:undefined disposed:false
265 silly fetch manifest baseline-browser-mapping@^2.9.19
266 silly packumentCache full:https://registry.npmjs.org/baseline-browser-mapping cache-miss
267 http fetch GET 200 https://registry.npmjs.org/caniuse-lite 269ms (cache miss)
268 silly packumentCache full:https://registry.npmjs.org/caniuse-lite set size:undefined disposed:false
269 silly fetch manifest sharp@^0.34.5
270 silly packumentCache full:https://registry.npmjs.org/sharp cache-miss
271 http fetch GET 200 https://registry.npmjs.org/eslint-plugin-import 452ms (cache miss)
272 silly packumentCache full:https://registry.npmjs.org/eslint-plugin-import set size:undefined disposed:false
273 silly fetch manifest @next/swc-darwin-x64@16.2.12
274 silly packumentCache full:https://registry.npmjs.org/@next%2fswc-darwin-x64 cache-miss
275 http fetch GET 200 https://registry.npmjs.org/@next%2feslint-plugin-next 443ms (cache miss)
276 silly packumentCache full:https://registry.npmjs.org/@next%2feslint-plugin-next set size:undefined disposed:false
277 silly fetch manifest @next/swc-darwin-arm64@16.2.12
278 silly packumentCache full:https://registry.npmjs.org/@next%2fswc-darwin-arm64 cache-miss
279 http fetch GET 200 https://registry.npmjs.org/eslint-plugin-react-hooks 448ms (cache miss)
280 silly packumentCache full:https://registry.npmjs.org/eslint-plugin-react-hooks set size:undefined disposed:false
281 silly fetch manifest @next/swc-linux-x64-gnu@16.2.12
282 silly packumentCache full:https://registry.npmjs.org/@next%2fswc-linux-x64-gnu cache-miss
283 http fetch GET 200 https://registry.npmjs.org/sharp 88ms (cache miss)
284 silly packumentCache full:https://registry.npmjs.org/sharp set size:undefined disposed:false
285 silly fetch manifest @next/swc-linux-x64-musl@16.2.12
286 silly packumentCache full:https://registry.npmjs.org/@next%2fswc-linux-x64-musl cache-miss
287 http fetch GET 200 https://registry.npmjs.org/@swc%2fhelpers 409ms (cache miss)
288 silly packumentCache full:https://registry.npmjs.org/@swc%2fhelpers set size:undefined disposed:false
289 silly fetch manifest @next/swc-win32-x64-msvc@16.2.12
290 silly packumentCache full:https://registry.npmjs.org/@next%2fswc-win32-x64-msvc cache-miss
291 http fetch GET 200 https://registry.npmjs.org/@next%2fenv 692ms (cache miss)
292 silly packumentCache full:https://registry.npmjs.org/@next%2fenv set size:undefined disposed:false
293 silly fetch manifest @next/swc-linux-arm64-gnu@16.2.12
294 silly packumentCache full:https://registry.npmjs.org/@next%2fswc-linux-arm64-gnu cache-miss
295 http fetch GET 200 https://registry.npmjs.org/baseline-browser-mapping 569ms (cache miss)
296 silly packumentCache full:https://registry.npmjs.org/baseline-browser-mapping set size:undefined disposed:false
297 silly fetch manifest @next/swc-linux-arm64-musl@16.2.12
298 silly packumentCache full:https://registry.npmjs.org/@next%2fswc-linux-arm64-musl cache-miss
299 http fetch GET 200 https://registry.npmjs.org/@next%2fswc-darwin-x64 418ms (cache miss)
300 silly packumentCache full:https://registry.npmjs.org/@next%2fswc-darwin-x64 set size:undefined disposed:false
301 silly fetch manifest @next/swc-win32-arm64-msvc@16.2.12
302 silly packumentCache full:https://registry.npmjs.org/@next%2fswc-win32-arm64-msvc cache-miss
303 http fetch GET 200 https://registry.npmjs.org/@next%2fswc-linux-x64-gnu 400ms (cache miss)
304 silly packumentCache full:https://registry.npmjs.org/@next%2fswc-linux-x64-gnu set size:undefined disposed:false
305 silly fetch manifest scheduler@^0.27.0
306 silly packumentCache full:https://registry.npmjs.org/scheduler cache-miss
307 http fetch GET 200 https://registry.npmjs.org/@next%2fswc-linux-x64-musl 433ms (cache miss)
308 silly packumentCache full:https://registry.npmjs.org/@next%2fswc-linux-x64-musl set size:undefined disposed:false
309 http fetch GET 200 https://registry.npmjs.org/@next%2fswc-win32-x64-msvc 453ms (cache miss)
310 silly packumentCache full:https://registry.npmjs.org/@next%2fswc-win32-x64-msvc set size:undefined disposed:false
311 http fetch GET 200 https://registry.npmjs.org/eslint-plugin-jsx-a11y 1030ms (cache miss)
312 silly packumentCache full:https://registry.npmjs.org/eslint-plugin-jsx-a11y set size:undefined disposed:false
313 http fetch GET 200 https://registry.npmjs.org/typescript-eslint 1064ms (cache miss)
314 silly packumentCache full:https://registry.npmjs.org/typescript-eslint set size:undefined disposed:false
315 http fetch GET 200 https://registry.npmjs.org/@next%2fswc-linux-arm64-gnu 409ms (cache miss)
316 silly packumentCache full:https://registry.npmjs.org/@next%2fswc-linux-arm64-gnu set size:undefined disposed:false
317 http fetch GET 200 https://registry.npmjs.org/@next%2fswc-win32-arm64-msvc 331ms (cache miss)
318 silly packumentCache full:https://registry.npmjs.org/@next%2fswc-win32-arm64-msvc set size:undefined disposed:false
319 http fetch GET 200 https://registry.npmjs.org/scheduler 379ms (cache miss)
320 silly packumentCache full:https://registry.npmjs.org/scheduler set size:undefined disposed:false
321 http fetch GET 200 https://registry.npmjs.org/@next%2fswc-darwin-arm64 1159ms (cache miss)
322 silly packumentCache full:https://registry.npmjs.org/@next%2fswc-darwin-arm64 set size:undefined disposed:false
323 http fetch GET 200 https://registry.npmjs.org/@next%2fswc-linux-arm64-musl 1060ms (cache miss)
324 silly packumentCache full:https://registry.npmjs.org/@next%2fswc-linux-arm64-musl set size:undefined disposed:false
325 silly placeDep ROOT undici-types@7.18.2 OK for: @types/node@24.13.3 want: ~7.18.0
326 silly placeDep ROOT csstype@3.2.3 OK for: @types/react@19.2.18 want: ^3.2.2
327 silly fetch manifest eslint@^6.0.0 || ^7.0.0 || >=8.0.0
328 silly packumentCache full:https://registry.npmjs.org/eslint cache-miss
329 http cache https://registry.npmjs.org/eslint 8ms (cache hit)
330 silly packumentCache full:https://registry.npmjs.org/eslint set size:2040662 disposed:false
331 silly placeDep ROOT @eslint-community/eslint-utils@4.10.1 OK for: eslint@9.39.5 want: ^4.8.0
332 silly placeDep ROOT @eslint-community/regexpp@4.12.2 OK for: eslint@9.39.5 want: ^4.12.1
333 silly placeDep ROOT @eslint/config-array@0.21.2 OK for: eslint@9.39.5 want: ^0.21.2
334 silly placeDep ROOT @eslint/config-helpers@0.4.2 OK for: eslint@9.39.5 want: ^0.4.2
335 silly placeDep ROOT @eslint/core@0.17.0 OK for: eslint@9.39.5 want: ^0.17.0
336 silly placeDep ROOT @eslint/eslintrc@3.3.6 OK for: eslint@9.39.5 want: ^3.3.6
337 silly placeDep ROOT @eslint/js@9.39.5 OK for: eslint@9.39.5 want: 9.39.5
338 silly placeDep ROOT @eslint/plugin-kit@0.4.1 OK for: eslint@9.39.5 want: ^0.4.1
339 silly placeDep ROOT @humanfs/node@0.16.8 OK for: eslint@9.39.5 want: ^0.16.6
340 silly placeDep ROOT @humanwhocodes/module-importer@1.0.1 OK for: eslint@9.39.5 want: ^1.0.1
341 silly placeDep ROOT @humanwhocodes/retry@0.4.3 OK for: eslint@9.39.5 want: ^0.4.2
342 silly placeDep ROOT @types/estree@1.0.9 OK for: eslint@9.39.5 want: ^1.0.6
343 silly placeDep ROOT ajv@6.15.0 OK for: eslint@9.39.5 want: ^6.14.0
344 silly placeDep ROOT chalk@4.1.2 OK for: eslint@9.39.5 want: ^4.0.0
345 silly placeDep ROOT cross-spawn@7.0.6 OK for: eslint@9.39.5 want: ^7.0.6
346 silly placeDep ROOT debug@4.4.3 OK for: eslint@9.39.5 want: ^4.3.2
347 silly placeDep ROOT escape-string-regexp@4.0.0 OK for: eslint@9.39.5 want: ^4.0.0
348 silly placeDep ROOT eslint-scope@8.4.0 OK for: eslint@9.39.5 want: ^8.4.0
349 silly placeDep ROOT eslint-visitor-keys@4.2.1 OK for: eslint@9.39.5 want: ^4.2.1
350 silly placeDep ROOT espree@10.4.0 OK for: eslint@9.39.5 want: ^10.4.0
351 silly placeDep ROOT esquery@1.7.0 OK for: eslint@9.39.5 want: ^1.5.0
352 silly placeDep ROOT esutils@2.0.3 OK for: eslint@9.39.5 want: ^2.0.2
353 silly placeDep ROOT fast-deep-equal@3.1.3 OK for: eslint@9.39.5 want: ^3.1.3
354 silly placeDep ROOT file-entry-cache@8.0.0 OK for: eslint@9.39.5 want: ^8.0.0
355 silly placeDep ROOT find-up@5.0.0 OK for: eslint@9.39.5 want: ^5.0.0
356 silly placeDep ROOT glob-parent@6.0.2 OK for: eslint@9.39.5 want: ^6.0.2
357 silly placeDep ROOT ignore@5.3.2 OK for: eslint@9.39.5 want: ^5.2.0
358 silly placeDep ROOT imurmurhash@0.1.4 OK for: eslint@9.39.5 want: ^0.1.4
359 silly placeDep ROOT is-glob@4.0.3 OK for: eslint@9.39.5 want: ^4.0.0
360 silly placeDep ROOT json-stable-stringify-without-jsonify@1.0.1 OK for: eslint@9.39.5 want: ^1.0.1
361 silly placeDep ROOT lodash.merge@4.6.2 OK for: eslint@9.39.5 want: ^4.6.2
362 silly placeDep ROOT minimatch@3.1.5 OK for: eslint@9.39.5 want: ^3.1.5
363 silly placeDep ROOT natural-compare@1.4.0 OK for: eslint@9.39.5 want: ^1.4.0
364 silly placeDep ROOT optionator@0.9.4 OK for: eslint@9.39.5 want: ^0.9.3
365 silly fetch manifest eslint-visitor-keys@^3.4.3
366 silly packumentCache full:https://registry.npmjs.org/eslint-visitor-keys cache-miss
367 silly fetch manifest debug@^4.3.1
368 silly packumentCache full:https://registry.npmjs.org/debug cache-miss
369 silly fetch manifest @eslint/object-schema@^2.1.7
370 silly packumentCache full:https://registry.npmjs.org/@eslint%2fobject-schema cache-miss
371 silly fetch manifest @types/json-schema@^7.0.15
372 silly packumentCache full:https://registry.npmjs.org/@types%2fjson-schema cache-miss
373 silly fetch manifest espree@^10.0.1
374 silly packumentCache full:https://registry.npmjs.org/espree cache-miss
375 silly fetch manifest globals@^14.0.0
376 silly packumentCache full:https://registry.npmjs.org/globals cache-miss
377 silly fetch manifest import-fresh@^3.2.1
378 silly packumentCache full:https://registry.npmjs.org/import-fresh cache-miss
379 silly fetch manifest js-yaml@^4.3.0
380 silly packumentCache full:https://registry.npmjs.org/js-yaml cache-miss
381 silly fetch manifest strip-json-comments@^3.1.1
382 silly packumentCache full:https://registry.npmjs.org/strip-json-comments cache-miss
383 http cache https://registry.npmjs.org/globals 3ms (cache hit)
384 silly packumentCache full:https://registry.npmjs.org/globals set size:327383 disposed:false
385 silly fetch manifest levn@^0.4.1
386 silly packumentCache full:https://registry.npmjs.org/levn cache-miss
387 http cache https://registry.npmjs.org/espree 4ms (cache hit)
388 silly packumentCache full:https://registry.npmjs.org/espree set size:326080 disposed:false
389 silly fetch manifest @humanwhocodes/retry@^0.4.0
390 silly packumentCache full:https://registry.npmjs.org/@humanwhocodes%2fretry cache-miss
391 http cache https://registry.npmjs.org/eslint-visitor-keys 7ms (cache hit)
392 silly packumentCache full:https://registry.npmjs.org/eslint-visitor-keys set size:69949 disposed:false
393 silly fetch manifest @humanfs/core@^0.19.2
394 silly packumentCache full:https://registry.npmjs.org/@humanfs%2fcore cache-miss
395 http cache https://registry.npmjs.org/debug 8ms (cache hit)
396 silly packumentCache full:https://registry.npmjs.org/debug set size:195840 disposed:false
397 silly fetch manifest @humanfs/types@^0.15.0
398 silly packumentCache full:https://registry.npmjs.org/@humanfs%2ftypes cache-miss
399 http cache https://registry.npmjs.org/@humanwhocodes%2fretry 3ms (cache hit)
400 silly packumentCache full:https://registry.npmjs.org/@humanwhocodes%2fretry set size:42348 disposed:false
401 silly fetch manifest uri-js@^4.2.2
402 silly packumentCache full:https://registry.npmjs.org/uri-js cache-miss
403 http fetch GET 200 https://registry.npmjs.org/levn 39ms (cache miss)
404 silly packumentCache full:https://registry.npmjs.org/levn set size:undefined disposed:false
405 silly fetch manifest fast-deep-equal@^3.1.1
406 silly packumentCache full:https://registry.npmjs.org/fast-deep-equal cache-miss
407 http fetch GET 200 https://registry.npmjs.org/@types%2fjson-schema 43ms (cache miss)
408 silly packumentCache full:https://registry.npmjs.org/@types%2fjson-schema set size:undefined disposed:false
409 silly fetch manifest json-schema-traverse@^0.4.1
410 silly packumentCache full:https://registry.npmjs.org/json-schema-traverse cache-miss
411 http cache https://registry.npmjs.org/fast-deep-equal 2ms (cache hit)
412 silly packumentCache full:https://registry.npmjs.org/fast-deep-equal set size:48634 disposed:false
413 silly fetch manifest fast-json-stable-stringify@^2.0.0
414 silly packumentCache full:https://registry.npmjs.org/fast-json-stable-stringify cache-miss
415 http fetch GET 200 https://registry.npmjs.org/strip-json-comments 51ms (cache miss)
416 silly packumentCache full:https://registry.npmjs.org/strip-json-comments set size:undefined disposed:false
417 silly fetch manifest ansi-styles@^4.1.0
418 silly packumentCache full:https://registry.npmjs.org/ansi-styles cache-miss
419 http fetch GET 200 https://registry.npmjs.org/uri-js 43ms (cache miss)
420 silly packumentCache full:https://registry.npmjs.org/uri-js set size:undefined disposed:false
421 silly fetch manifest supports-color@^7.1.0
422 silly packumentCache full:https://registry.npmjs.org/supports-color cache-miss
423 http fetch GET 200 https://registry.npmjs.org/import-fresh 54ms (cache miss)
424 silly packumentCache full:https://registry.npmjs.org/import-fresh set size:undefined disposed:false
425 silly fetch manifest which@^2.0.1
426 silly packumentCache full:https://registry.npmjs.org/which cache-miss
427 http fetch GET 200 https://registry.npmjs.org/@eslint%2fobject-schema 59ms (cache miss)
428 silly packumentCache full:https://registry.npmjs.org/@eslint%2fobject-schema set size:undefined disposed:false
429 silly fetch manifest path-key@^3.1.0
430 silly packumentCache full:https://registry.npmjs.org/path-key cache-miss
431 http fetch GET 200 https://registry.npmjs.org/js-yaml 59ms (cache miss)
432 silly packumentCache full:https://registry.npmjs.org/js-yaml set size:undefined disposed:false
433 silly fetch manifest shebang-command@^2.0.0
434 silly packumentCache full:https://registry.npmjs.org/shebang-command cache-miss
435 http fetch GET 200 https://registry.npmjs.org/@humanfs%2ftypes 52ms (cache miss)
436 silly packumentCache full:https://registry.npmjs.org/@humanfs%2ftypes set size:undefined disposed:false
437 silly fetch manifest ms@^2.1.3
438 silly packumentCache full:https://registry.npmjs.org/ms cache-miss
439 http fetch GET 200 https://registry.npmjs.org/@humanfs%2fcore 57ms (cache miss)
440 silly packumentCache full:https://registry.npmjs.org/@humanfs%2fcore set size:undefined disposed:false
441 silly fetch manifest esrecurse@^4.3.0
442 silly packumentCache full:https://registry.npmjs.org/esrecurse cache-miss
443 http fetch GET 200 https://registry.npmjs.org/json-schema-traverse 33ms (cache miss)
444 silly packumentCache full:https://registry.npmjs.org/json-schema-traverse set size:undefined disposed:false
445 silly fetch manifest estraverse@^5.2.0
446 silly packumentCache full:https://registry.npmjs.org/estraverse cache-miss
447 http fetch GET 200 https://registry.npmjs.org/fast-json-stable-stringify 34ms (cache miss)
448 silly packumentCache full:https://registry.npmjs.org/fast-json-stable-stringify set size:undefined disposed:false
449 silly fetch manifest acorn@^8.15.0
450 silly packumentCache full:https://registry.npmjs.org/acorn cache-miss
451 http fetch GET 200 https://registry.npmjs.org/supports-color 44ms (cache miss)
452 silly packumentCache full:https://registry.npmjs.org/supports-color set size:undefined disposed:false
453 silly fetch manifest acorn-jsx@^5.3.2
454 silly packumentCache full:https://registry.npmjs.org/acorn-jsx cache-miss
455 http fetch GET 200 https://registry.npmjs.org/path-key 39ms (cache miss)
456 silly packumentCache full:https://registry.npmjs.org/path-key set size:undefined disposed:false
457 silly fetch manifest estraverse@^5.1.0
458 silly packumentCache full:https://registry.npmjs.org/estraverse cache-miss
459 http fetch GET 200 https://registry.npmjs.org/ansi-styles 46ms (cache miss)
460 silly packumentCache full:https://registry.npmjs.org/ansi-styles set size:undefined disposed:false
461 silly fetch manifest flat-cache@^4.0.0
462 silly packumentCache full:https://registry.npmjs.org/flat-cache cache-miss
463 http fetch GET 200 https://registry.npmjs.org/shebang-command 40ms (cache miss)
464 silly packumentCache full:https://registry.npmjs.org/shebang-command set size:undefined disposed:false
465 silly fetch manifest locate-path@^6.0.0
466 silly packumentCache full:https://registry.npmjs.org/locate-path cache-miss
467 http fetch GET 200 https://registry.npmjs.org/esrecurse 41ms (cache miss)
468 silly packumentCache full:https://registry.npmjs.org/esrecurse set size:undefined disposed:false
469 silly fetch manifest path-exists@^4.0.0
470 silly packumentCache full:https://registry.npmjs.org/path-exists cache-miss
471 http fetch GET 200 https://registry.npmjs.org/which 51ms (cache miss)
472 silly packumentCache full:https://registry.npmjs.org/which set size:undefined disposed:false
473 silly fetch manifest is-glob@^4.0.3
474 silly packumentCache full:https://registry.npmjs.org/is-glob cache-miss
475 http cache https://registry.npmjs.org/is-glob 2ms (cache hit)
476 silly packumentCache full:https://registry.npmjs.org/is-glob set size:40530 disposed:false
477 silly fetch manifest is-extglob@^2.1.1
478 silly packumentCache full:https://registry.npmjs.org/is-extglob cache-miss
479 http fetch GET 200 https://registry.npmjs.org/estraverse 35ms (cache miss)
480 silly packumentCache full:https://registry.npmjs.org/estraverse set size:undefined disposed:false
481 silly fetch manifest brace-expansion@^1.1.7
482 silly packumentCache full:https://registry.npmjs.org/brace-expansion cache-miss
483 http fetch GET 200 https://registry.npmjs.org/acorn 59ms (cache miss)
484 silly packumentCache full:https://registry.npmjs.org/acorn set size:undefined disposed:false
485 silly fetch manifest prelude-ls@^1.2.1
486 silly packumentCache full:https://registry.npmjs.org/prelude-ls cache-miss
487 http fetch GET 200 https://registry.npmjs.org/estraverse 45ms (cache miss)
488 silly packumentCache full:https://registry.npmjs.org/estraverse set size:undefined disposed:false
489 silly fetch manifest deep-is@^0.1.3
490 silly packumentCache full:https://registry.npmjs.org/deep-is cache-miss
491 http fetch GET 200 https://registry.npmjs.org/flat-cache 46ms (cache miss)
492 silly packumentCache full:https://registry.npmjs.org/flat-cache set size:undefined disposed:false
493 silly fetch manifest word-wrap@^1.2.5
494 silly packumentCache full:https://registry.npmjs.org/word-wrap cache-miss
495 http fetch GET 200 https://registry.npmjs.org/acorn-jsx 50ms (cache miss)
496 silly packumentCache full:https://registry.npmjs.org/acorn-jsx set size:undefined disposed:false
497 silly fetch manifest type-check@^0.4.0
498 silly packumentCache full:https://registry.npmjs.org/type-check cache-miss
499 http fetch GET 200 https://registry.npmjs.org/path-exists 44ms (cache miss)
500 silly packumentCache full:https://registry.npmjs.org/path-exists set size:undefined disposed:false
501 silly fetch manifest fast-levenshtein@^2.0.6
502 silly packumentCache full:https://registry.npmjs.org/fast-levenshtein cache-miss
503 http fetch GET 200 https://registry.npmjs.org/locate-path 49ms (cache miss)
504 silly packumentCache full:https://registry.npmjs.org/locate-path set size:undefined disposed:false
505 http fetch GET 200 https://registry.npmjs.org/is-extglob 43ms (cache miss)
506 silly packumentCache full:https://registry.npmjs.org/is-extglob set size:undefined disposed:false
507 http fetch GET 200 https://registry.npmjs.org/brace-expansion 38ms (cache miss)
508 silly packumentCache full:https://registry.npmjs.org/brace-expansion set size:undefined disposed:false
509 http fetch GET 200 https://registry.npmjs.org/prelude-ls 37ms (cache miss)
510 silly packumentCache full:https://registry.npmjs.org/prelude-ls set size:undefined disposed:false
511 http fetch GET 200 https://registry.npmjs.org/fast-levenshtein 36ms (cache miss)
512 silly packumentCache full:https://registry.npmjs.org/fast-levenshtein set size:undefined disposed:false
513 http fetch GET 200 https://registry.npmjs.org/word-wrap 39ms (cache miss)
514 silly packumentCache full:https://registry.npmjs.org/word-wrap set size:undefined disposed:false
515 http fetch GET 200 https://registry.npmjs.org/deep-is 43ms (cache miss)
516 silly packumentCache full:https://registry.npmjs.org/deep-is set size:undefined disposed:false
517 http fetch GET 200 https://registry.npmjs.org/type-check 39ms (cache miss)
518 silly packumentCache full:https://registry.npmjs.org/type-check set size:undefined disposed:false
519 http fetch GET 200 https://registry.npmjs.org/ms 271ms (cache miss)
520 silly packumentCache full:https://registry.npmjs.org/ms set size:undefined disposed:false
521 silly placeDep node_modules/@eslint-community/eslint-utils eslint-visitor-keys@3.4.3 OK for: @eslint-community/eslint-utils@4.10.1 want: ^3.4.3
522 silly placeDep ROOT @eslint/object-schema@2.1.7 OK for: @eslint/config-array@0.21.2 want: ^2.1.7
523 silly placeDep ROOT @types/json-schema@7.0.15 OK for: @eslint/core@0.17.0 want: ^7.0.15
524 silly placeDep ROOT globals@14.0.0 OK for: @eslint/eslintrc@3.3.6 want: ^14.0.0
525 silly placeDep ROOT import-fresh@3.3.1 OK for: @eslint/eslintrc@3.3.6 want: ^3.2.1
526 silly placeDep ROOT js-yaml@4.3.1 OK for: @eslint/eslintrc@3.3.6 want: ^4.3.0
527 silly placeDep ROOT strip-json-comments@3.1.1 OK for: @eslint/eslintrc@3.3.6 want: ^3.1.1
528 silly fetch manifest resolve-from@^4.0.0
529 silly packumentCache full:https://registry.npmjs.org/resolve-from cache-miss
530 silly fetch manifest parent-module@^1.0.0
531 silly packumentCache full:https://registry.npmjs.org/parent-module cache-miss
532 silly fetch manifest argparse@^2.0.1
533 silly packumentCache full:https://registry.npmjs.org/argparse cache-miss
534 http fetch GET 200 https://registry.npmjs.org/resolve-from 46ms (cache miss)
535 silly packumentCache full:https://registry.npmjs.org/resolve-from set size:undefined disposed:false
536 http fetch GET 200 https://registry.npmjs.org/argparse 51ms (cache miss)
537 silly packumentCache full:https://registry.npmjs.org/argparse set size:undefined disposed:false
538 http fetch GET 200 https://registry.npmjs.org/parent-module 53ms (cache miss)
539 silly packumentCache full:https://registry.npmjs.org/parent-module set size:undefined disposed:false
540 silly placeDep ROOT levn@0.4.1 OK for: @eslint/plugin-kit@0.4.1 want: ^0.4.1
541 silly fetch manifest type-check@~0.4.0
542 silly packumentCache full:https://registry.npmjs.org/type-check cache-miss
543 http cache https://registry.npmjs.org/type-check 2ms (cache hit)
544 silly packumentCache full:https://registry.npmjs.org/type-check set size:21221 disposed:false
545 silly placeDep ROOT @humanfs/core@0.19.2 OK for: @humanfs/node@0.16.8 want: ^0.19.2
546 silly placeDep ROOT @humanfs/types@0.15.0 OK for: @humanfs/node@0.16.8 want: ^0.15.0
547 silly placeDep ROOT fast-json-stable-stringify@2.1.0 OK for: ajv@6.15.0 want: ^2.0.0
548 silly placeDep ROOT json-schema-traverse@0.4.1 OK for: ajv@6.15.0 want: ^0.4.1
549 silly placeDep ROOT uri-js@4.4.1 OK for: ajv@6.15.0 want: ^4.2.2
550 silly fetch manifest punycode@^2.1.0
551 silly packumentCache full:https://registry.npmjs.org/punycode cache-miss
552 http fetch GET 200 https://registry.npmjs.org/punycode 39ms (cache miss)
553 silly packumentCache full:https://registry.npmjs.org/punycode set size:undefined disposed:false
554 silly placeDep ROOT ansi-styles@4.3.0 OK for: chalk@4.1.2 want: ^4.1.0
555 silly placeDep ROOT supports-color@7.2.0 OK for: chalk@4.1.2 want: ^7.1.0
556 silly fetch manifest color-convert@^2.0.1
557 silly packumentCache full:https://registry.npmjs.org/color-convert cache-miss
558 silly fetch manifest has-flag@^4.0.0
559 silly packumentCache full:https://registry.npmjs.org/has-flag cache-miss
560 http fetch GET 200 https://registry.npmjs.org/color-convert 36ms (cache miss)
561 silly packumentCache full:https://registry.npmjs.org/color-convert set size:undefined disposed:false
562 http fetch GET 200 https://registry.npmjs.org/has-flag 41ms (cache miss)
563 silly packumentCache full:https://registry.npmjs.org/has-flag set size:undefined disposed:false
564 silly placeDep ROOT color-convert@2.0.1 OK for: ansi-styles@4.3.0 want: ^2.0.1
565 silly fetch manifest color-name@~1.1.4
566 silly packumentCache full:https://registry.npmjs.org/color-name cache-miss
567 http fetch GET 200 https://registry.npmjs.org/color-name 39ms (cache miss)
568 silly packumentCache full:https://registry.npmjs.org/color-name set size:undefined disposed:false
569 silly placeDep ROOT color-name@1.1.4 OK for: color-convert@2.0.1 want: ~1.1.4
570 silly placeDep ROOT path-key@3.1.1 OK for: cross-spawn@7.0.6 want: ^3.1.0
571 silly placeDep ROOT shebang-command@2.0.0 OK for: cross-spawn@7.0.6 want: ^2.0.0
572 silly placeDep ROOT which@2.0.2 OK for: cross-spawn@7.0.6 want: ^2.0.1
573 silly fetch manifest shebang-regex@^3.0.0
574 silly packumentCache full:https://registry.npmjs.org/shebang-regex cache-miss
575 silly fetch manifest isexe@^2.0.0
576 silly packumentCache full:https://registry.npmjs.org/isexe cache-miss
577 http fetch GET 200 https://registry.npmjs.org/isexe 42ms (cache miss)
578 silly packumentCache full:https://registry.npmjs.org/isexe set size:undefined disposed:false
579 http fetch GET 200 https://registry.npmjs.org/shebang-regex 45ms (cache miss)
580 silly packumentCache full:https://registry.npmjs.org/shebang-regex set size:undefined disposed:false
581 silly placeDep ROOT ms@2.1.3 OK for: debug@4.4.3 want: ^2.1.3
582 silly fetch manifest eslint@>=9.0.0
583 silly packumentCache full:https://registry.npmjs.org/eslint cache-miss
584 http cache https://registry.npmjs.org/eslint 4ms (cache hit)
585 silly packumentCache full:https://registry.npmjs.org/eslint set size:2040662 disposed:false
586 silly fetch manifest typescript@>=3.3.1
587 silly packumentCache full:https://registry.npmjs.org/typescript cache-miss
588 http cache https://registry.npmjs.org/typescript 15ms (cache hit)
589 silly packumentCache full:https://registry.npmjs.org/typescript set size:15505578 disposed:false
590 silly fetch manifest typescript@>=4.8.4 <6.1.0
591 silly packumentCache full:https://registry.npmjs.org/typescript cache-miss
592 http cache https://registry.npmjs.org/typescript 13ms (cache hit)
593 silly packumentCache full:https://registry.npmjs.org/typescript set size:15505578 disposed:false
594 silly fetch manifest eslint@^3 || ^4 || ^5 || ^6 || ^7 || ^8 || ^9.7
595 silly packumentCache full:https://registry.npmjs.org/eslint cache-miss
596 http cache https://registry.npmjs.org/eslint 5ms (cache hit)
597 silly packumentCache full:https://registry.npmjs.org/eslint set size:2040662 disposed:false
598 silly fetch manifest eslint@^2 || ^3 || ^4 || ^5 || ^6 || ^7.2.0 || ^8 || ^9
599 silly packumentCache full:https://registry.npmjs.org/eslint cache-miss
600 http cache https://registry.npmjs.org/eslint 2ms (cache hit)
601 silly packumentCache full:https://registry.npmjs.org/eslint set size:2040662 disposed:false
602 silly fetch manifest eslint@^3 || ^4 || ^5 || ^6 || ^7 || ^8 || ^9
603 silly packumentCache full:https://registry.npmjs.org/eslint cache-miss
604 http cache https://registry.npmjs.org/eslint 2ms (cache hit)
605 silly packumentCache full:https://registry.npmjs.org/eslint set size:2040662 disposed:false
606 silly fetch manifest eslint-plugin-import-x@*
607 silly packumentCache full:https://registry.npmjs.org/eslint-plugin-import-x cache-miss
608 http fetch GET 200 https://registry.npmjs.org/eslint-plugin-import-x 292ms (cache miss)
609 silly packumentCache full:https://registry.npmjs.org/eslint-plugin-import-x set size:undefined disposed:false
610 silly fetch manifest @typescript-eslint/utils@^8.56.0
611 silly packumentCache full:https://registry.npmjs.org/@typescript-eslint%2futils cache-miss
612 http fetch GET 200 https://registry.npmjs.org/@typescript-eslint%2futils 321ms (cache miss)
613 silly packumentCache full:https://registry.npmjs.org/@typescript-eslint%2futils set size:undefined disposed:false
614 silly placeDep ROOT @next/eslint-plugin-next@16.2.12 OK for: eslint-config-next@16.2.12 want: 16.2.12
615 silly placeDep ROOT eslint-import-resolver-node@0.3.10 OK for: eslint-config-next@16.2.12 want: ^0.3.6
616 silly placeDep ROOT eslint-import-resolver-typescript@3.10.1 OK for: eslint-config-next@16.2.12 want: ^3.5.2
617 silly placeDep ROOT eslint-plugin-import@2.32.0 OK for: eslint-config-next@16.2.12 want: ^2.32.0
618 silly placeDep ROOT eslint-plugin-jsx-a11y@6.10.2 OK for: eslint-config-next@16.2.12 want: ^6.10.0
619 silly placeDep ROOT eslint-plugin-react@7.37.5 OK for: eslint-config-next@16.2.12 want: ^7.37.0
620 silly placeDep ROOT eslint-plugin-react-hooks@7.1.1 OK for: eslint-config-next@16.2.12 want: ^7.0.0
621 silly placeDep node_modules/eslint-config-next globals@16.4.0 OK for: eslint-config-next@16.2.12 want: 16.4.0
622 silly placeDep ROOT typescript-eslint@8.65.0 OK for: eslint-config-next@16.2.12 want: ^8.46.0
623 silly fetch manifest fast-glob@3.3.1
624 silly packumentCache full:https://registry.npmjs.org/fast-glob cache-miss
625 silly fetch manifest debug@^3.2.7
626 silly packumentCache full:https://registry.npmjs.org/debug cache-hit
627 silly fetch manifest resolve@^2.0.0-next.6
628 silly packumentCache full:https://registry.npmjs.org/resolve cache-miss
629 silly fetch manifest is-core-module@^2.16.1
630 silly packumentCache full:https://registry.npmjs.org/is-core-module cache-miss
631 silly fetch manifest tinyglobby@^0.2.13
632 silly packumentCache full:https://registry.npmjs.org/tinyglobby cache-miss
633 silly fetch manifest stable-hash@^0.0.5
634 silly packumentCache full:https://registry.npmjs.org/stable-hash cache-miss
635 silly fetch manifest get-tsconfig@^4.10.0
636 silly packumentCache full:https://registry.npmjs.org/get-tsconfig cache-miss
637 silly fetch manifest is-bun-module@^2.0.0
638 silly packumentCache full:https://registry.npmjs.org/is-bun-module cache-miss
639 silly fetch manifest unrs-resolver@^1.6.2
640 silly packumentCache full:https://registry.npmjs.org/unrs-resolver cache-miss
641 silly fetch manifest @nolyfill/is-core-module@1.0.39
642 silly packumentCache full:https://registry.npmjs.org/@nolyfill%2fis-core-module cache-miss
643 http fetch GET 200 https://registry.npmjs.org/stable-hash 42ms (cache miss)
644 silly packumentCache full:https://registry.npmjs.org/stable-hash set size:undefined disposed:false
645 silly fetch manifest @rtsao/scc@^1.1.0
646 silly packumentCache full:https://registry.npmjs.org/@rtsao%2fscc cache-miss
647 http fetch GET 200 https://registry.npmjs.org/tinyglobby 45ms (cache miss)
648 silly packumentCache full:https://registry.npmjs.org/tinyglobby set size:undefined disposed:false
649 silly fetch manifest array-includes@^3.1.9
650 silly packumentCache full:https://registry.npmjs.org/array-includes cache-miss
651 http fetch GET 200 https://registry.npmjs.org/is-core-module 46ms (cache miss)
652 silly packumentCache full:https://registry.npmjs.org/is-core-module set size:undefined disposed:false
653 silly fetch manifest array.prototype.findlastindex@^1.2.6
654 silly packumentCache full:https://registry.npmjs.org/array.prototype.findlastindex cache-miss
655 http fetch GET 200 https://registry.npmjs.org/is-bun-module 48ms (cache miss)
656 silly packumentCache full:https://registry.npmjs.org/is-bun-module set size:undefined disposed:false
657 silly fetch manifest array.prototype.flat@^1.3.3
658 silly packumentCache full:https://registry.npmjs.org/array.prototype.flat cache-miss
659 http fetch GET 200 https://registry.npmjs.org/resolve 51ms (cache miss)
660 silly packumentCache full:https://registry.npmjs.org/resolve set size:undefined disposed:false
661 silly fetch manifest array.prototype.flatmap@^1.3.3
662 silly packumentCache full:https://registry.npmjs.org/array.prototype.flatmap cache-miss
663 http fetch GET 200 https://registry.npmjs.org/fast-glob 58ms (cache miss)
664 silly packumentCache full:https://registry.npmjs.org/fast-glob set size:undefined disposed:false
665 silly fetch manifest doctrine@^2.1.0
666 silly packumentCache full:https://registry.npmjs.org/doctrine cache-miss
667 http fetch GET 200 https://registry.npmjs.org/unrs-resolver 59ms (cache miss)
668 silly packumentCache full:https://registry.npmjs.org/unrs-resolver set size:undefined disposed:false
669 silly fetch manifest eslint-module-utils@^2.12.1
670 silly packumentCache full:https://registry.npmjs.org/eslint-module-utils cache-miss
671 http fetch GET 200 https://registry.npmjs.org/@nolyfill%2fis-core-module 68ms (cache miss)
672 silly packumentCache full:https://registry.npmjs.org/@nolyfill%2fis-core-module set size:undefined disposed:false
673 silly fetch manifest hasown@^2.0.2
674 silly packumentCache full:https://registry.npmjs.org/hasown cache-miss
675 http fetch GET 200 https://registry.npmjs.org/@rtsao%2fscc 39ms (cache miss)
676 silly packumentCache full:https://registry.npmjs.org/@rtsao%2fscc set size:undefined disposed:false
677 silly fetch manifest object.fromentries@^2.0.8
678 silly packumentCache full:https://registry.npmjs.org/object.fromentries cache-miss
679 http fetch GET 200 https://registry.npmjs.org/array.prototype.findlastindex 39ms (cache miss)
680 silly packumentCache full:https://registry.npmjs.org/array.prototype.findlastindex set size:undefined disposed:false
681 silly fetch manifest object.groupby@^1.0.3
682 silly packumentCache full:https://registry.npmjs.org/object.groupby cache-miss
683 http fetch GET 200 https://registry.npmjs.org/array.prototype.flatmap 39ms (cache miss)
684 silly packumentCache full:https://registry.npmjs.org/array.prototype.flatmap set size:undefined disposed:false
685 silly fetch manifest object.values@^1.2.1
686 silly packumentCache full:https://registry.npmjs.org/object.values cache-miss
687 http fetch GET 200 https://registry.npmjs.org/array.prototype.flat 42ms (cache miss)
688 silly packumentCache full:https://registry.npmjs.org/array.prototype.flat set size:undefined disposed:false
689 silly fetch manifest semver@^6.3.1
690 silly packumentCache full:https://registry.npmjs.org/semver cache-miss
691 http fetch GET 200 https://registry.npmjs.org/doctrine 44ms (cache miss)
692 silly packumentCache full:https://registry.npmjs.org/doctrine set size:undefined disposed:false
693 silly fetch manifest string.prototype.trimend@^1.0.9
694 silly packumentCache full:https://registry.npmjs.org/string.prototype.trimend cache-miss
695 http fetch GET 200 https://registry.npmjs.org/hasown 42ms (cache miss)
696 silly packumentCache full:https://registry.npmjs.org/hasown set size:undefined disposed:false
697 silly fetch manifest tsconfig-paths@^3.15.0
698 silly packumentCache full:https://registry.npmjs.org/tsconfig-paths cache-miss
699 http fetch GET 200 https://registry.npmjs.org/object.groupby 31ms (cache miss)
700 silly packumentCache full:https://registry.npmjs.org/object.groupby set size:undefined disposed:false
701 silly fetch manifest aria-query@^5.3.2
702 silly packumentCache full:https://registry.npmjs.org/aria-query cache-miss
703 http fetch GET 200 https://registry.npmjs.org/object.fromentries 36ms (cache miss)
704 silly packumentCache full:https://registry.npmjs.org/object.fromentries set size:undefined disposed:false
705 silly fetch manifest array-includes@^3.1.8
706 silly packumentCache full:https://registry.npmjs.org/array-includes cache-miss
707 http fetch GET 200 https://registry.npmjs.org/object.values 39ms (cache miss)
708 silly packumentCache full:https://registry.npmjs.org/object.values set size:undefined disposed:false
709 silly fetch manifest array.prototype.flatmap@^1.3.2
710 silly packumentCache full:https://registry.npmjs.org/array.prototype.flatmap cache-miss
711 http cache https://registry.npmjs.org/array.prototype.flatmap 1ms (cache hit)
712 silly packumentCache full:https://registry.npmjs.org/array.prototype.flatmap set size:51458 disposed:false
713 silly fetch manifest ast-types-flow@^0.0.8
714 silly packumentCache full:https://registry.npmjs.org/ast-types-flow cache-miss
715 http fetch GET 200 https://registry.npmjs.org/string.prototype.trimend 44ms (cache miss)
716 silly packumentCache full:https://registry.npmjs.org/string.prototype.trimend set size:undefined disposed:false
717 silly fetch manifest axe-core@^4.10.0
718 silly packumentCache full:https://registry.npmjs.org/axe-core cache-miss
719 http fetch GET 200 https://registry.npmjs.org/semver 61ms (cache miss)
720 silly packumentCache full:https://registry.npmjs.org/semver set size:undefined disposed:false
721 silly fetch manifest axobject-query@^4.1.0
722 silly packumentCache full:https://registry.npmjs.org/axobject-query cache-miss
723 http fetch GET 200 https://registry.npmjs.org/array-includes 35ms (cache miss)
724 silly packumentCache full:https://registry.npmjs.org/array-includes set size:undefined disposed:false
725 silly fetch manifest damerau-levenshtein@^1.0.8
726 silly packumentCache full:https://registry.npmjs.org/damerau-levenshtein cache-miss
727 http fetch GET 200 https://registry.npmjs.org/tsconfig-paths 47ms (cache miss)
728 silly packumentCache full:https://registry.npmjs.org/tsconfig-paths set size:undefined disposed:false
729 silly fetch manifest emoji-regex@^9.2.2
730 silly packumentCache full:https://registry.npmjs.org/emoji-regex cache-miss
731 http fetch GET 200 https://registry.npmjs.org/aria-query 43ms (cache miss)
732 silly packumentCache full:https://registry.npmjs.org/aria-query set size:undefined disposed:false
733 silly fetch manifest jsx-ast-utils@^3.3.5
734 silly packumentCache full:https://registry.npmjs.org/jsx-ast-utils cache-miss
735 http fetch GET 200 https://registry.npmjs.org/ast-types-flow 36ms (cache miss)
736 silly packumentCache full:https://registry.npmjs.org/ast-types-flow set size:undefined disposed:false
737 silly fetch manifest language-tags@^1.0.9
738 silly packumentCache full:https://registry.npmjs.org/language-tags cache-miss
739 http fetch GET 200 https://registry.npmjs.org/damerau-levenshtein 33ms (cache miss)
740 silly packumentCache full:https://registry.npmjs.org/damerau-levenshtein set size:undefined disposed:false
741 silly fetch manifest safe-regex-test@^1.0.3
742 silly packumentCache full:https://registry.npmjs.org/safe-regex-test cache-miss
743 http fetch GET 200 https://registry.npmjs.org/axobject-query 44ms (cache miss)
744 silly packumentCache full:https://registry.npmjs.org/axobject-query set size:undefined disposed:false
745 silly fetch manifest string.prototype.includes@^2.0.1
746 silly packumentCache full:https://registry.npmjs.org/string.prototype.includes cache-miss
747 http fetch GET 200 https://registry.npmjs.org/emoji-regex 45ms (cache miss)
748 silly packumentCache full:https://registry.npmjs.org/emoji-regex set size:undefined disposed:false
749 silly fetch manifest array.prototype.findlast@^1.2.5
750 silly packumentCache full:https://registry.npmjs.org/array.prototype.findlast cache-miss
751 http fetch GET 200 https://registry.npmjs.org/language-tags 38ms (cache miss)
752 silly packumentCache full:https://registry.npmjs.org/language-tags set size:undefined disposed:false
753 silly fetch manifest array.prototype.tosorted@^1.1.4
754 silly packumentCache full:https://registry.npmjs.org/array.prototype.tosorted cache-miss
755 http fetch GET 200 https://registry.npmjs.org/jsx-ast-utils 45ms (cache miss)
756 silly packumentCache full:https://registry.npmjs.org/jsx-ast-utils set size:undefined disposed:false
757 silly fetch manifest es-iterator-helpers@^1.2.1
758 silly packumentCache full:https://registry.npmjs.org/es-iterator-helpers cache-miss
759 http fetch GET 200 https://registry.npmjs.org/safe-regex-test 33ms (cache miss)
760 silly packumentCache full:https://registry.npmjs.org/safe-regex-test set size:undefined disposed:false
761 silly fetch manifest estraverse@^5.3.0
762 silly packumentCache full:https://registry.npmjs.org/estraverse cache-miss
763 http cache https://registry.npmjs.org/estraverse 2ms (cache hit)
764 silly packumentCache full:https://registry.npmjs.org/estraverse set size:62412 disposed:false
765 silly fetch manifest jsx-ast-utils@^2.4.1 || ^3.0.0
766 silly packumentCache full:https://registry.npmjs.org/jsx-ast-utils cache-miss
767 http cache https://registry.npmjs.org/jsx-ast-utils 3ms (cache hit)
768 silly packumentCache full:https://registry.npmjs.org/jsx-ast-utils set size:115998 disposed:false
769 silly fetch manifest object.entries@^1.1.9
770 silly packumentCache full:https://registry.npmjs.org/object.entries cache-miss
771 http fetch GET 200 https://registry.npmjs.org/string.prototype.includes 38ms (cache miss)
772 silly packumentCache full:https://registry.npmjs.org/string.prototype.includes set size:undefined disposed:false
773 silly fetch manifest prop-types@^15.8.1
774 silly packumentCache full:https://registry.npmjs.org/prop-types cache-miss
775 http fetch GET 200 https://registry.npmjs.org/array.prototype.tosorted 37ms (cache miss)
776 silly packumentCache full:https://registry.npmjs.org/array.prototype.tosorted set size:undefined disposed:false
777 silly fetch manifest resolve@^2.0.0-next.5
778 silly packumentCache full:https://registry.npmjs.org/resolve cache-miss
779 http cache https://registry.npmjs.org/resolve 2ms (cache hit)
780 silly packumentCache full:https://registry.npmjs.org/resolve set size:244568 disposed:false
781 silly fetch manifest string.prototype.matchall@^4.0.12
782 silly packumentCache full:https://registry.npmjs.org/string.prototype.matchall cache-miss
783 http fetch GET 200 https://registry.npmjs.org/array.prototype.findlast 43ms (cache miss)
784 silly packumentCache full:https://registry.npmjs.org/array.prototype.findlast set size:undefined disposed:false
785 silly fetch manifest string.prototype.repeat@^1.0.0
786 silly packumentCache full:https://registry.npmjs.org/string.prototype.repeat cache-miss
787 http fetch GET 200 https://registry.npmjs.org/object.entries 36ms (cache miss)
788 silly packumentCache full:https://registry.npmjs.org/object.entries set size:undefined disposed:false
789 silly fetch manifest zod@^3.25.0 || ^4.0.0
790 silly packumentCache full:https://registry.npmjs.org/zod cache-miss
791 http fetch GET 200 https://registry.npmjs.org/prop-types 48ms (cache miss)
792 silly packumentCache full:https://registry.npmjs.org/prop-types set size:undefined disposed:false
793 silly fetch manifest @babel/core@^7.24.4
794 silly packumentCache full:https://registry.npmjs.org/@babel%2fcore cache-miss
795 http fetch GET 200 https://registry.npmjs.org/string.prototype.matchall 41ms (cache miss)
796 silly packumentCache full:https://registry.npmjs.org/string.prototype.matchall set size:undefined disposed:false
797 silly fetch manifest @babel/parser@^7.24.4
798 silly packumentCache full:https://registry.npmjs.org/@babel%2fparser cache-miss
799 http fetch GET 200 https://registry.npmjs.org/get-tsconfig 294ms (cache miss)
800 silly packumentCache full:https://registry.npmjs.org/get-tsconfig set size:undefined disposed:false
801 silly fetch manifest hermes-parser@^0.25.1
802 silly packumentCache full:https://registry.npmjs.org/hermes-parser cache-miss
803 http fetch GET 200 https://registry.npmjs.org/string.prototype.repeat 49ms (cache miss)
804 silly packumentCache full:https://registry.npmjs.org/string.prototype.repeat set size:undefined disposed:false
805 silly fetch manifest zod-validation-error@^3.5.0 || ^4.0.0
806 silly packumentCache full:https://registry.npmjs.org/zod-validation-error cache-miss
807 http fetch GET 200 https://registry.npmjs.org/es-iterator-helpers 110ms (cache miss)
808 silly packumentCache full:https://registry.npmjs.org/es-iterator-helpers set size:undefined disposed:false
809 silly fetch manifest @typescript-eslint/utils@8.65.0
810 silly packumentCache full:https://registry.npmjs.org/@typescript-eslint%2futils cache-miss
811 http cache https://registry.npmjs.org/@typescript-eslint%2futils 11ms (cache hit)
812 silly packumentCache full:https://registry.npmjs.org/@typescript-eslint%2futils set size:10606852 disposed:false
813 silly fetch manifest @typescript-eslint/parser@8.65.0
814 silly packumentCache full:https://registry.npmjs.org/@typescript-eslint%2fparser cache-miss
815 http fetch GET 200 https://registry.npmjs.org/array-includes 311ms (cache miss)
816 silly packumentCache full:https://registry.npmjs.org/array-includes set size:undefined disposed:false
817 silly fetch manifest @typescript-eslint/eslint-plugin@8.65.0
818 silly packumentCache full:https://registry.npmjs.org/@typescript-eslint%2feslint-plugin cache-miss
819 http fetch GET 200 https://registry.npmjs.org/eslint-module-utils 299ms (cache miss)
820 silly packumentCache full:https://registry.npmjs.org/eslint-module-utils set size:undefined disposed:false
821 silly fetch manifest @typescript-eslint/typescript-estree@8.65.0
822 silly packumentCache full:https://registry.npmjs.org/@typescript-eslint%2ftypescript-estree cache-miss
823 http fetch GET 200 https://registry.npmjs.org/zod-validation-error 63ms (cache miss)
824 silly packumentCache full:https://registry.npmjs.org/zod-validation-error set size:undefined disposed:false
825 http fetch GET 200 https://registry.npmjs.org/hermes-parser 67ms (cache miss)
826 silly packumentCache full:https://registry.npmjs.org/hermes-parser set size:undefined disposed:false
827 http fetch GET 200 https://registry.npmjs.org/@babel%2fcore 111ms (cache miss)
828 silly packumentCache full:https://registry.npmjs.org/@babel%2fcore set size:undefined disposed:false
829 http fetch GET 200 https://registry.npmjs.org/zod 157ms (cache miss)
830 silly packumentCache full:https://registry.npmjs.org/zod set size:undefined disposed:false
831 http fetch GET 200 https://registry.npmjs.org/@babel%2fparser 158ms (cache miss)
832 silly packumentCache full:https://registry.npmjs.org/@babel%2fparser set size:undefined disposed:false
833 http fetch GET 200 https://registry.npmjs.org/axe-core 333ms (cache miss)
834 silly packumentCache full:https://registry.npmjs.org/axe-core set size:undefined disposed:false
835 http fetch GET 200 https://registry.npmjs.org/@typescript-eslint%2feslint-plugin 829ms (cache miss)
836 silly packumentCache full:https://registry.npmjs.org/@typescript-eslint%2feslint-plugin set size:undefined disposed:false
837 http fetch GET 200 https://registry.npmjs.org/@typescript-eslint%2fparser 882ms (cache miss)
838 silly packumentCache full:https://registry.npmjs.org/@typescript-eslint%2fparser set size:undefined disposed:false
839 http fetch GET 200 https://registry.npmjs.org/@typescript-eslint%2ftypescript-estree 972ms (cache miss)
840 silly packumentCache full:https://registry.npmjs.org/@typescript-eslint%2ftypescript-estree set size:undefined disposed:false
841 silly placeDep ROOT fast-glob@3.3.1 OK for: @next/eslint-plugin-next@16.2.12 want: 3.3.1
842 silly fetch manifest merge2@^1.3.0
843 silly packumentCache full:https://registry.npmjs.org/merge2 cache-miss
844 silly fetch manifest micromatch@^4.0.4
845 silly packumentCache full:https://registry.npmjs.org/micromatch cache-miss
846 silly fetch manifest glob-parent@^5.1.2
847 silly packumentCache full:https://registry.npmjs.org/glob-parent cache-miss
848 silly fetch manifest @nodelib/fs.stat@^2.0.2
849 silly packumentCache full:https://registry.npmjs.org/@nodelib%2ffs.stat cache-miss
850 silly fetch manifest @nodelib/fs.walk@^1.2.3
851 silly packumentCache full:https://registry.npmjs.org/@nodelib%2ffs.walk cache-miss
852 http cache https://registry.npmjs.org/glob-parent 5ms (cache hit)
853 silly packumentCache full:https://registry.npmjs.org/glob-parent set size:42445 disposed:false
854 http fetch GET 200 https://registry.npmjs.org/merge2 44ms (cache miss)
855 silly packumentCache full:https://registry.npmjs.org/merge2 set size:undefined disposed:false
856 http fetch GET 200 https://registry.npmjs.org/@nodelib%2ffs.walk 45ms (cache miss)
857 silly packumentCache full:https://registry.npmjs.org/@nodelib%2ffs.walk set size:undefined disposed:false
858 http fetch GET 200 https://registry.npmjs.org/micromatch 55ms (cache miss)
859 silly packumentCache full:https://registry.npmjs.org/micromatch set size:undefined disposed:false
860 http fetch GET 200 https://registry.npmjs.org/@nodelib%2ffs.stat 66ms (cache miss)
861 silly packumentCache full:https://registry.npmjs.org/@nodelib%2ffs.stat set size:undefined disposed:false
862 silly placeDep node_modules/eslint-import-resolver-node debug@3.2.7 OK for: eslint-import-resolver-node@0.3.10 want: ^3.2.7
863 silly placeDep ROOT is-core-module@2.16.2 OK for: eslint-import-resolver-node@0.3.10 want: ^2.16.1
864 silly placeDep ROOT resolve@2.0.0-next.7 OK for: eslint-import-resolver-node@0.3.10 want: ^2.0.0-next.6
865 silly fetch manifest hasown@^2.0.3
866 silly packumentCache full:https://registry.npmjs.org/hasown cache-miss
867 silly fetch manifest es-errors@^1.3.0
868 silly packumentCache full:https://registry.npmjs.org/es-errors cache-miss
869 silly fetch manifest node-exports-info@^1.6.0
870 silly packumentCache full:https://registry.npmjs.org/node-exports-info cache-miss
871 silly fetch manifest object-keys@^1.1.1
872 silly packumentCache full:https://registry.npmjs.org/object-keys cache-miss
873 silly fetch manifest path-parse@^1.0.7
874 silly packumentCache full:https://registry.npmjs.org/path-parse cache-miss
875 silly fetch manifest supports-preserve-symlinks-flag@^1.0.0
876 silly packumentCache full:https://registry.npmjs.org/supports-preserve-symlinks-flag cache-miss
877 http cache https://registry.npmjs.org/hasown 2ms (cache hit)
878 silly packumentCache full:https://registry.npmjs.org/hasown set size:18361 disposed:false
879 http fetch GET 200 https://registry.npmjs.org/path-parse 38ms (cache miss)
880 silly packumentCache full:https://registry.npmjs.org/path-parse set size:undefined disposed:false
881 http fetch GET 200 https://registry.npmjs.org/supports-preserve-symlinks-flag 39ms (cache miss)
882 silly packumentCache full:https://registry.npmjs.org/supports-preserve-symlinks-flag set size:undefined disposed:false
883 http fetch GET 200 https://registry.npmjs.org/es-errors 46ms (cache miss)
884 silly packumentCache full:https://registry.npmjs.org/es-errors set size:undefined disposed:false
885 http fetch GET 200 https://registry.npmjs.org/object-keys 46ms (cache miss)
886 silly packumentCache full:https://registry.npmjs.org/object-keys set size:undefined disposed:false
887 http fetch GET 200 https://registry.npmjs.org/node-exports-info 47ms (cache miss)
888 silly packumentCache full:https://registry.npmjs.org/node-exports-info set size:undefined disposed:false
889 silly placeDep ROOT @nolyfill/is-core-module@1.0.39 OK for: eslint-import-resolver-typescript@3.10.1 want: 1.0.39
890 silly placeDep ROOT get-tsconfig@4.14.1 OK for: eslint-import-resolver-typescript@3.10.1 want: ^4.10.0
891 silly placeDep ROOT is-bun-module@2.0.0 OK for: eslint-import-resolver-typescript@3.10.1 want: ^2.0.0
892 silly placeDep ROOT stable-hash@0.0.5 OK for: eslint-import-resolver-typescript@3.10.1 want: ^0.0.5
893 silly placeDep ROOT tinyglobby@0.2.17 OK for: eslint-import-resolver-typescript@3.10.1 want: ^0.2.13
894 silly placeDep ROOT unrs-resolver@1.12.2 OK for: eslint-import-resolver-typescript@3.10.1 want: ^1.6.2
895 silly fetch manifest resolve-pkg-maps@^1.0.0
896 silly packumentCache full:https://registry.npmjs.org/resolve-pkg-maps cache-miss
897 silly fetch manifest semver@^7.7.1
898 silly packumentCache full:https://registry.npmjs.org/semver cache-miss
899 silly fetch manifest fdir@^6.5.0
900 silly packumentCache full:https://registry.npmjs.org/fdir cache-miss
901 silly fetch manifest picomatch@^4.0.4
902 silly packumentCache full:https://registry.npmjs.org/picomatch cache-miss
903 silly fetch manifest napi-postinstall@^0.3.4
904 silly packumentCache full:https://registry.npmjs.org/napi-postinstall cache-miss
905 silly fetch manifest @unrs/resolver-binding-darwin-arm64@1.12.2
906 silly packumentCache full:https://registry.npmjs.org/@unrs%2fresolver-binding-darwin-arm64 cache-miss
907 silly fetch manifest @unrs/resolver-binding-android-arm64@1.12.2
908 silly packumentCache full:https://registry.npmjs.org/@unrs%2fresolver-binding-android-arm64 cache-miss
909 silly fetch manifest @unrs/resolver-binding-win32-arm64-msvc@1.12.2
910 silly packumentCache full:https://registry.npmjs.org/@unrs%2fresolver-binding-win32-arm64-msvc cache-miss
911 silly fetch manifest @unrs/resolver-binding-linux-arm64-gnu@1.12.2
912 silly packumentCache full:https://registry.npmjs.org/@unrs%2fresolver-binding-linux-arm64-gnu cache-miss
913 http cache https://registry.npmjs.org/semver 3ms (cache hit)
914 silly packumentCache full:https://registry.npmjs.org/semver set size:246069 disposed:false
915 silly fetch manifest @unrs/resolver-binding-linux-arm64-musl@1.12.2
916 silly packumentCache full:https://registry.npmjs.org/@unrs%2fresolver-binding-linux-arm64-musl cache-miss
917 http fetch GET 200 https://registry.npmjs.org/resolve-pkg-maps 41ms (cache miss)
918 silly packumentCache full:https://registry.npmjs.org/resolve-pkg-maps set size:undefined disposed:false
919 silly fetch manifest @unrs/resolver-binding-openharmony-arm64@1.12.2
920 silly packumentCache full:https://registry.npmjs.org/@unrs%2fresolver-binding-openharmony-arm64 cache-miss
921 http fetch GET 200 https://registry.npmjs.org/napi-postinstall 45ms (cache miss)
922 silly packumentCache full:https://registry.npmjs.org/napi-postinstall set size:undefined disposed:false
923 silly fetch manifest @unrs/resolver-binding-android-arm-eabi@1.12.2
924 silly packumentCache full:https://registry.npmjs.org/@unrs%2fresolver-binding-android-arm-eabi cache-miss
925 http fetch GET 200 https://registry.npmjs.org/picomatch 50ms (cache miss)
926 silly packumentCache full:https://registry.npmjs.org/picomatch set size:undefined disposed:false
927 silly fetch manifest @unrs/resolver-binding-linux-arm-gnueabihf@1.12.2
928 silly packumentCache full:https://registry.npmjs.org/@unrs%2fresolver-binding-linux-arm-gnueabihf cache-miss
929 http fetch GET 200 https://registry.npmjs.org/@unrs%2fresolver-binding-linux-arm64-gnu 56ms (cache miss)
930 silly packumentCache full:https://registry.npmjs.org/@unrs%2fresolver-binding-linux-arm64-gnu set size:undefined disposed:false
931 silly fetch manifest @unrs/resolver-binding-linux-arm-musleabihf@1.12.2
932 silly packumentCache full:https://registry.npmjs.org/@unrs%2fresolver-binding-linux-arm-musleabihf cache-miss
933 http fetch GET 200 https://registry.npmjs.org/@unrs%2fresolver-binding-darwin-arm64 58ms (cache miss)
934 silly packumentCache full:https://registry.npmjs.org/@unrs%2fresolver-binding-darwin-arm64 set size:undefined disposed:false
935 silly fetch manifest @unrs/resolver-binding-win32-ia32-msvc@1.12.2
936 silly packumentCache full:https://registry.npmjs.org/@unrs%2fresolver-binding-win32-ia32-msvc cache-miss
937 http fetch GET 200 https://registry.npmjs.org/@unrs%2fresolver-binding-linux-arm64-musl 82ms (cache miss)
938 silly packumentCache full:https://registry.npmjs.org/@unrs%2fresolver-binding-linux-arm64-musl set size:undefined disposed:false
939 silly fetch manifest @unrs/resolver-binding-linux-loong64-gnu@1.12.2
940 silly packumentCache full:https://registry.npmjs.org/@unrs%2fresolver-binding-linux-loong64-gnu cache-miss
941 http fetch GET 200 https://registry.npmjs.org/@unrs%2fresolver-binding-openharmony-arm64 55ms (cache miss)
942 silly packumentCache full:https://registry.npmjs.org/@unrs%2fresolver-binding-openharmony-arm64 set size:undefined disposed:false
943 silly fetch manifest @unrs/resolver-binding-linux-loong64-musl@1.12.2
944 silly packumentCache full:https://registry.npmjs.org/@unrs%2fresolver-binding-linux-loong64-musl cache-miss
945 http fetch GET 200 https://registry.npmjs.org/@unrs%2fresolver-binding-linux-arm-gnueabihf 63ms (cache miss)
946 silly packumentCache full:https://registry.npmjs.org/@unrs%2fresolver-binding-linux-arm-gnueabihf set size:undefined disposed:false
947 silly fetch manifest @unrs/resolver-binding-linux-ppc64-gnu@1.12.2
948 silly packumentCache full:https://registry.npmjs.org/@unrs%2fresolver-binding-linux-ppc64-gnu cache-miss
949 http fetch GET 200 https://registry.npmjs.org/@unrs%2fresolver-binding-linux-arm-musleabihf 58ms (cache miss)
950 silly packumentCache full:https://registry.npmjs.org/@unrs%2fresolver-binding-linux-arm-musleabihf set size:undefined disposed:false
951 silly fetch manifest @unrs/resolver-binding-linux-riscv64-gnu@1.12.2
952 silly packumentCache full:https://registry.npmjs.org/@unrs%2fresolver-binding-linux-riscv64-gnu cache-miss
953 http fetch GET 200 https://registry.npmjs.org/@unrs%2fresolver-binding-linux-loong64-gnu 48ms (cache miss)
954 silly packumentCache full:https://registry.npmjs.org/@unrs%2fresolver-binding-linux-loong64-gnu set size:undefined disposed:false
955 silly fetch manifest @unrs/resolver-binding-linux-riscv64-musl@1.12.2
956 silly packumentCache full:https://registry.npmjs.org/@unrs%2fresolver-binding-linux-riscv64-musl cache-miss
957 http fetch GET 200 https://registry.npmjs.org/@unrs%2fresolver-binding-linux-riscv64-gnu 54ms (cache miss)
958 silly packumentCache full:https://registry.npmjs.org/@unrs%2fresolver-binding-linux-riscv64-gnu set size:undefined disposed:false
959 silly fetch manifest @unrs/resolver-binding-linux-s390x-gnu@1.12.2
960 silly packumentCache full:https://registry.npmjs.org/@unrs%2fresolver-binding-linux-s390x-gnu cache-miss
961 http fetch GET 200 https://registry.npmjs.org/@unrs%2fresolver-binding-linux-ppc64-gnu 61ms (cache miss)
962 silly packumentCache full:https://registry.npmjs.org/@unrs%2fresolver-binding-linux-ppc64-gnu set size:undefined disposed:false
963 silly fetch manifest @unrs/resolver-binding-wasm32-wasi@1.12.2
964 silly packumentCache full:https://registry.npmjs.org/@unrs%2fresolver-binding-wasm32-wasi cache-miss
965 http fetch GET 200 https://registry.npmjs.org/@unrs%2fresolver-binding-linux-riscv64-musl 66ms (cache miss)
966 silly packumentCache full:https://registry.npmjs.org/@unrs%2fresolver-binding-linux-riscv64-musl set size:undefined disposed:false
967 silly fetch manifest @unrs/resolver-binding-darwin-x64@1.12.2
968 silly packumentCache full:https://registry.npmjs.org/@unrs%2fresolver-binding-darwin-x64 cache-miss
969 http fetch GET 200 https://registry.npmjs.org/@unrs%2fresolver-binding-linux-s390x-gnu 61ms (cache miss)
970 silly packumentCache full:https://registry.npmjs.org/@unrs%2fresolver-binding-linux-s390x-gnu set size:undefined disposed:false
971 silly fetch manifest @unrs/resolver-binding-win32-x64-msvc@1.12.2
972 silly packumentCache full:https://registry.npmjs.org/@unrs%2fresolver-binding-win32-x64-msvc cache-miss
973 http fetch GET 200 https://registry.npmjs.org/@unrs%2fresolver-binding-win32-arm64-msvc 233ms (cache miss)
974 silly packumentCache full:https://registry.npmjs.org/@unrs%2fresolver-binding-win32-arm64-msvc set size:undefined disposed:false
975 silly fetch manifest @unrs/resolver-binding-freebsd-x64@1.12.2
976 silly packumentCache full:https://registry.npmjs.org/@unrs%2fresolver-binding-freebsd-x64 cache-miss
977 http fetch GET 200 https://registry.npmjs.org/@unrs%2fresolver-binding-wasm32-wasi 61ms (cache miss)
978 silly packumentCache full:https://registry.npmjs.org/@unrs%2fresolver-binding-wasm32-wasi set size:undefined disposed:false
979 silly fetch manifest @unrs/resolver-binding-linux-x64-gnu@1.12.2
980 silly packumentCache full:https://registry.npmjs.org/@unrs%2fresolver-binding-linux-x64-gnu cache-miss
981 http fetch GET 200 https://registry.npmjs.org/fdir 280ms (cache miss)
982 silly packumentCache full:https://registry.npmjs.org/fdir set size:undefined disposed:false
983 silly fetch manifest @unrs/resolver-binding-linux-x64-musl@1.12.2
984 silly packumentCache full:https://registry.npmjs.org/@unrs%2fresolver-binding-linux-x64-musl cache-miss
985 http fetch GET 200 https://registry.npmjs.org/@unrs%2fresolver-binding-win32-x64-msvc 55ms (cache miss)
986 silly packumentCache full:https://registry.npmjs.org/@unrs%2fresolver-binding-win32-x64-msvc set size:undefined disposed:false
987 http fetch GET 200 https://registry.npmjs.org/@unrs%2fresolver-binding-linux-x64-gnu 59ms (cache miss)
988 silly packumentCache full:https://registry.npmjs.org/@unrs%2fresolver-binding-linux-x64-gnu set size:undefined disposed:false
989 http fetch GET 200 https://registry.npmjs.org/@unrs%2fresolver-binding-android-arm64 302ms (cache miss)
990 silly packumentCache full:https://registry.npmjs.org/@unrs%2fresolver-binding-android-arm64 set size:undefined disposed:false
991 http fetch GET 200 https://registry.npmjs.org/@unrs%2fresolver-binding-linux-loong64-musl 231ms (cache miss)
992 silly packumentCache full:https://registry.npmjs.org/@unrs%2fresolver-binding-linux-loong64-musl set size:undefined disposed:false
993 http fetch GET 200 https://registry.npmjs.org/@unrs%2fresolver-binding-linux-x64-musl 47ms (cache miss)
994 silly packumentCache full:https://registry.npmjs.org/@unrs%2fresolver-binding-linux-x64-musl set size:undefined disposed:false
995 http fetch GET 200 https://registry.npmjs.org/@unrs%2fresolver-binding-win32-ia32-msvc 273ms (cache miss)
996 silly packumentCache full:https://registry.npmjs.org/@unrs%2fresolver-binding-win32-ia32-msvc set size:undefined disposed:false
997 http fetch GET 200 https://registry.npmjs.org/@unrs%2fresolver-binding-android-arm-eabi 309ms (cache miss)
998 silly packumentCache full:https://registry.npmjs.org/@unrs%2fresolver-binding-android-arm-eabi set size:undefined disposed:false
999 http fetch GET 200 https://registry.npmjs.org/@unrs%2fresolver-binding-freebsd-x64 191ms (cache miss)
1000 silly packumentCache full:https://registry.npmjs.org/@unrs%2fresolver-binding-freebsd-x64 set size:undefined disposed:false
1001 http fetch GET 200 https://registry.npmjs.org/@unrs%2fresolver-binding-darwin-x64 571ms (cache miss)
1002 silly packumentCache full:https://registry.npmjs.org/@unrs%2fresolver-binding-darwin-x64 set size:undefined disposed:false
1003 silly placeDep ROOT @rtsao/scc@1.1.0 OK for: eslint-plugin-import@2.32.0 want: ^1.1.0
1004 silly placeDep ROOT array-includes@3.1.9 OK for: eslint-plugin-import@2.32.0 want: ^3.1.9
1005 silly placeDep ROOT array.prototype.findlastindex@1.2.6 OK for: eslint-plugin-import@2.32.0 want: ^1.2.6
1006 silly placeDep ROOT array.prototype.flat@1.3.3 OK for: eslint-plugin-import@2.32.0 want: ^1.3.3
1007 silly placeDep ROOT array.prototype.flatmap@1.3.3 OK for: eslint-plugin-import@2.32.0 want: ^1.3.3
1008 silly placeDep node_modules/eslint-plugin-import debug@3.2.7 OK for: eslint-plugin-import@2.32.0 want: ^3.2.7
1009 silly placeDep ROOT doctrine@2.1.0 OK for: eslint-plugin-import@2.32.0 want: ^2.1.0
1010 silly placeDep ROOT eslint-module-utils@2.14.0 OK for: eslint-plugin-import@2.32.0 want: ^2.12.1
1011 silly placeDep ROOT hasown@2.0.4 OK for: eslint-plugin-import@2.32.0 want: ^2.0.2
1012 silly placeDep ROOT object.fromentries@2.0.8 OK for: eslint-plugin-import@2.32.0 want: ^2.0.8
1013 silly placeDep ROOT object.groupby@1.0.3 OK for: eslint-plugin-import@2.32.0 want: ^1.0.3
1014 silly placeDep ROOT object.values@1.2.1 OK for: eslint-plugin-import@2.32.0 want: ^1.2.1
1015 silly placeDep ROOT semver@6.3.1 OK for: eslint-plugin-import@2.32.0 want: ^6.3.1
1016 silly placeDep ROOT string.prototype.trimend@1.0.10 OK for: eslint-plugin-import@2.32.0 want: ^1.0.9
1017 silly placeDep ROOT tsconfig-paths@3.15.0 OK for: eslint-plugin-import@2.32.0 want: ^3.15.0
1018 silly fetch manifest call-bind@^1.0.8
1019 silly packumentCache full:https://registry.npmjs.org/call-bind cache-miss
1020 silly fetch manifest call-bound@^1.0.4
1021 silly packumentCache full:https://registry.npmjs.org/call-bound cache-miss
1022 silly fetch manifest define-properties@^1.2.1
1023 silly packumentCache full:https://registry.npmjs.org/define-properties cache-miss
1024 silly fetch manifest es-abstract@^1.24.0
1025 silly packumentCache full:https://registry.npmjs.org/es-abstract cache-miss
1026 silly fetch manifest es-object-atoms@^1.1.1
1027 silly packumentCache full:https://registry.npmjs.org/es-object-atoms cache-miss
1028 silly fetch manifest get-intrinsic@^1.3.0
1029 silly packumentCache full:https://registry.npmjs.org/get-intrinsic cache-miss
1030 silly fetch manifest is-string@^1.1.1
1031 silly packumentCache full:https://registry.npmjs.org/is-string cache-miss
1032 silly fetch manifest math-intrinsics@^1.1.0
1033 silly packumentCache full:https://registry.npmjs.org/math-intrinsics cache-miss
1034 silly fetch manifest call-bind@^1.0.8
1035 silly packumentCache full:https://registry.npmjs.org/call-bind cache-miss
1036 http fetch GET 200 https://registry.npmjs.org/es-object-atoms 38ms (cache miss)
1037 silly packumentCache full:https://registry.npmjs.org/es-object-atoms set size:undefined disposed:false
1038 silly fetch manifest call-bound@^1.0.4
1039 silly packumentCache full:https://registry.npmjs.org/call-bound cache-miss
1040 http fetch GET 200 https://registry.npmjs.org/get-intrinsic 42ms (cache miss)
1041 silly packumentCache full:https://registry.npmjs.org/get-intrinsic set size:undefined disposed:false
1042 silly fetch manifest define-properties@^1.2.1
1043 silly packumentCache full:https://registry.npmjs.org/define-properties cache-miss
1044 http fetch GET 200 https://registry.npmjs.org/define-properties 47ms (cache miss)
1045 silly packumentCache full:https://registry.npmjs.org/define-properties set size:undefined disposed:false
1046 silly fetch manifest es-abstract@^1.23.9
1047 silly packumentCache full:https://registry.npmjs.org/es-abstract cache-miss
1048 http fetch GET 200 https://registry.npmjs.org/call-bind 49ms (cache miss)
1049 silly packumentCache full:https://registry.npmjs.org/call-bind set size:undefined disposed:false
1050 silly fetch manifest es-shim-unscopables@^1.1.0
1051 silly packumentCache full:https://registry.npmjs.org/es-shim-unscopables cache-miss
1052 http fetch GET 200 https://registry.npmjs.org/call-bound 49ms (cache miss)
1053 silly packumentCache full:https://registry.npmjs.org/call-bound set size:undefined disposed:false
1054 silly fetch manifest es-abstract@^1.23.5
1055 silly packumentCache full:https://registry.npmjs.org/es-abstract cache-miss
1056 http fetch GET 200 https://registry.npmjs.org/math-intrinsics 50ms (cache miss)
1057 silly packumentCache full:https://registry.npmjs.org/math-intrinsics set size:undefined disposed:false
1058 silly fetch manifest es-shim-unscopables@^1.0.2
1059 silly packumentCache full:https://registry.npmjs.org/es-shim-unscopables cache-miss
1060 http fetch GET 200 https://registry.npmjs.org/is-string 53ms (cache miss)
1061 silly packumentCache full:https://registry.npmjs.org/is-string set size:undefined disposed:false
1062 silly fetch manifest es-abstract@^1.23.5
1063 silly packumentCache full:https://registry.npmjs.org/es-abstract cache-miss
1064 http fetch GET 200 https://registry.npmjs.org/call-bind 62ms (cache miss)
1065 silly packumentCache full:https://registry.npmjs.org/call-bind set size:undefined disposed:false
1066 silly fetch manifest es-shim-unscopables@^1.0.2
1067 silly packumentCache full:https://registry.npmjs.org/es-shim-unscopables cache-miss
1068 http fetch GET 200 https://registry.npmjs.org/es-abstract 64ms (cache miss)
1069 silly packumentCache full:https://registry.npmjs.org/es-abstract set size:undefined disposed:false
1070 silly fetch manifest function-bind@^1.1.2
1071 silly packumentCache full:https://registry.npmjs.org/function-bind cache-miss
1072 http fetch GET 200 https://registry.npmjs.org/call-bound 33ms (cache miss)
1073 silly packumentCache full:https://registry.npmjs.org/call-bound set size:undefined disposed:false
1074 silly fetch manifest call-bind@^1.0.7
1075 silly packumentCache full:https://registry.npmjs.org/call-bind cache-miss
1076 http cache https://registry.npmjs.org/call-bind 2ms (cache hit)
1077 silly packumentCache full:https://registry.npmjs.org/call-bind set size:32985 disposed:false
1078 silly fetch manifest es-abstract@^1.23.2
1079 silly packumentCache full:https://registry.npmjs.org/es-abstract cache-miss
1080 http cache https://registry.npmjs.org/es-abstract 1ms (cache hit)
1081 silly packumentCache full:https://registry.npmjs.org/es-abstract set size:384124 disposed:false
1082 silly fetch manifest es-object-atoms@^1.0.0
1083 silly packumentCache full:https://registry.npmjs.org/es-object-atoms cache-miss
1084 http cache https://registry.npmjs.org/es-object-atoms 0ms (cache hit)
1085 silly packumentCache full:https://registry.npmjs.org/es-object-atoms set size:18278 disposed:false
1086 silly fetch manifest call-bound@^1.0.3
1087 silly packumentCache full:https://registry.npmjs.org/call-bound cache-miss
1088 http fetch GET 200 https://registry.npmjs.org/define-properties 36ms (cache miss)
1089 silly packumentCache full:https://registry.npmjs.org/define-properties set size:undefined disposed:false
1090 silly fetch manifest call-bind@^1.0.9
1091 silly packumentCache full:https://registry.npmjs.org/call-bind cache-hit
1092 silly fetch manifest es-object-atoms@^1.1.2
1093 silly packumentCache full:https://registry.npmjs.org/es-object-atoms cache-hit
1094 silly fetch manifest json5@^1.0.2
1095 silly packumentCache full:https://registry.npmjs.org/json5 cache-miss
1096 http cache https://registry.npmjs.org/call-bound 2ms (cache hit)
1097 silly packumentCache full:https://registry.npmjs.org/call-bound set size:15317 disposed:false
1098 silly fetch manifest minimist@^1.2.6
1099 silly packumentCache full:https://registry.npmjs.org/minimist cache-miss
1100 http fetch GET 200 https://registry.npmjs.org/es-shim-unscopables 40ms (cache miss)
1101 silly packumentCache full:https://registry.npmjs.org/es-shim-unscopables set size:undefined disposed:false
1102 silly fetch manifest strip-bom@^3.0.0
1103 silly packumentCache full:https://registry.npmjs.org/strip-bom cache-miss
1104 http fetch GET 200 https://registry.npmjs.org/es-abstract 48ms (cache miss)
1105 silly packumentCache full:https://registry.npmjs.org/es-abstract set size:undefined disposed:false
1106 silly packumentCache full:https://registry.npmjs.org/es-abstract dispose
1107 silly fetch manifest @types/json5@^0.0.29
1108 silly packumentCache full:https://registry.npmjs.org/@types%2fjson5 cache-miss
1109 http fetch GET 200 https://registry.npmjs.org/es-shim-unscopables 49ms (cache miss)
1110 silly packumentCache full:https://registry.npmjs.org/es-shim-unscopables set size:undefined disposed:false
1111 http fetch GET 200 https://registry.npmjs.org/es-abstract 54ms (cache miss)
1112 silly packumentCache full:https://registry.npmjs.org/es-abstract set size:undefined disposed:true
1113 http fetch GET 200 https://registry.npmjs.org/function-bind 39ms (cache miss)
1114 silly packumentCache full:https://registry.npmjs.org/function-bind set size:undefined disposed:false
1115 http fetch GET 200 https://registry.npmjs.org/es-shim-unscopables 51ms (cache miss)
1116 silly packumentCache full:https://registry.npmjs.org/es-shim-unscopables set size:undefined disposed:false
1117 http fetch GET 200 https://registry.npmjs.org/json5 36ms (cache miss)
1118 silly packumentCache full:https://registry.npmjs.org/json5 set size:undefined disposed:false
1119 http fetch GET 200 https://registry.npmjs.org/minimist 39ms (cache miss)
1120 silly packumentCache full:https://registry.npmjs.org/minimist set size:undefined disposed:false
1121 http fetch GET 200 https://registry.npmjs.org/strip-bom 40ms (cache miss)
1122 silly packumentCache full:https://registry.npmjs.org/strip-bom set size:undefined disposed:false
1123 http fetch GET 200 https://registry.npmjs.org/es-abstract 87ms (cache miss)
1124 silly packumentCache full:https://registry.npmjs.org/es-abstract set size:undefined disposed:false
1125 http fetch GET 200 https://registry.npmjs.org/@types%2fjson5 48ms (cache miss)
1126 silly packumentCache full:https://registry.npmjs.org/@types%2fjson5 set size:undefined disposed:false
1127 silly placeDep ROOT call-bind@1.0.9 OK for: array-includes@3.1.9 want: ^1.0.8
1128 silly placeDep ROOT call-bound@1.0.4 OK for: array-includes@3.1.9 want: ^1.0.4
1129 silly placeDep ROOT define-properties@1.2.1 OK for: array-includes@3.1.9 want: ^1.2.1
1130 silly placeDep ROOT es-abstract@1.24.2 OK for: array-includes@3.1.9 want: ^1.24.0
1131 silly placeDep ROOT es-object-atoms@1.1.2 OK for: array-includes@3.1.9 want: ^1.1.1
1132 silly placeDep ROOT get-intrinsic@1.3.0 OK for: array-includes@3.1.9 want: ^1.3.0
1133 silly placeDep ROOT is-string@1.1.1 OK for: array-includes@3.1.9 want: ^1.1.1
1134 silly placeDep ROOT math-intrinsics@1.1.0 OK for: array-includes@3.1.9 want: ^1.1.0
1135 silly fetch manifest call-bind-apply-helpers@^1.0.2
1136 silly packumentCache full:https://registry.npmjs.org/call-bind-apply-helpers cache-miss
1137 silly fetch manifest es-define-property@^1.0.1
1138 silly packumentCache full:https://registry.npmjs.org/es-define-property cache-miss
1139 silly fetch manifest set-function-length@^1.2.2
1140 silly packumentCache full:https://registry.npmjs.org/set-function-length cache-miss
1141 silly fetch manifest call-bind-apply-helpers@^1.0.2
1142 silly packumentCache full:https://registry.npmjs.org/call-bind-apply-helpers cache-miss
1143 silly fetch manifest define-data-property@^1.0.1
1144 silly packumentCache full:https://registry.npmjs.org/define-data-property cache-miss
1145 silly fetch manifest has-property-descriptors@^1.0.0
1146 silly packumentCache full:https://registry.npmjs.org/has-property-descriptors cache-miss
1147 silly fetch manifest array-buffer-byte-length@^1.0.2
1148 silly packumentCache full:https://registry.npmjs.org/array-buffer-byte-length cache-miss
1149 silly fetch manifest arraybuffer.prototype.slice@^1.0.4
1150 silly packumentCache full:https://registry.npmjs.org/arraybuffer.prototype.slice cache-miss
1151 silly fetch manifest available-typed-arrays@^1.0.7
1152 silly packumentCache full:https://registry.npmjs.org/available-typed-arrays cache-miss
1153 http fetch GET 200 https://registry.npmjs.org/define-data-property 36ms (cache miss)
1154 silly packumentCache full:https://registry.npmjs.org/define-data-property set size:undefined disposed:false
1155 silly fetch manifest data-view-buffer@^1.0.2
1156 silly packumentCache full:https://registry.npmjs.org/data-view-buffer cache-miss
1157 http fetch GET 200 https://registry.npmjs.org/has-property-descriptors 38ms (cache miss)
1158 silly packumentCache full:https://registry.npmjs.org/has-property-descriptors set size:undefined disposed:false
1159 silly fetch manifest data-view-byte-length@^1.0.2
1160 silly packumentCache full:https://registry.npmjs.org/data-view-byte-length cache-miss
1161 http fetch GET 200 https://registry.npmjs.org/set-function-length 42ms (cache miss)
1162 silly packumentCache full:https://registry.npmjs.org/set-function-length set size:undefined disposed:false
1163 silly fetch manifest data-view-byte-offset@^1.0.1
1164 silly packumentCache full:https://registry.npmjs.org/data-view-byte-offset cache-miss
1165 http fetch GET 200 https://registry.npmjs.org/es-define-property 44ms (cache miss)
1166 silly packumentCache full:https://registry.npmjs.org/es-define-property set size:undefined disposed:false
1167 silly fetch manifest es-set-tostringtag@^2.1.0
1168 silly packumentCache full:https://registry.npmjs.org/es-set-tostringtag cache-miss
1169 http fetch GET 200 https://registry.npmjs.org/call-bind-apply-helpers 47ms (cache miss)
1170 silly packumentCache full:https://registry.npmjs.org/call-bind-apply-helpers set size:undefined disposed:false
1171 silly fetch manifest es-to-primitive@^1.3.0
1172 silly packumentCache full:https://registry.npmjs.org/es-to-primitive cache-miss
1173 http fetch GET 200 https://registry.npmjs.org/call-bind-apply-helpers 46ms (cache miss)
1174 silly packumentCache full:https://registry.npmjs.org/call-bind-apply-helpers set size:undefined disposed:false
1175 silly fetch manifest function.prototype.name@^1.1.8
1176 silly packumentCache full:https://registry.npmjs.org/function.prototype.name cache-miss
1177 http fetch GET 200 https://registry.npmjs.org/available-typed-arrays 47ms (cache miss)
1178 silly packumentCache full:https://registry.npmjs.org/available-typed-arrays set size:undefined disposed:false
1179 silly fetch manifest get-proto@^1.0.1
1180 silly packumentCache full:https://registry.npmjs.org/get-proto cache-miss
1181 http fetch GET 200 https://registry.npmjs.org/arraybuffer.prototype.slice 48ms (cache miss)
1182 silly packumentCache full:https://registry.npmjs.org/arraybuffer.prototype.slice set size:undefined disposed:false
1183 silly fetch manifest get-symbol-description@^1.1.0
1184 silly packumentCache full:https://registry.npmjs.org/get-symbol-description cache-miss
1185 http fetch GET 200 https://registry.npmjs.org/array-buffer-byte-length 48ms (cache miss)
1186 silly packumentCache full:https://registry.npmjs.org/array-buffer-byte-length set size:undefined disposed:false
1187 silly fetch manifest globalthis@^1.0.4
1188 silly packumentCache full:https://registry.npmjs.org/globalthis cache-miss
1189 http fetch GET 200 https://registry.npmjs.org/data-view-buffer 32ms (cache miss)
1190 silly packumentCache full:https://registry.npmjs.org/data-view-buffer set size:undefined disposed:false
1191 silly fetch manifest gopd@^1.2.0
1192 silly packumentCache full:https://registry.npmjs.org/gopd cache-miss
1193 http fetch GET 200 https://registry.npmjs.org/data-view-byte-length 33ms (cache miss)
1194 silly packumentCache full:https://registry.npmjs.org/data-view-byte-length set size:undefined disposed:false
1195 silly fetch manifest has-property-descriptors@^1.0.2
1196 silly packumentCache full:https://registry.npmjs.org/has-property-descriptors cache-miss
1197 http cache https://registry.npmjs.org/has-property-descriptors 1ms (cache hit)
1198 silly packumentCache full:https://registry.npmjs.org/has-property-descriptors set size:12452 disposed:false
1199 silly fetch manifest has-proto@^1.2.0
1200 silly packumentCache full:https://registry.npmjs.org/has-proto cache-miss
1201 http fetch GET 200 https://registry.npmjs.org/data-view-byte-offset 38ms (cache miss)
1202 silly packumentCache full:https://registry.npmjs.org/data-view-byte-offset set size:undefined disposed:false
1203 silly fetch manifest has-symbols@^1.1.0
1204 silly packumentCache full:https://registry.npmjs.org/has-symbols cache-miss
1205 http fetch GET 200 https://registry.npmjs.org/es-set-tostringtag 38ms (cache miss)
1206 silly packumentCache full:https://registry.npmjs.org/es-set-tostringtag set size:undefined disposed:false
1207 silly fetch manifest internal-slot@^1.1.0
1208 silly packumentCache full:https://registry.npmjs.org/internal-slot cache-miss
1209 http fetch GET 200 https://registry.npmjs.org/get-proto 39ms (cache miss)
1210 silly packumentCache full:https://registry.npmjs.org/get-proto set size:undefined disposed:false
1211 silly fetch manifest is-array-buffer@^3.0.5
1212 silly packumentCache full:https://registry.npmjs.org/is-array-buffer cache-miss
1213 http fetch GET 200 https://registry.npmjs.org/es-to-primitive 45ms (cache miss)
1214 silly packumentCache full:https://registry.npmjs.org/es-to-primitive set size:undefined disposed:false
1215 silly fetch manifest is-callable@^1.2.7
1216 silly packumentCache full:https://registry.npmjs.org/is-callable cache-miss
1217 http fetch GET 200 https://registry.npmjs.org/get-symbol-description 46ms (cache miss)
1218 silly packumentCache full:https://registry.npmjs.org/get-symbol-description set size:undefined disposed:false
1219 silly fetch manifest is-data-view@^1.0.2
1220 silly packumentCache full:https://registry.npmjs.org/is-data-view cache-miss
1221 http fetch GET 200 https://registry.npmjs.org/function.prototype.name 49ms (cache miss)
1222 silly packumentCache full:https://registry.npmjs.org/function.prototype.name set size:undefined disposed:false
1223 silly fetch manifest is-negative-zero@^2.0.3
1224 silly packumentCache full:https://registry.npmjs.org/is-negative-zero cache-miss
1225 http fetch GET 200 https://registry.npmjs.org/gopd 33ms (cache miss)
1226 silly packumentCache full:https://registry.npmjs.org/gopd set size:undefined disposed:false
1227 silly fetch manifest is-regex@^1.2.1
1228 silly packumentCache full:https://registry.npmjs.org/is-regex cache-miss
1229 http fetch GET 200 https://registry.npmjs.org/globalthis 58ms (cache miss)
1230 silly packumentCache full:https://registry.npmjs.org/globalthis set size:undefined disposed:false
1231 silly fetch manifest is-set@^2.0.3
1232 silly packumentCache full:https://registry.npmjs.org/is-set cache-miss
1233 http fetch GET 200 https://registry.npmjs.org/has-proto 36ms (cache miss)
1234 silly packumentCache full:https://registry.npmjs.org/has-proto set size:undefined disposed:false
1235 silly fetch manifest is-shared-array-buffer@^1.0.4
1236 silly packumentCache full:https://registry.npmjs.org/is-shared-array-buffer cache-miss
1237 http fetch GET 200 https://registry.npmjs.org/has-symbols 37ms (cache miss)
1238 silly packumentCache full:https://registry.npmjs.org/has-symbols set size:undefined disposed:false
1239 silly fetch manifest is-typed-array@^1.1.15
1240 silly packumentCache full:https://registry.npmjs.org/is-typed-array cache-miss
1241 http fetch GET 200 https://registry.npmjs.org/is-array-buffer 43ms (cache miss)
1242 silly packumentCache full:https://registry.npmjs.org/is-array-buffer set size:undefined disposed:false
1243 silly fetch manifest is-weakref@^1.1.1
1244 silly packumentCache full:https://registry.npmjs.org/is-weakref cache-miss
1245 http fetch GET 200 https://registry.npmjs.org/is-data-view 52ms (cache miss)
1246 silly packumentCache full:https://registry.npmjs.org/is-data-view set size:undefined disposed:false
1247 silly fetch manifest object-inspect@^1.13.4
1248 silly packumentCache full:https://registry.npmjs.org/object-inspect cache-miss
1249 http fetch GET 200 https://registry.npmjs.org/is-negative-zero 53ms (cache miss)
1250 silly packumentCache full:https://registry.npmjs.org/is-negative-zero set size:undefined disposed:false
1251 silly fetch manifest object.assign@^4.1.7
1252 silly packumentCache full:https://registry.npmjs.org/object.assign cache-miss
1253 http fetch GET 200 https://registry.npmjs.org/is-regex 47ms (cache miss)
1254 silly packumentCache full:https://registry.npmjs.org/is-regex set size:undefined disposed:false
1255 silly fetch manifest own-keys@^1.0.1
1256 silly packumentCache full:https://registry.npmjs.org/own-keys cache-miss
1257 http fetch GET 200 https://registry.npmjs.org/is-callable 60ms (cache miss)
1258 silly packumentCache full:https://registry.npmjs.org/is-callable set size:undefined disposed:false
1259 silly fetch manifest regexp.prototype.flags@^1.5.4
1260 silly packumentCache full:https://registry.npmjs.org/regexp.prototype.flags cache-miss
1261 http fetch GET 200 https://registry.npmjs.org/is-shared-array-buffer 44ms (cache miss)
1262 silly packumentCache full:https://registry.npmjs.org/is-shared-array-buffer set size:undefined disposed:false
1263 silly fetch manifest safe-array-concat@^1.1.3
1264 silly packumentCache full:https://registry.npmjs.org/safe-array-concat cache-miss
1265 http fetch GET 200 https://registry.npmjs.org/is-set 52ms (cache miss)
1266 silly packumentCache full:https://registry.npmjs.org/is-set set size:undefined disposed:false
1267 silly fetch manifest safe-push-apply@^1.0.0
1268 silly packumentCache full:https://registry.npmjs.org/safe-push-apply cache-miss
1269 http fetch GET 200 https://registry.npmjs.org/is-typed-array 41ms (cache miss)
1270 silly packumentCache full:https://registry.npmjs.org/is-typed-array set size:undefined disposed:false
1271 silly fetch manifest safe-regex-test@^1.1.0
1272 silly packumentCache full:https://registry.npmjs.org/safe-regex-test cache-miss
1273 http cache https://registry.npmjs.org/safe-regex-test 1ms (cache hit)
1274 silly packumentCache full:https://registry.npmjs.org/safe-regex-test set size:17412 disposed:false
1275 silly fetch manifest set-proto@^1.0.0
1276 silly packumentCache full:https://registry.npmjs.org/set-proto cache-miss
1277 http fetch GET 200 https://registry.npmjs.org/is-weakref 40ms (cache miss)
1278 silly packumentCache full:https://registry.npmjs.org/is-weakref set size:undefined disposed:false
1279 silly fetch manifest stop-iteration-iterator@^1.1.0
1280 silly packumentCache full:https://registry.npmjs.org/stop-iteration-iterator cache-miss
1281 http fetch GET 200 https://registry.npmjs.org/object.assign 35ms (cache miss)
1282 silly packumentCache full:https://registry.npmjs.org/object.assign set size:undefined disposed:false
1283 silly fetch manifest string.prototype.trim@^1.2.10
1284 silly packumentCache full:https://registry.npmjs.org/string.prototype.trim cache-miss
1285 http fetch GET 200 https://registry.npmjs.org/safe-array-concat 34ms (cache miss)
1286 silly packumentCache full:https://registry.npmjs.org/safe-array-concat set size:undefined disposed:false
1287 silly fetch manifest string.prototype.trimstart@^1.0.8
1288 silly packumentCache full:https://registry.npmjs.org/string.prototype.trimstart cache-miss
1289 http fetch GET 200 https://registry.npmjs.org/object-inspect 48ms (cache miss)
1290 silly packumentCache full:https://registry.npmjs.org/object-inspect set size:undefined disposed:false
1291 silly fetch manifest typed-array-buffer@^1.0.3
1292 silly packumentCache full:https://registry.npmjs.org/typed-array-buffer cache-miss
1293 http fetch GET 200 https://registry.npmjs.org/own-keys 46ms (cache miss)
1294 silly packumentCache full:https://registry.npmjs.org/own-keys set size:undefined disposed:false
1295 silly fetch manifest typed-array-byte-length@^1.0.3
1296 silly packumentCache full:https://registry.npmjs.org/typed-array-byte-length cache-miss
1297 http fetch GET 200 https://registry.npmjs.org/regexp.prototype.flags 46ms (cache miss)
1298 silly packumentCache full:https://registry.npmjs.org/regexp.prototype.flags set size:undefined disposed:false
1299 silly fetch manifest typed-array-byte-offset@^1.0.4
1300 silly packumentCache full:https://registry.npmjs.org/typed-array-byte-offset cache-miss
1301 http fetch GET 200 https://registry.npmjs.org/safe-push-apply 41ms (cache miss)
1302 silly packumentCache full:https://registry.npmjs.org/safe-push-apply set size:undefined disposed:false
1303 silly fetch manifest typed-array-length@^1.0.7
1304 silly packumentCache full:https://registry.npmjs.org/typed-array-length cache-miss
1305 http fetch GET 200 https://registry.npmjs.org/set-proto 42ms (cache miss)
1306 silly packumentCache full:https://registry.npmjs.org/set-proto set size:undefined disposed:false
1307 silly fetch manifest unbox-primitive@^1.1.0
1308 silly packumentCache full:https://registry.npmjs.org/unbox-primitive cache-miss
1309 http fetch GET 200 https://registry.npmjs.org/stop-iteration-iterator 39ms (cache miss)
1310 silly packumentCache full:https://registry.npmjs.org/stop-iteration-iterator set size:undefined disposed:false
1311 silly fetch manifest which-typed-array@^1.1.19
1312 silly packumentCache full:https://registry.npmjs.org/which-typed-array cache-miss
1313 http fetch GET 200 https://registry.npmjs.org/string.prototype.trim 35ms (cache miss)
1314 silly packumentCache full:https://registry.npmjs.org/string.prototype.trim set size:undefined disposed:false
1315 silly fetch manifest has-tostringtag@^1.0.2
1316 silly packumentCache full:https://registry.npmjs.org/has-tostringtag cache-miss
1317 http fetch GET 200 https://registry.npmjs.org/string.prototype.trimstart 34ms (cache miss)
1318 silly packumentCache full:https://registry.npmjs.org/string.prototype.trimstart set size:undefined disposed:false
1319 http fetch GET 200 https://registry.npmjs.org/typed-array-buffer 41ms (cache miss)
1320 silly packumentCache full:https://registry.npmjs.org/typed-array-buffer set size:undefined disposed:false
1321 http fetch GET 200 https://registry.npmjs.org/typed-array-byte-offset 44ms (cache miss)
1322 silly packumentCache full:https://registry.npmjs.org/typed-array-byte-offset set size:undefined disposed:false
1323 http fetch GET 200 https://registry.npmjs.org/unbox-primitive 40ms (cache miss)
1324 silly packumentCache full:https://registry.npmjs.org/unbox-primitive set size:undefined disposed:false
1325 http fetch GET 200 https://registry.npmjs.org/typed-array-byte-length 48ms (cache miss)
1326 silly packumentCache full:https://registry.npmjs.org/typed-array-byte-length set size:undefined disposed:false
1327 http fetch GET 200 https://registry.npmjs.org/has-tostringtag 31ms (cache miss)
1328 silly packumentCache full:https://registry.npmjs.org/has-tostringtag set size:undefined disposed:false
1329 http fetch GET 200 https://registry.npmjs.org/which-typed-array 44ms (cache miss)
1330 silly packumentCache full:https://registry.npmjs.org/which-typed-array set size:undefined disposed:false
1331 http fetch GET 200 https://registry.npmjs.org/typed-array-length 63ms (cache miss)
1332 silly packumentCache full:https://registry.npmjs.org/typed-array-length set size:undefined disposed:false
1333 http fetch GET 200 https://registry.npmjs.org/internal-slot 599ms (cache miss)
1334 silly packumentCache full:https://registry.npmjs.org/internal-slot set size:undefined disposed:false
1335 silly placeDep ROOT es-errors@1.3.0 OK for: array.prototype.findlastindex@1.2.6 want: ^1.3.0
1336 silly placeDep ROOT es-shim-unscopables@1.1.0 OK for: array.prototype.findlastindex@1.2.6 want: ^1.1.0
1337 silly placeDep ROOT call-bind-apply-helpers@1.0.2 OK for: call-bind@1.0.9 want: ^1.0.2
1338 silly placeDep ROOT es-define-property@1.0.1 OK for: call-bind@1.0.9 want: ^1.0.1
1339 silly placeDep ROOT set-function-length@1.2.2 OK for: call-bind@1.0.9 want: ^1.2.2
1340 silly fetch manifest define-data-property@^1.1.4
1341 silly packumentCache full:https://registry.npmjs.org/define-data-property cache-miss
1342 silly fetch manifest gopd@^1.0.1
1343 silly packumentCache full:https://registry.npmjs.org/gopd cache-miss
1344 http cache https://registry.npmjs.org/gopd 3ms (cache hit)
1345 silly packumentCache full:https://registry.npmjs.org/gopd set size:11483 disposed:false
1346 http cache https://registry.npmjs.org/define-data-property 4ms (cache hit)
1347 silly packumentCache full:https://registry.npmjs.org/define-data-property set size:28048 disposed:false
1348 silly placeDep ROOT function-bind@1.1.2 OK for: call-bind-apply-helpers@1.0.2 want: ^1.1.2
1349 silly placeDep ROOT define-data-property@1.1.4 OK for: define-properties@1.2.1 want: ^1.0.1
1350 silly placeDep ROOT has-property-descriptors@1.0.2 OK for: define-properties@1.2.1 want: ^1.0.0
1351 silly placeDep ROOT object-keys@1.1.1 OK for: define-properties@1.2.1 want: ^1.1.1
1352 silly placeDep ROOT gopd@1.2.0 OK for: define-data-property@1.1.4 want: ^1.0.1
1353 silly placeDep ROOT array-buffer-byte-length@1.0.2 OK for: es-abstract@1.24.2 want: ^1.0.2
1354 silly placeDep ROOT arraybuffer.prototype.slice@1.0.4 OK for: es-abstract@1.24.2 want: ^1.0.4
1355 silly placeDep ROOT available-typed-arrays@1.0.7 OK for: es-abstract@1.24.2 want: ^1.0.7
1356 silly placeDep ROOT data-view-buffer@1.0.2 OK for: es-abstract@1.24.2 want: ^1.0.2
1357 silly placeDep ROOT data-view-byte-length@1.0.2 OK for: es-abstract@1.24.2 want: ^1.0.2
1358 silly placeDep ROOT data-view-byte-offset@1.0.1 OK for: es-abstract@1.24.2 want: ^1.0.1
1359 silly placeDep ROOT es-set-tostringtag@2.1.0 OK for: es-abstract@1.24.2 want: ^2.1.0
1360 silly placeDep ROOT es-to-primitive@1.3.4 OK for: es-abstract@1.24.2 want: ^1.3.0
1361 silly placeDep ROOT function.prototype.name@1.2.0 OK for: es-abstract@1.24.2 want: ^1.1.8
1362 silly placeDep ROOT get-proto@1.0.1 OK for: es-abstract@1.24.2 want: ^1.0.1
1363 silly placeDep ROOT get-symbol-description@1.1.0 OK for: es-abstract@1.24.2 want: ^1.1.0
1364 silly placeDep ROOT globalthis@1.0.4 OK for: es-abstract@1.24.2 want: ^1.0.4
1365 silly placeDep ROOT has-proto@1.2.0 OK for: es-abstract@1.24.2 want: ^1.2.0
1366 silly placeDep ROOT has-symbols@1.1.0 OK for: es-abstract@1.24.2 want: ^1.1.0
1367 silly placeDep ROOT internal-slot@1.1.0 OK for: es-abstract@1.24.2 want: ^1.1.0
1368 silly placeDep ROOT is-array-buffer@3.0.5 OK for: es-abstract@1.24.2 want: ^3.0.5
1369 silly placeDep ROOT is-callable@1.2.7 OK for: es-abstract@1.24.2 want: ^1.2.7
1370 silly placeDep ROOT is-data-view@1.0.2 OK for: es-abstract@1.24.2 want: ^1.0.2
1371 silly placeDep ROOT is-negative-zero@2.0.3 OK for: es-abstract@1.24.2 want: ^2.0.3
1372 silly placeDep ROOT is-regex@1.2.1 OK for: es-abstract@1.24.2 want: ^1.2.1
1373 silly placeDep ROOT is-set@2.0.3 OK for: es-abstract@1.24.2 want: ^2.0.3
1374 silly placeDep ROOT is-shared-array-buffer@1.0.4 OK for: es-abstract@1.24.2 want: ^1.0.4
1375 silly placeDep ROOT is-typed-array@1.1.15 OK for: es-abstract@1.24.2 want: ^1.1.15
1376 silly placeDep ROOT is-weakref@1.1.1 OK for: es-abstract@1.24.2 want: ^1.1.1
1377 silly placeDep ROOT object-inspect@1.13.4 OK for: es-abstract@1.24.2 want: ^1.13.4
1378 silly placeDep ROOT object.assign@4.1.7 OK for: es-abstract@1.24.2 want: ^4.1.7
1379 silly placeDep ROOT own-keys@1.0.2 OK for: es-abstract@1.24.2 want: ^1.0.1
1380 silly placeDep ROOT regexp.prototype.flags@1.5.4 OK for: es-abstract@1.24.2 want: ^1.5.4
1381 silly placeDep ROOT safe-array-concat@1.1.4 OK for: es-abstract@1.24.2 want: ^1.1.3
1382 silly placeDep ROOT safe-push-apply@1.0.0 OK for: es-abstract@1.24.2 want: ^1.0.0
1383 silly placeDep ROOT safe-regex-test@1.1.0 OK for: es-abstract@1.24.2 want: ^1.1.0
1384 silly placeDep ROOT set-proto@1.0.0 OK for: es-abstract@1.24.2 want: ^1.0.0
1385 silly placeDep ROOT stop-iteration-iterator@1.1.0 OK for: es-abstract@1.24.2 want: ^1.1.0
1386 silly placeDep ROOT string.prototype.trim@1.2.11 OK for: es-abstract@1.24.2 want: ^1.2.10
1387 silly placeDep ROOT string.prototype.trimstart@1.0.8 OK for: es-abstract@1.24.2 want: ^1.0.8
1388 silly placeDep ROOT typed-array-buffer@1.0.3 OK for: es-abstract@1.24.2 want: ^1.0.3
1389 silly placeDep ROOT typed-array-byte-length@1.0.3 OK for: es-abstract@1.24.2 want: ^1.0.3
1390 silly placeDep ROOT typed-array-byte-offset@1.0.4 OK for: es-abstract@1.24.2 want: ^1.0.4
1391 silly placeDep ROOT typed-array-length@1.0.8 OK for: es-abstract@1.24.2 want: ^1.0.7
1392 silly placeDep ROOT unbox-primitive@1.1.0 OK for: es-abstract@1.24.2 want: ^1.1.0
1393 silly placeDep ROOT which-typed-array@1.1.22 OK for: es-abstract@1.24.2 want: ^1.1.19
1394 silly fetch manifest is-array-buffer@^3.0.4
1395 silly packumentCache full:https://registry.npmjs.org/is-array-buffer cache-miss
1396 silly fetch manifest possible-typed-array-names@^1.0.0
1397 silly packumentCache full:https://registry.npmjs.org/possible-typed-array-names cache-miss
1398 silly fetch manifest is-data-view@^1.0.1
1399 silly packumentCache full:https://registry.npmjs.org/is-data-view cache-miss
1400 silly fetch manifest is-symbol@^1.1.1
1401 silly packumentCache full:https://registry.npmjs.org/is-symbol cache-miss
1402 silly fetch manifest is-date-object@^1.1.0
1403 silly packumentCache full:https://registry.npmjs.org/is-date-object cache-miss
1404 silly fetch manifest es-abstract-get@^1.0.0
1405 silly packumentCache full:https://registry.npmjs.org/es-abstract-get cache-miss
1406 silly fetch manifest is-document.all@^1.0.0
1407 silly packumentCache full:https://registry.npmjs.org/is-document.all cache-miss
1408 silly fetch manifest functions-have-names@^1.2.3
1409 silly packumentCache full:https://registry.npmjs.org/functions-have-names cache-miss
1410 silly fetch manifest dunder-proto@^1.0.1
1411 silly packumentCache full:https://registry.npmjs.org/dunder-proto cache-miss
1412 http cache https://registry.npmjs.org/is-data-view 3ms (cache hit)
1413 silly packumentCache full:https://registry.npmjs.org/is-data-view set size:13756 disposed:false
1414 silly fetch manifest dunder-proto@^1.0.0
1415 silly packumentCache full:https://registry.npmjs.org/dunder-proto cache-miss
1416 http cache https://registry.npmjs.org/is-array-buffer 4ms (cache hit)
1417 silly packumentCache full:https://registry.npmjs.org/is-array-buffer set size:33562 disposed:false
1418 silly fetch manifest side-channel@^1.1.0
1419 silly packumentCache full:https://registry.npmjs.org/side-channel cache-miss
1420 http fetch GET 200 https://registry.npmjs.org/functions-have-names 35ms (cache miss)
1421 silly packumentCache full:https://registry.npmjs.org/functions-have-names set size:undefined disposed:false
1422 silly fetch manifest is-typed-array@^1.1.13
1423 silly packumentCache full:https://registry.npmjs.org/is-typed-array cache-miss
1424 http fetch GET 200 https://registry.npmjs.org/possible-typed-array-names 37ms (cache miss)
1425 silly packumentCache full:https://registry.npmjs.org/possible-typed-array-names set size:undefined disposed:false
1426 silly fetch manifest which-typed-array@^1.1.16
1427 silly packumentCache full:https://registry.npmjs.org/which-typed-array cache-miss
1428 http cache https://registry.npmjs.org/is-typed-array 2ms (cache hit)
1429 silly packumentCache full:https://registry.npmjs.org/is-typed-array set size:79965 disposed:false
1430 silly fetch manifest set-function-name@^2.0.2
1431 silly packumentCache full:https://registry.npmjs.org/set-function-name cache-miss
1432 http cache https://registry.npmjs.org/which-typed-array 3ms (cache hit)
1433 silly packumentCache full:https://registry.npmjs.org/which-typed-array set size:101551 disposed:false
1434 silly fetch manifest isarray@^2.0.5
1435 silly packumentCache full:https://registry.npmjs.org/isarray cache-miss
1436 http fetch GET 200 https://registry.npmjs.org/es-abstract-get 43ms (cache miss)
1437 silly packumentCache full:https://registry.npmjs.org/es-abstract-get set size:undefined disposed:false
1438 silly fetch manifest isarray@^2.0.5
1439 silly packumentCache full:https://registry.npmjs.org/isarray cache-miss
1440 http fetch GET 200 https://registry.npmjs.org/dunder-proto 43ms (cache miss)
1441 silly packumentCache full:https://registry.npmjs.org/dunder-proto set size:undefined disposed:false
1442 silly fetch manifest for-each@^0.3.3
1443 silly packumentCache full:https://registry.npmjs.org/for-each cache-miss
1444 http fetch GET 200 https://registry.npmjs.org/side-channel 41ms (cache miss)
1445 silly packumentCache full:https://registry.npmjs.org/side-channel set size:undefined disposed:false
1446 silly fetch manifest for-each@^0.3.3
1447 silly packumentCache full:https://registry.npmjs.org/for-each cache-miss
1448 http fetch GET 200 https://registry.npmjs.org/is-date-object 46ms (cache miss)
1449 silly packumentCache full:https://registry.npmjs.org/is-date-object set size:undefined disposed:false
1450 silly fetch manifest reflect.getprototypeof@^1.0.9
1451 silly packumentCache full:https://registry.npmjs.org/reflect.getprototypeof cache-miss
1452 http fetch GET 200 https://registry.npmjs.org/is-symbol 47ms (cache miss)
1453 silly packumentCache full:https://registry.npmjs.org/is-symbol set size:undefined disposed:false
1454 silly fetch manifest for-each@^0.3.5
1455 silly packumentCache full:https://registry.npmjs.org/for-each cache-miss
1456 http fetch GET 200 https://registry.npmjs.org/dunder-proto 47ms (cache miss)
1457 silly packumentCache full:https://registry.npmjs.org/dunder-proto set size:undefined disposed:false
1458 silly fetch manifest possible-typed-array-names@^1.1.0
1459 silly packumentCache full:https://registry.npmjs.org/possible-typed-array-names cache-miss
1460 http cache https://registry.npmjs.org/possible-typed-array-names 1ms (cache hit)
1461 silly packumentCache full:https://registry.npmjs.org/possible-typed-array-names set size:9167 disposed:false
1462 silly fetch manifest reflect.getprototypeof@^1.0.10
1463 silly packumentCache full:https://registry.npmjs.org/reflect.getprototypeof cache-miss
1464 http fetch GET 200 https://registry.npmjs.org/is-document.all 52ms (cache miss)
1465 silly packumentCache full:https://registry.npmjs.org/is-document.all set size:undefined disposed:false
1466 silly fetch manifest has-bigints@^1.0.2
1467 silly packumentCache full:https://registry.npmjs.org/has-bigints cache-miss
1468 http fetch GET 200 https://registry.npmjs.org/set-function-name 34ms (cache miss)
1469 silly packumentCache full:https://registry.npmjs.org/set-function-name set size:undefined disposed:false
1470 silly fetch manifest which-boxed-primitive@^1.1.1
1471 silly packumentCache full:https://registry.npmjs.org/which-boxed-primitive cache-miss
1472 http fetch GET 200 https://registry.npmjs.org/isarray 37ms (cache miss)
1473 silly packumentCache full:https://registry.npmjs.org/isarray set size:undefined disposed:false
1474 silly fetch manifest for-each@^0.3.5
1475 silly packumentCache full:https://registry.npmjs.org/for-each cache-miss
1476 http fetch GET 200 https://registry.npmjs.org/isarray 38ms (cache miss)
1477 silly packumentCache full:https://registry.npmjs.org/isarray set size:undefined disposed:false
1478 http fetch GET 200 https://registry.npmjs.org/for-each 42ms (cache miss)
1479 silly packumentCache full:https://registry.npmjs.org/for-each set size:undefined disposed:false
1480 http fetch GET 200 https://registry.npmjs.org/for-each 43ms (cache miss)
1481 silly packumentCache full:https://registry.npmjs.org/for-each set size:undefined disposed:false
1482 http fetch GET 200 https://registry.npmjs.org/reflect.getprototypeof 48ms (cache miss)
1483 silly packumentCache full:https://registry.npmjs.org/reflect.getprototypeof set size:undefined disposed:false
1484 http fetch GET 200 https://registry.npmjs.org/for-each 50ms (cache miss)
1485 silly packumentCache full:https://registry.npmjs.org/for-each set size:undefined disposed:false
1486 http fetch GET 200 https://registry.npmjs.org/has-bigints 43ms (cache miss)
1487 silly packumentCache full:https://registry.npmjs.org/has-bigints set size:undefined disposed:false
1488 http fetch GET 200 https://registry.npmjs.org/which-boxed-primitive 32ms (cache miss)
1489 silly packumentCache full:https://registry.npmjs.org/which-boxed-primitive set size:undefined disposed:false
1490 http fetch GET 200 https://registry.npmjs.org/for-each 33ms (cache miss)
1491 silly packumentCache full:https://registry.npmjs.org/for-each set size:undefined disposed:false
1492 http fetch GET 200 https://registry.npmjs.org/reflect.getprototypeof 64ms (cache miss)
1493 silly packumentCache full:https://registry.npmjs.org/reflect.getprototypeof set size:undefined disposed:false
1494 silly placeDep ROOT possible-typed-array-names@1.1.0 OK for: available-typed-arrays@1.0.7 want: ^1.0.0
1495 silly placeDep ROOT has-tostringtag@1.0.2 OK for: es-set-tostringtag@2.1.0 want: ^1.0.2
1496 silly placeDep ROOT es-abstract-get@1.0.0 OK for: es-to-primitive@1.3.4 want: ^1.0.0
1497 silly placeDep ROOT is-date-object@1.1.0 OK for: es-to-primitive@1.3.4 want: ^1.1.0
1498 silly placeDep ROOT is-symbol@1.1.1 OK for: es-to-primitive@1.3.4 want: ^1.1.1
1499 silly placeDep node_modules/eslint-module-utils debug@3.2.7 OK for: eslint-module-utils@2.14.0 want: ^3.2.7
1500 silly placeDep ROOT aria-query@5.3.2 OK for: eslint-plugin-jsx-a11y@6.10.2 want: ^5.3.2
1501 silly placeDep ROOT ast-types-flow@0.0.8 OK for: eslint-plugin-jsx-a11y@6.10.2 want: ^0.0.8
1502 silly placeDep ROOT axe-core@4.12.1 OK for: eslint-plugin-jsx-a11y@6.10.2 want: ^4.10.0
1503 silly placeDep ROOT axobject-query@4.1.0 OK for: eslint-plugin-jsx-a11y@6.10.2 want: ^4.1.0
1504 silly placeDep ROOT damerau-levenshtein@1.0.8 OK for: eslint-plugin-jsx-a11y@6.10.2 want: ^1.0.8
1505 silly placeDep ROOT emoji-regex@9.2.2 OK for: eslint-plugin-jsx-a11y@6.10.2 want: ^9.2.2
1506 silly placeDep ROOT jsx-ast-utils@3.3.5 OK for: eslint-plugin-jsx-a11y@6.10.2 want: ^3.3.5
1507 silly placeDep ROOT language-tags@1.0.9 OK for: eslint-plugin-jsx-a11y@6.10.2 want: ^1.0.9
1508 silly placeDep ROOT string.prototype.includes@2.0.1 OK for: eslint-plugin-jsx-a11y@6.10.2 want: ^2.0.1
1509 silly fetch manifest language-subtag-registry@^0.3.20
1510 silly packumentCache full:https://registry.npmjs.org/language-subtag-registry cache-miss
1511 http fetch GET 200 https://registry.npmjs.org/language-subtag-registry 42ms (cache miss)
1512 silly packumentCache full:https://registry.npmjs.org/language-subtag-registry set size:undefined disposed:false
1513 silly placeDep ROOT array.prototype.findlast@1.2.5 OK for: eslint-plugin-react@7.37.5 want: ^1.2.5
1514 silly placeDep ROOT array.prototype.tosorted@1.1.4 OK for: eslint-plugin-react@7.37.5 want: ^1.1.4
1515 silly placeDep ROOT es-iterator-helpers@1.4.0 OK for: eslint-plugin-react@7.37.5 want: ^1.2.1
1516 silly placeDep ROOT estraverse@5.3.0 OK for: eslint-plugin-react@7.37.5 want: ^5.3.0
1517 silly placeDep ROOT object.entries@1.1.9 OK for: eslint-plugin-react@7.37.5 want: ^1.1.9
1518 silly placeDep ROOT prop-types@15.8.1 OK for: eslint-plugin-react@7.37.5 want: ^15.8.1
1519 silly placeDep ROOT string.prototype.matchall@4.0.12 OK for: eslint-plugin-react@7.37.5 want: ^4.0.12
1520 silly placeDep ROOT string.prototype.repeat@1.0.0 OK for: eslint-plugin-react@7.37.5 want: ^1.0.0
1521 silly fetch manifest iterator.prototype@^1.1.5
1522 silly packumentCache full:https://registry.npmjs.org/iterator.prototype cache-miss
1523 silly fetch manifest loose-envify@^1.4.0
1524 silly packumentCache full:https://registry.npmjs.org/loose-envify cache-miss
1525 silly fetch manifest object-assign@^4.1.1
1526 silly packumentCache full:https://registry.npmjs.org/object-assign cache-miss
1527 silly fetch manifest react-is@^16.13.1
1528 silly packumentCache full:https://registry.npmjs.org/react-is cache-miss
1529 http fetch GET 200 https://registry.npmjs.org/iterator.prototype 41ms (cache miss)
1530 silly packumentCache full:https://registry.npmjs.org/iterator.prototype set size:undefined disposed:false
1531 http fetch GET 200 https://registry.npmjs.org/loose-envify 42ms (cache miss)
1532 silly packumentCache full:https://registry.npmjs.org/loose-envify set size:undefined disposed:false
1533 http fetch GET 200 https://registry.npmjs.org/object-assign 44ms (cache miss)
1534 silly packumentCache full:https://registry.npmjs.org/object-assign set size:undefined disposed:false
1535 http fetch GET 200 https://registry.npmjs.org/react-is 265ms (cache miss)
1536 silly packumentCache full:https://registry.npmjs.org/react-is set size:undefined disposed:false
1537 silly placeDep ROOT iterator.prototype@1.1.5 OK for: es-iterator-helpers@1.4.0 want: ^1.1.5
1538 silly placeDep ROOT @babel/core@7.29.7 OK for: eslint-plugin-react-hooks@7.1.1 want: ^7.24.4
1539 silly placeDep ROOT @babel/parser@7.29.8 OK for: eslint-plugin-react-hooks@7.1.1 want: ^7.24.4
1540 silly placeDep ROOT hermes-parser@0.25.1 OK for: eslint-plugin-react-hooks@7.1.1 want: ^0.25.1
1541 silly placeDep ROOT zod@4.4.3 OK for: eslint-plugin-react-hooks@7.1.1 want: ^3.25.0 || ^4.0.0
1542 silly placeDep ROOT zod-validation-error@4.0.2 OK for: eslint-plugin-react-hooks@7.1.1 want: ^3.5.0 || ^4.0.0
1543 silly fetch manifest json5@^2.2.3
1544 silly packumentCache full:https://registry.npmjs.org/json5 cache-miss
1545 silly fetch manifest gensync@^1.0.0-beta.2
1546 silly packumentCache full:https://registry.npmjs.org/gensync cache-miss
1547 silly fetch manifest @babel/types@^7.29.7
1548 silly packumentCache full:https://registry.npmjs.org/@babel%2ftypes cache-miss
1549 silly fetch manifest @babel/parser@^7.29.7
1550 silly packumentCache full:https://registry.npmjs.org/@babel%2fparser cache-miss
1551 silly fetch manifest @babel/helpers@^7.29.7
1552 silly packumentCache full:https://registry.npmjs.org/@babel%2fhelpers cache-miss
1553 silly fetch manifest @babel/template@^7.29.7
1554 silly packumentCache full:https://registry.npmjs.org/@babel%2ftemplate cache-miss
1555 silly fetch manifest @babel/traverse@^7.29.7
1556 silly packumentCache full:https://registry.npmjs.org/@babel%2ftraverse cache-miss
1557 silly fetch manifest @babel/generator@^7.29.7
1558 silly packumentCache full:https://registry.npmjs.org/@babel%2fgenerator cache-miss
1559 silly fetch manifest @babel/code-frame@^7.29.7
1560 silly packumentCache full:https://registry.npmjs.org/@babel%2fcode-frame cache-miss
1561 http cache https://registry.npmjs.org/json5 3ms (cache hit)
1562 silly packumentCache full:https://registry.npmjs.org/json5 set size:86136 disposed:false
1563 silly fetch manifest convert-source-map@^2.0.0
1564 silly packumentCache full:https://registry.npmjs.org/convert-source-map cache-miss
1565 http cache https://registry.npmjs.org/@babel%2fparser 4ms (cache hit)
1566 silly packumentCache full:https://registry.npmjs.org/@babel%2fparser set size:737962 disposed:false
1567 silly fetch manifest @jridgewell/remapping@^2.3.5
1568 silly packumentCache full:https://registry.npmjs.org/@jridgewell%2fremapping cache-miss
1569 http fetch GET 200 https://registry.npmjs.org/gensync 47ms (cache miss)
1570 silly packumentCache full:https://registry.npmjs.org/gensync set size:undefined disposed:false
1571 silly fetch manifest @babel/helper-module-transforms@^7.29.7
1572 silly packumentCache full:https://registry.npmjs.org/@babel%2fhelper-module-transforms cache-miss
1573 http fetch GET 200 https://registry.npmjs.org/convert-source-map 46ms (cache miss)
1574 silly packumentCache full:https://registry.npmjs.org/convert-source-map set size:undefined disposed:false
1575 silly fetch manifest @babel/helper-compilation-targets@^7.29.7
1576 silly packumentCache full:https://registry.npmjs.org/@babel%2fhelper-compilation-targets cache-miss
1577 http fetch GET 200 https://registry.npmjs.org/@jridgewell%2fremapping 53ms (cache miss)
1578 silly packumentCache full:https://registry.npmjs.org/@jridgewell%2fremapping set size:undefined disposed:false
1579 silly fetch manifest @babel/types@^7.29.8
1580 silly packumentCache full:https://registry.npmjs.org/@babel%2ftypes cache-miss
1581 http fetch GET 200 https://registry.npmjs.org/@babel%2fhelpers 62ms (cache miss)
1582 silly packumentCache full:https://registry.npmjs.org/@babel%2fhelpers set size:undefined disposed:false
1583 silly fetch manifest hermes-estree@0.25.1
1584 silly packumentCache full:https://registry.npmjs.org/hermes-estree cache-miss
1585 http fetch GET 200 https://registry.npmjs.org/@babel%2fcode-frame 74ms (cache miss)
1586 silly packumentCache full:https://registry.npmjs.org/@babel%2fcode-frame set size:undefined disposed:false
1587 http fetch GET 200 https://registry.npmjs.org/@babel%2ftypes 78ms (cache miss)
1588 silly packumentCache full:https://registry.npmjs.org/@babel%2ftypes set size:undefined disposed:false
1589 http fetch GET 200 https://registry.npmjs.org/@babel%2fgenerator 81ms (cache miss)
1590 silly packumentCache full:https://registry.npmjs.org/@babel%2fgenerator set size:undefined disposed:false
1591 http fetch GET 200 https://registry.npmjs.org/hermes-estree 39ms (cache miss)
1592 silly packumentCache full:https://registry.npmjs.org/hermes-estree set size:undefined disposed:false
1593 http fetch GET 200 https://registry.npmjs.org/@babel%2fhelper-compilation-targets 58ms (cache miss)
1594 silly packumentCache full:https://registry.npmjs.org/@babel%2fhelper-compilation-targets set size:undefined disposed:false
1595 http fetch GET 200 https://registry.npmjs.org/@babel%2ftraverse 126ms (cache miss)
1596 silly packumentCache full:https://registry.npmjs.org/@babel%2ftraverse set size:undefined disposed:false
1597 http fetch GET 200 https://registry.npmjs.org/@babel%2ftypes 75ms (cache miss)
1598 silly packumentCache full:https://registry.npmjs.org/@babel%2ftypes set size:undefined disposed:false
1599 http fetch GET 200 https://registry.npmjs.org/@babel%2fhelper-module-transforms 99ms (cache miss)
1600 silly packumentCache full:https://registry.npmjs.org/@babel%2fhelper-module-transforms set size:undefined disposed:false
1601 http fetch GET 200 https://registry.npmjs.org/@babel%2ftemplate 196ms (cache miss)
1602 silly packumentCache full:https://registry.npmjs.org/@babel%2ftemplate set size:undefined disposed:false
1603 silly fetch manifest @babel/core@^7.0.0
1604 silly packumentCache full:https://registry.npmjs.org/@babel%2fcore cache-miss
1605 http cache https://registry.npmjs.org/@babel%2fcore 3ms (cache hit)
1606 silly packumentCache full:https://registry.npmjs.org/@babel%2fcore set size:788273 disposed:false
1607 silly placeDep ROOT @babel/code-frame@7.29.7 OK for: @babel/core@7.29.7 want: ^7.29.7
1608 silly placeDep ROOT @babel/generator@7.29.8 OK for: @babel/core@7.29.7 want: ^7.29.7
1609 silly placeDep ROOT @babel/helper-compilation-targets@7.29.7 OK for: @babel/core@7.29.7 want: ^7.29.7
1610 silly placeDep ROOT @babel/helper-module-transforms@7.29.7 OK for: @babel/core@7.29.7 want: ^7.29.7
1611 silly placeDep ROOT @babel/helpers@7.29.7 OK for: @babel/core@7.29.7 want: ^7.29.7
1612 silly placeDep ROOT @babel/template@7.29.7 OK for: @babel/core@7.29.7 want: ^7.29.7
1613 silly placeDep ROOT @babel/traverse@7.29.8 OK for: @babel/core@7.29.7 want: ^7.29.7
1614 silly placeDep ROOT @babel/types@7.29.8 OK for: @babel/core@7.29.7 want: ^7.29.7
1615 silly placeDep ROOT @jridgewell/remapping@2.3.5 OK for: @babel/core@7.29.7 want: ^2.3.5
1616 silly placeDep ROOT convert-source-map@2.0.0 OK for: @babel/core@7.29.7 want: ^2.0.0
1617 silly placeDep ROOT gensync@1.0.0-beta.2 OK for: @babel/core@7.29.7 want: ^1.0.0-beta.2
1618 silly placeDep ROOT json5@2.2.3 OK for: @babel/core@7.29.7 want: ^2.2.3
1619 silly fetch manifest js-tokens@^4.0.0
1620 silly packumentCache full:https://registry.npmjs.org/js-tokens cache-miss
1621 silly fetch manifest picocolors@^1.1.1
1622 silly packumentCache full:https://registry.npmjs.org/picocolors cache-miss
1623 silly fetch manifest @babel/helper-validator-identifier@^7.29.7
1624 silly packumentCache full:https://registry.npmjs.org/@babel%2fhelper-validator-identifier cache-miss
1625 silly fetch manifest jsesc@^3.0.2
1626 silly packumentCache full:https://registry.npmjs.org/jsesc cache-miss
1627 silly fetch manifest @jridgewell/gen-mapping@^0.3.12
1628 silly packumentCache full:https://registry.npmjs.org/@jridgewell%2fgen-mapping cache-miss
1629 silly fetch manifest @jridgewell/trace-mapping@^0.3.28
1630 silly packumentCache full:https://registry.npmjs.org/@jridgewell%2ftrace-mapping cache-miss
1631 silly fetch manifest lru-cache@^5.1.1
1632 silly packumentCache full:https://registry.npmjs.org/lru-cache cache-miss
1633 silly fetch manifest browserslist@^4.24.0
1634 silly packumentCache full:https://registry.npmjs.org/browserslist cache-miss
1635 silly fetch manifest @babel/compat-data@^7.29.7
1636 silly packumentCache full:https://registry.npmjs.org/@babel%2fcompat-data cache-miss
1637 http fetch GET 200 https://registry.npmjs.org/jsesc 39ms (cache miss)
1638 silly packumentCache full:https://registry.npmjs.org/jsesc set size:undefined disposed:false
1639 silly fetch manifest @babel/helper-validator-option@^7.29.7
1640 silly packumentCache full:https://registry.npmjs.org/@babel%2fhelper-validator-option cache-miss
1641 http fetch GET 200 https://registry.npmjs.org/picocolors 40ms (cache miss)
1642 silly packumentCache full:https://registry.npmjs.org/picocolors set size:undefined disposed:false
1643 silly fetch manifest @babel/helper-module-imports@^7.29.7
1644 silly packumentCache full:https://registry.npmjs.org/@babel%2fhelper-module-imports cache-miss
1645 http fetch GET 200 https://registry.npmjs.org/js-tokens 44ms (cache miss)
1646 silly packumentCache full:https://registry.npmjs.org/js-tokens set size:undefined disposed:false
1647 silly fetch manifest @babel/helper-validator-identifier@^7.29.7
1648 silly packumentCache full:https://registry.npmjs.org/@babel%2fhelper-validator-identifier cache-miss
1649 http fetch GET 200 https://registry.npmjs.org/@babel%2fhelper-validator-identifier 54ms (cache miss)
1650 silly packumentCache full:https://registry.npmjs.org/@babel%2fhelper-validator-identifier set size:undefined disposed:false
1651 silly fetch manifest @babel/helper-globals@^7.29.7
1652 silly packumentCache full:https://registry.npmjs.org/@babel%2fhelper-globals cache-miss
1653 http fetch GET 200 https://registry.npmjs.org/@jridgewell%2fgen-mapping 60ms (cache miss)
1654 silly packumentCache full:https://registry.npmjs.org/@jridgewell%2fgen-mapping set size:undefined disposed:false
1655 silly fetch manifest @babel/helper-string-parser@^7.29.7
1656 silly packumentCache full:https://registry.npmjs.org/@babel%2fhelper-string-parser cache-miss
1657 http fetch GET 200 https://registry.npmjs.org/lru-cache 62ms (cache miss)
1658 silly packumentCache full:https://registry.npmjs.org/lru-cache set size:undefined disposed:false
1659 silly fetch manifest @jridgewell/gen-mapping@^0.3.5
1660 silly packumentCache full:https://registry.npmjs.org/@jridgewell%2fgen-mapping cache-miss
1661 http cache https://registry.npmjs.org/@jridgewell%2fgen-mapping 1ms (cache hit)
1662 silly packumentCache full:https://registry.npmjs.org/@jridgewell%2fgen-mapping set size:75941 disposed:false
1663 silly fetch manifest @jridgewell/trace-mapping@^0.3.24
1664 silly packumentCache full:https://registry.npmjs.org/@jridgewell%2ftrace-mapping cache-miss
1665 http fetch GET 200 https://registry.npmjs.org/@jridgewell%2ftrace-mapping 74ms (cache miss)
1666 silly packumentCache full:https://registry.npmjs.org/@jridgewell%2ftrace-mapping set size:undefined disposed:false
1667 http fetch GET 200 https://registry.npmjs.org/@babel%2fhelper-validator-option 43ms (cache miss)
1668 silly packumentCache full:https://registry.npmjs.org/@babel%2fhelper-validator-option set size:undefined disposed:false
1669 http fetch GET 200 https://registry.npmjs.org/@babel%2fhelper-module-imports 52ms (cache miss)
1670 silly packumentCache full:https://registry.npmjs.org/@babel%2fhelper-module-imports set size:undefined disposed:false
1671 http fetch GET 200 https://registry.npmjs.org/@babel%2fhelper-globals 45ms (cache miss)
1672 silly packumentCache full:https://registry.npmjs.org/@babel%2fhelper-globals set size:undefined disposed:false
1673 http fetch GET 200 https://registry.npmjs.org/@babel%2fhelper-validator-identifier 56ms (cache miss)
1674 silly packumentCache full:https://registry.npmjs.org/@babel%2fhelper-validator-identifier set size:undefined disposed:false
1675 http fetch GET 200 https://registry.npmjs.org/@babel%2fhelper-string-parser 53ms (cache miss)
1676 silly packumentCache full:https://registry.npmjs.org/@babel%2fhelper-string-parser set size:undefined disposed:false
1677 http fetch GET 200 https://registry.npmjs.org/@jridgewell%2ftrace-mapping 56ms (cache miss)
1678 silly packumentCache full:https://registry.npmjs.org/@jridgewell%2ftrace-mapping set size:undefined disposed:false
1679 http fetch GET 200 https://registry.npmjs.org/browserslist 123ms (cache miss)
1680 silly packumentCache full:https://registry.npmjs.org/browserslist set size:undefined disposed:false
1681 http fetch GET 200 https://registry.npmjs.org/@babel%2fcompat-data 166ms (cache miss)
1682 silly packumentCache full:https://registry.npmjs.org/@babel%2fcompat-data set size:undefined disposed:false
1683 silly placeDep ROOT @babel/helper-validator-identifier@7.29.7 OK for: @babel/code-frame@7.29.7 want: ^7.29.7
1684 silly placeDep ROOT js-tokens@4.0.0 OK for: @babel/code-frame@7.29.7 want: ^4.0.0
1685 silly placeDep ROOT picocolors@1.1.1 OK for: @babel/code-frame@7.29.7 want: ^1.1.1
1686 silly placeDep ROOT @jridgewell/gen-mapping@0.3.13 OK for: @babel/generator@7.29.8 want: ^0.3.12
1687 silly placeDep ROOT @jridgewell/trace-mapping@0.3.31 OK for: @babel/generator@7.29.8 want: ^0.3.28
1688 silly placeDep ROOT jsesc@3.1.0 OK for: @babel/generator@7.29.8 want: ^3.0.2
1689 silly fetch manifest @jridgewell/sourcemap-codec@^1.5.0
1690 silly packumentCache full:https://registry.npmjs.org/@jridgewell%2fsourcemap-codec cache-miss
1691 silly fetch manifest @jridgewell/resolve-uri@^3.1.0
1692 silly packumentCache full:https://registry.npmjs.org/@jridgewell%2fresolve-uri cache-miss
1693 silly fetch manifest @jridgewell/sourcemap-codec@^1.4.14
1694 silly packumentCache full:https://registry.npmjs.org/@jridgewell%2fsourcemap-codec cache-miss
1695 http fetch GET 200 https://registry.npmjs.org/@jridgewell%2fsourcemap-codec 45ms (cache miss)
1696 silly packumentCache full:https://registry.npmjs.org/@jridgewell%2fsourcemap-codec set size:undefined disposed:false
1697 http fetch GET 200 https://registry.npmjs.org/@jridgewell%2fresolve-uri 46ms (cache miss)
1698 silly packumentCache full:https://registry.npmjs.org/@jridgewell%2fresolve-uri set size:undefined disposed:false
1699 http fetch GET 200 https://registry.npmjs.org/@jridgewell%2fsourcemap-codec 59ms (cache miss)
1700 silly packumentCache full:https://registry.npmjs.org/@jridgewell%2fsourcemap-codec set size:undefined disposed:false
1701 silly placeDep ROOT @babel/compat-data@7.29.7 OK for: @babel/helper-compilation-targets@7.29.7 want: ^7.29.7
1702 silly placeDep ROOT @babel/helper-validator-option@7.29.7 OK for: @babel/helper-compilation-targets@7.29.7 want: ^7.29.7
1703 silly placeDep ROOT browserslist@4.28.7 OK for: @babel/helper-compilation-targets@7.29.7 want: ^4.24.0
1704 silly placeDep ROOT lru-cache@5.1.1 OK for: @babel/helper-compilation-targets@7.29.7 want: ^5.1.1
1705 silly fetch manifest caniuse-lite@^1.0.30001806
1706 silly packumentCache full:https://registry.npmjs.org/caniuse-lite cache-miss
1707 silly fetch manifest node-releases@^2.0.51
1708 silly packumentCache full:https://registry.npmjs.org/node-releases cache-miss
1709 silly fetch manifest electron-to-chromium@^1.5.393
1710 silly packumentCache full:https://registry.npmjs.org/electron-to-chromium cache-miss
1711 silly fetch manifest update-browserslist-db@^1.2.3
1712 silly packumentCache full:https://registry.npmjs.org/update-browserslist-db cache-miss
1713 silly fetch manifest baseline-browser-mapping@^2.10.44
1714 silly packumentCache full:https://registry.npmjs.org/baseline-browser-mapping cache-miss
1715 silly fetch manifest yallist@^3.0.2
1716 silly packumentCache full:https://registry.npmjs.org/yallist cache-miss
1717 http cache https://registry.npmjs.org/baseline-browser-mapping 3ms (cache hit)
1718 silly packumentCache full:https://registry.npmjs.org/baseline-browser-mapping set size:584948 disposed:false
1719 http cache https://registry.npmjs.org/caniuse-lite 7ms (cache hit)
1720 silly packumentCache full:https://registry.npmjs.org/caniuse-lite set size:2306880 disposed:false
1721 http fetch GET 200 https://registry.npmjs.org/update-browserslist-db 45ms (cache miss)
1722 silly packumentCache full:https://registry.npmjs.org/update-browserslist-db set size:undefined disposed:false
1723 http fetch GET 200 https://registry.npmjs.org/yallist 47ms (cache miss)
1724 silly packumentCache full:https://registry.npmjs.org/yallist set size:undefined disposed:false
1725 http fetch GET 200 https://registry.npmjs.org/node-releases 67ms (cache miss)
1726 silly packumentCache full:https://registry.npmjs.org/node-releases set size:undefined disposed:false
1727 http fetch GET 200 https://registry.npmjs.org/electron-to-chromium 277ms (cache miss)
1728 silly packumentCache full:https://registry.npmjs.org/electron-to-chromium set size:undefined disposed:false
1729 silly placeDep ROOT @babel/helper-module-imports@7.29.7 OK for: @babel/helper-module-transforms@7.29.7 want: ^7.29.7
1730 silly placeDep ROOT @babel/helper-globals@7.29.7 OK for: @babel/traverse@7.29.8 want: ^7.29.7
1731 silly placeDep ROOT @babel/helper-string-parser@7.29.7 OK for: @babel/types@7.29.8 want: ^7.29.7
1732 silly placeDep ROOT @jridgewell/sourcemap-codec@1.5.5 OK for: @jridgewell/gen-mapping@0.3.13 want: ^1.5.0
1733 silly placeDep ROOT @jridgewell/resolve-uri@3.1.2 OK for: @jridgewell/trace-mapping@0.3.31 want: ^3.1.0
1734 silly fetch manifest browserslist@>= 4.21.0
1735 silly packumentCache full:https://registry.npmjs.org/browserslist cache-miss
1736 http cache https://registry.npmjs.org/browserslist 3ms (cache hit)
1737 silly packumentCache full:https://registry.npmjs.org/browserslist set size:516369 disposed:false
1738 silly placeDep ROOT baseline-browser-mapping@2.11.11 OK for: browserslist@4.28.7 want: ^2.10.44
1739 silly placeDep ROOT caniuse-lite@1.0.30001806 OK for: browserslist@4.28.7 want: ^1.0.30001806
1740 silly placeDep ROOT electron-to-chromium@1.5.399 OK for: browserslist@4.28.7 want: ^1.5.393
1741 silly placeDep ROOT node-releases@2.0.51 OK for: browserslist@4.28.7 want: ^2.0.51
1742 silly placeDep ROOT update-browserslist-db@1.2.3 OK for: browserslist@4.28.7 want: ^1.2.3
1743 silly fetch manifest escalade@^3.2.0
1744 silly packumentCache full:https://registry.npmjs.org/escalade cache-miss
1745 http fetch GET 200 https://registry.npmjs.org/escalade 42ms (cache miss)
1746 silly packumentCache full:https://registry.npmjs.org/escalade set size:undefined disposed:false
1747 silly placeDep ROOT esrecurse@4.3.0 OK for: eslint-scope@8.4.0 want: ^4.3.0
1748 silly placeDep ROOT acorn@8.18.0 OK for: espree@10.4.0 want: ^8.15.0
1749 silly placeDep ROOT acorn-jsx@5.3.2 OK for: espree@10.4.0 want: ^5.3.2
1750 silly placeDep ROOT @nodelib/fs.stat@2.0.5 OK for: fast-glob@3.3.1 want: ^2.0.2
1751 silly placeDep ROOT @nodelib/fs.walk@1.2.8 OK for: fast-glob@3.3.1 want: ^1.2.3
1752 silly placeDep node_modules/fast-glob glob-parent@5.1.2 OK for: fast-glob@3.3.1 want: ^5.1.2
1753 silly placeDep ROOT merge2@1.4.1 OK for: fast-glob@3.3.1 want: ^1.3.0
1754 silly placeDep ROOT micromatch@4.0.8 OK for: fast-glob@3.3.1 want: ^4.0.4
1755 silly fetch manifest fastq@^1.6.0
1756 silly packumentCache full:https://registry.npmjs.org/fastq cache-miss
1757 silly fetch manifest @nodelib/fs.scandir@2.1.5
1758 silly packumentCache full:https://registry.npmjs.org/@nodelib%2ffs.scandir cache-miss
1759 silly fetch manifest braces@^3.0.3
1760 silly packumentCache full:https://registry.npmjs.org/braces cache-miss
1761 silly fetch manifest picomatch@^2.3.1
1762 silly packumentCache full:https://registry.npmjs.org/picomatch cache-miss
1763 http cache https://registry.npmjs.org/picomatch 2ms (cache hit)
1764 silly packumentCache full:https://registry.npmjs.org/picomatch set size:128942 disposed:false
1765 http fetch GET 200 https://registry.npmjs.org/braces 40ms (cache miss)
1766 silly packumentCache full:https://registry.npmjs.org/braces set size:undefined disposed:false
1767 http fetch GET 200 https://registry.npmjs.org/@nodelib%2ffs.scandir 45ms (cache miss)
1768 silly packumentCache full:https://registry.npmjs.org/@nodelib%2ffs.scandir set size:undefined disposed:false
1769 http fetch GET 200 https://registry.npmjs.org/fastq 69ms (cache miss)
1770 silly packumentCache full:https://registry.npmjs.org/fastq set size:undefined disposed:false
1771 silly placeDep ROOT @nodelib/fs.scandir@2.1.5 OK for: @nodelib/fs.walk@1.2.8 want: 2.1.5
1772 silly placeDep ROOT fastq@1.20.1 OK for: @nodelib/fs.walk@1.2.8 want: ^1.6.0
1773 silly fetch manifest run-parallel@^1.1.9
1774 silly packumentCache full:https://registry.npmjs.org/run-parallel cache-miss
1775 silly fetch manifest reusify@^1.0.4
1776 silly packumentCache full:https://registry.npmjs.org/reusify cache-miss
1777 http fetch GET 200 https://registry.npmjs.org/run-parallel 41ms (cache miss)
1778 silly packumentCache full:https://registry.npmjs.org/run-parallel set size:undefined disposed:false
1779 http fetch GET 200 https://registry.npmjs.org/reusify 50ms (cache miss)
1780 silly packumentCache full:https://registry.npmjs.org/reusify set size:undefined disposed:false
1781 silly placeDep ROOT run-parallel@1.2.0 OK for: @nodelib/fs.scandir@2.1.5 want: ^1.1.9
1782 silly fetch manifest queue-microtask@^1.2.2
1783 silly packumentCache full:https://registry.npmjs.org/queue-microtask cache-miss
1784 http fetch GET 200 https://registry.npmjs.org/queue-microtask 49ms (cache miss)
1785 silly packumentCache full:https://registry.npmjs.org/queue-microtask set size:undefined disposed:false
1786 silly placeDep ROOT reusify@1.1.0 OK for: fastq@1.20.1 want: ^1.0.4
1787 silly placeDep ROOT flat-cache@4.0.1 OK for: file-entry-cache@8.0.0 want: ^4.0.0
1788 silly fetch manifest keyv@^4.5.4
1789 silly packumentCache full:https://registry.npmjs.org/keyv cache-miss
1790 silly fetch manifest flatted@^3.2.9
1791 silly packumentCache full:https://registry.npmjs.org/flatted cache-miss
1792 http fetch GET 200 https://registry.npmjs.org/flatted 50ms (cache miss)
1793 silly packumentCache full:https://registry.npmjs.org/flatted set size:undefined disposed:false
1794 http fetch GET 200 https://registry.npmjs.org/keyv 55ms (cache miss)
1795 silly packumentCache full:https://registry.npmjs.org/keyv set size:undefined disposed:false
1796 silly placeDep ROOT locate-path@6.0.0 OK for: find-up@5.0.0 want: ^6.0.0
1797 silly placeDep ROOT path-exists@4.0.0 OK for: find-up@5.0.0 want: ^4.0.0
1798 silly fetch manifest p-locate@^5.0.0
1799 silly packumentCache full:https://registry.npmjs.org/p-locate cache-miss
1800 http fetch GET 200 https://registry.npmjs.org/p-locate 39ms (cache miss)
1801 silly packumentCache full:https://registry.npmjs.org/p-locate set size:undefined disposed:false
1802 silly placeDep ROOT flatted@3.4.4 OK for: flat-cache@4.0.1 want: ^3.2.9
1803 silly placeDep ROOT keyv@4.5.4 OK for: flat-cache@4.0.1 want: ^4.5.4
1804 silly fetch manifest json-buffer@3.0.1
1805 silly packumentCache full:https://registry.npmjs.org/json-buffer cache-miss
1806 http fetch GET 200 https://registry.npmjs.org/json-buffer 37ms (cache miss)
1807 silly packumentCache full:https://registry.npmjs.org/json-buffer set size:undefined disposed:false
1808 silly placeDep ROOT functions-have-names@1.2.3 OK for: function.prototype.name@1.2.0 want: ^1.2.3
1809 silly placeDep ROOT is-document.all@1.0.0 OK for: function.prototype.name@1.2.0 want: ^1.0.0
1810 silly placeDep ROOT dunder-proto@1.0.1 OK for: get-proto@1.0.1 want: ^1.0.1
1811 silly placeDep ROOT resolve-pkg-maps@1.0.0 OK for: get-tsconfig@4.14.1 want: ^1.0.0
1812 silly placeDep ROOT hermes-estree@0.25.1 OK for: hermes-parser@0.25.1 want: 0.25.1
1813 silly placeDep ROOT parent-module@1.0.1 OK for: import-fresh@3.3.1 want: ^1.0.0
1814 silly placeDep ROOT resolve-from@4.0.0 OK for: import-fresh@3.3.1 want: ^4.0.0
1815 silly fetch manifest callsites@^3.0.0
1816 silly packumentCache full:https://registry.npmjs.org/callsites cache-miss
1817 http fetch GET 200 https://registry.npmjs.org/callsites 35ms (cache miss)
1818 silly packumentCache full:https://registry.npmjs.org/callsites set size:undefined disposed:false
1819 silly placeDep ROOT side-channel@1.1.1 OK for: internal-slot@1.1.0 want: ^1.1.0
1820 silly fetch manifest side-channel-list@^1.0.1
1821 silly packumentCache full:https://registry.npmjs.org/side-channel-list cache-miss
1822 silly fetch manifest side-channel-map@^1.0.1
1823 silly packumentCache full:https://registry.npmjs.org/side-channel-map cache-miss
1824 silly fetch manifest side-channel-weakmap@^1.0.2
1825 silly packumentCache full:https://registry.npmjs.org/side-channel-weakmap cache-miss
1826 http fetch GET 200 https://registry.npmjs.org/side-channel-list 39ms (cache miss)
1827 silly packumentCache full:https://registry.npmjs.org/side-channel-list set size:undefined disposed:false
1828 http fetch GET 200 https://registry.npmjs.org/side-channel-weakmap 42ms (cache miss)
1829 silly packumentCache full:https://registry.npmjs.org/side-channel-weakmap set size:undefined disposed:false
1830 http fetch GET 200 https://registry.npmjs.org/side-channel-map 46ms (cache miss)
1831 silly packumentCache full:https://registry.npmjs.org/side-channel-map set size:undefined disposed:false
1832 silly placeDep node_modules/is-bun-module semver@7.8.5 OK for: is-bun-module@2.0.0 want: ^7.7.1
1833 silly placeDep ROOT is-extglob@2.1.1 OK for: is-glob@4.0.3 want: ^2.1.1
1834 silly placeDep ROOT set-function-name@2.0.2 OK for: iterator.prototype@1.1.5 want: ^2.0.2
1835 silly placeDep ROOT argparse@2.0.1 OK for: js-yaml@4.3.1 want: ^2.0.1
1836 silly placeDep ROOT json-buffer@3.0.1 OK for: keyv@4.5.4 want: 3.0.1
1837 silly placeDep ROOT language-subtag-registry@0.3.23 OK for: language-tags@1.0.9 want: ^0.3.20
1838 silly placeDep ROOT prelude-ls@1.2.1 OK for: levn@0.4.1 want: ^1.2.1
1839 silly placeDep ROOT type-check@0.4.0 OK for: levn@0.4.1 want: ~0.4.0
1840 silly placeDep ROOT p-locate@5.0.0 OK for: locate-path@6.0.0 want: ^5.0.0
1841 silly fetch manifest p-limit@^3.0.2
1842 silly packumentCache full:https://registry.npmjs.org/p-limit cache-miss
1843 http fetch GET 200 https://registry.npmjs.org/p-limit 56ms (cache miss)
1844 silly packumentCache full:https://registry.npmjs.org/p-limit set size:undefined disposed:false
1845 silly placeDep ROOT yallist@3.1.1 OK for: lru-cache@5.1.1 want: ^3.0.2
1846 silly placeDep ROOT braces@3.0.3 OK for: micromatch@4.0.8 want: ^3.0.3
1847 silly placeDep ROOT picomatch@2.3.2 OK for: micromatch@4.0.8 want: ^2.3.1
1848 silly fetch manifest fill-range@^7.1.1
1849 silly packumentCache full:https://registry.npmjs.org/fill-range cache-miss
1850 http fetch GET 200 https://registry.npmjs.org/fill-range 46ms (cache miss)
1851 silly packumentCache full:https://registry.npmjs.org/fill-range set size:undefined disposed:false
1852 silly placeDep ROOT fill-range@7.1.1 OK for: braces@3.0.3 want: ^7.1.1
1853 silly fetch manifest to-regex-range@^5.0.1
1854 silly packumentCache full:https://registry.npmjs.org/to-regex-range cache-miss
1855 http fetch GET 200 https://registry.npmjs.org/to-regex-range 45ms (cache miss)
1856 silly packumentCache full:https://registry.npmjs.org/to-regex-range set size:undefined disposed:false
1857 silly placeDep ROOT to-regex-range@5.0.1 OK for: fill-range@7.1.1 want: ^5.0.1
1858 silly fetch manifest is-number@^7.0.0
1859 silly packumentCache full:https://registry.npmjs.org/is-number cache-miss
1860 http fetch GET 200 https://registry.npmjs.org/is-number 43ms (cache miss)
1861 silly packumentCache full:https://registry.npmjs.org/is-number set size:undefined disposed:false
1862 silly placeDep ROOT brace-expansion@1.1.18 OK for: minimatch@3.1.5 want: ^1.1.7
1863 silly fetch manifest concat-map@0.0.1
1864 silly packumentCache full:https://registry.npmjs.org/concat-map cache-miss
1865 silly fetch manifest balanced-match@^1.0.0
1866 silly packumentCache full:https://registry.npmjs.org/balanced-match cache-miss
1867 http fetch GET 200 https://registry.npmjs.org/concat-map 37ms (cache miss)
1868 silly packumentCache full:https://registry.npmjs.org/concat-map set size:undefined disposed:false
1869 http fetch GET 200 https://registry.npmjs.org/balanced-match 38ms (cache miss)
1870 silly packumentCache full:https://registry.npmjs.org/balanced-match set size:undefined disposed:false
1871 silly placeDep ROOT balanced-match@1.0.2 OK for: brace-expansion@1.1.18 want: ^1.0.0
1872 silly placeDep ROOT concat-map@0.0.1 OK for: brace-expansion@1.1.18 want: 0.0.1
1873 silly fetch manifest react@^18.2.0 || 19.0.0-rc-de68d2f4-20241204 || ^19.0.0
1874 silly packumentCache full:https://registry.npmjs.org/react cache-miss
1875 http cache https://registry.npmjs.org/react 10ms (cache hit)
1876 silly packumentCache full:https://registry.npmjs.org/react set size:6859098 disposed:false
1877 silly placeDep ROOT @next/env@16.2.12 OK for: next@16.2.12 want: 16.2.12
1878 silly placeDep ROOT @next/swc-darwin-arm64@16.2.12 OK for: next@16.2.12 want: 16.2.12
1879 silly placeDep ROOT @next/swc-darwin-x64@16.2.12 OK for: next@16.2.12 want: 16.2.12
1880 silly placeDep ROOT @next/swc-linux-arm64-gnu@16.2.12 OK for: next@16.2.12 want: 16.2.12
1881 silly placeDep ROOT @next/swc-linux-arm64-musl@16.2.12 OK for: next@16.2.12 want: 16.2.12
1882 silly placeDep ROOT @next/swc-linux-x64-gnu@16.2.12 OK for: next@16.2.12 want: 16.2.12
1883 silly placeDep ROOT @next/swc-linux-x64-musl@16.2.12 OK for: next@16.2.12 want: 16.2.12
1884 silly placeDep ROOT @next/swc-win32-arm64-msvc@16.2.12 OK for: next@16.2.12 want: 16.2.12
1885 silly placeDep ROOT @next/swc-win32-x64-msvc@16.2.12 OK for: next@16.2.12 want: 16.2.12
1886 silly placeDep ROOT @swc/helpers@0.5.15 OK for: next@16.2.12 want: 0.5.15
1887 silly placeDep ROOT postcss@8.4.31 OK for: next@16.2.12 want: 8.4.31
1888 silly placeDep ROOT sharp@0.34.5 OK for: next@16.2.12 want: ^0.34.5
1889 silly placeDep ROOT styled-jsx@5.1.6 OK for: next@16.2.12 want: 5.1.6
1890 silly fetch manifest tslib@^2.8.0
1891 silly packumentCache full:https://registry.npmjs.org/tslib cache-miss
1892 silly fetch manifest nanoid@^3.3.6
1893 silly packumentCache full:https://registry.npmjs.org/nanoid cache-miss
1894 silly fetch manifest source-map-js@^1.0.2
1895 silly packumentCache full:https://registry.npmjs.org/source-map-js cache-miss
1896 silly fetch manifest semver@^7.7.3
1897 silly packumentCache full:https://registry.npmjs.org/semver cache-hit
1898 silly fetch manifest @img/colour@^1.0.0
1899 silly packumentCache full:https://registry.npmjs.org/@img%2fcolour cache-miss
1900 silly fetch manifest detect-libc@^2.1.2
1901 silly packumentCache full:https://registry.npmjs.org/detect-libc cache-miss
1902 silly fetch manifest @img/sharp-wasm32@0.34.5
1903 silly packumentCache full:https://registry.npmjs.org/@img%2fsharp-wasm32 cache-miss
1904 silly fetch manifest @img/sharp-linux-arm@0.34.5
1905 silly packumentCache full:https://registry.npmjs.org/@img%2fsharp-linux-arm cache-miss
1906 silly fetch manifest @img/sharp-linux-x64@0.34.5
1907 silly packumentCache full:https://registry.npmjs.org/@img%2fsharp-linux-x64 cache-miss
1908 silly fetch manifest @img/sharp-win32-x64@0.34.5
1909 silly packumentCache full:https://registry.npmjs.org/@img%2fsharp-win32-x64 cache-miss
1910 http fetch GET 200 https://registry.npmjs.org/@img%2fsharp-linux-x64 49ms (cache miss)
1911 silly packumentCache full:https://registry.npmjs.org/@img%2fsharp-linux-x64 set size:undefined disposed:false
1912 silly fetch manifest @img/sharp-darwin-x64@0.34.5
1913 silly packumentCache full:https://registry.npmjs.org/@img%2fsharp-darwin-x64 cache-miss
1914 http fetch GET 200 https://registry.npmjs.org/source-map-js 50ms (cache miss)
1915 silly packumentCache full:https://registry.npmjs.org/source-map-js set size:undefined disposed:false
1916 silly fetch manifest @img/sharp-win32-ia32@0.34.5
1917 silly packumentCache full:https://registry.npmjs.org/@img%2fsharp-win32-ia32 cache-miss
1918 http fetch GET 200 https://registry.npmjs.org/@img%2fsharp-win32-x64 52ms (cache miss)
1919 silly packumentCache full:https://registry.npmjs.org/@img%2fsharp-win32-x64 set size:undefined disposed:false
1920 silly fetch manifest @img/sharp-linux-arm64@0.34.5
1921 silly packumentCache full:https://registry.npmjs.org/@img%2fsharp-linux-arm64 cache-miss
1922 http fetch GET 200 https://registry.npmjs.org/detect-libc 54ms (cache miss)
1923 silly packumentCache full:https://registry.npmjs.org/detect-libc set size:undefined disposed:false
1924 silly fetch manifest @img/sharp-linux-ppc64@0.34.5
1925 silly packumentCache full:https://registry.npmjs.org/@img%2fsharp-linux-ppc64 cache-miss
1926 http fetch GET 200 https://registry.npmjs.org/@img%2fcolour 56ms (cache miss)
1927 silly packumentCache full:https://registry.npmjs.org/@img%2fcolour set size:undefined disposed:false
1928 silly fetch manifest @img/sharp-linux-s390x@0.34.5
1929 silly packumentCache full:https://registry.npmjs.org/@img%2fsharp-linux-s390x cache-miss
1930 http fetch GET 200 https://registry.npmjs.org/nanoid 57ms (cache miss)
1931 silly packumentCache full:https://registry.npmjs.org/nanoid set size:undefined disposed:false
1932 silly fetch manifest @img/sharp-win32-arm64@0.34.5
1933 silly packumentCache full:https://registry.npmjs.org/@img%2fsharp-win32-arm64 cache-miss
1934 http fetch GET 200 https://registry.npmjs.org/@img%2fsharp-linux-arm 59ms (cache miss)
1935 silly packumentCache full:https://registry.npmjs.org/@img%2fsharp-linux-arm set size:undefined disposed:false
1936 silly fetch manifest @img/sharp-darwin-arm64@0.34.5
1937 silly packumentCache full:https://registry.npmjs.org/@img%2fsharp-darwin-arm64 cache-miss
1938 http fetch GET 200 https://registry.npmjs.org/tslib 79ms (cache miss)
1939 silly packumentCache full:https://registry.npmjs.org/tslib set size:undefined disposed:false
1940 silly fetch manifest @img/sharp-linux-riscv64@0.34.5
1941 silly packumentCache full:https://registry.npmjs.org/@img%2fsharp-linux-riscv64 cache-miss
1942 http fetch GET 200 https://registry.npmjs.org/@img%2fsharp-win32-ia32 47ms (cache miss)
1943 silly packumentCache full:https://registry.npmjs.org/@img%2fsharp-win32-ia32 set size:undefined disposed:false
1944 silly fetch manifest @img/sharp-linuxmusl-x64@0.34.5
1945 silly packumentCache full:https://registry.npmjs.org/@img%2fsharp-linuxmusl-x64 cache-miss
1946 http fetch GET 200 https://registry.npmjs.org/@img%2fsharp-linux-arm64 46ms (cache miss)
1947 silly packumentCache full:https://registry.npmjs.org/@img%2fsharp-linux-arm64 set size:undefined disposed:false
1948 silly fetch manifest @img/sharp-linuxmusl-arm64@0.34.5
1949 silly packumentCache full:https://registry.npmjs.org/@img%2fsharp-linuxmusl-arm64 cache-miss
1950 http fetch GET 200 https://registry.npmjs.org/@img%2fsharp-linux-ppc64 57ms (cache miss)
1951 silly packumentCache full:https://registry.npmjs.org/@img%2fsharp-linux-ppc64 set size:undefined disposed:false
1952 silly fetch manifest @img/sharp-libvips-linux-arm@1.2.4
1953 silly packumentCache full:https://registry.npmjs.org/@img%2fsharp-libvips-linux-arm cache-miss
1954 http fetch GET 200 https://registry.npmjs.org/@img%2fsharp-win32-arm64 57ms (cache miss)
1955 silly packumentCache full:https://registry.npmjs.org/@img%2fsharp-win32-arm64 set size:undefined disposed:false
1956 silly fetch manifest @img/sharp-libvips-linux-x64@1.2.4
1957 silly packumentCache full:https://registry.npmjs.org/@img%2fsharp-libvips-linux-x64 cache-miss
1958 http fetch GET 200 https://registry.npmjs.org/@img%2fsharp-linux-s390x 60ms (cache miss)
1959 silly packumentCache full:https://registry.npmjs.org/@img%2fsharp-linux-s390x set size:undefined disposed:false
1960 silly fetch manifest @img/sharp-libvips-darwin-x64@1.2.4
1961 silly packumentCache full:https://registry.npmjs.org/@img%2fsharp-libvips-darwin-x64 cache-miss
1962 http fetch GET 200 https://registry.npmjs.org/@img%2fsharp-darwin-arm64 63ms (cache miss)
1963 silly packumentCache full:https://registry.npmjs.org/@img%2fsharp-darwin-arm64 set size:undefined disposed:false
1964 silly fetch manifest @img/sharp-libvips-linux-arm64@1.2.4
1965 silly packumentCache full:https://registry.npmjs.org/@img%2fsharp-libvips-linux-arm64 cache-miss
1966 http fetch GET 200 https://registry.npmjs.org/@img%2fsharp-darwin-x64 80ms (cache miss)
1967 silly packumentCache full:https://registry.npmjs.org/@img%2fsharp-darwin-x64 set size:undefined disposed:false
1968 silly fetch manifest @img/sharp-libvips-linux-ppc64@1.2.4
1969 silly packumentCache full:https://registry.npmjs.org/@img%2fsharp-libvips-linux-ppc64 cache-miss
1970 http fetch GET 200 https://registry.npmjs.org/@img%2fsharp-linux-riscv64 55ms (cache miss)
1971 silly packumentCache full:https://registry.npmjs.org/@img%2fsharp-linux-riscv64 set size:undefined disposed:false
1972 silly fetch manifest @img/sharp-libvips-linux-s390x@1.2.4
1973 silly packumentCache full:https://registry.npmjs.org/@img%2fsharp-libvips-linux-s390x cache-miss
1974 http fetch GET 200 https://registry.npmjs.org/@img%2fsharp-linuxmusl-x64 55ms (cache miss)
1975 silly packumentCache full:https://registry.npmjs.org/@img%2fsharp-linuxmusl-x64 set size:undefined disposed:false
1976 silly fetch manifest @img/sharp-libvips-darwin-arm64@1.2.4
1977 silly packumentCache full:https://registry.npmjs.org/@img%2fsharp-libvips-darwin-arm64 cache-miss
1978 http fetch GET 200 https://registry.npmjs.org/@img%2fsharp-linuxmusl-arm64 55ms (cache miss)
1979 silly packumentCache full:https://registry.npmjs.org/@img%2fsharp-linuxmusl-arm64 set size:undefined disposed:false
1980 silly fetch manifest @img/sharp-libvips-linux-riscv64@1.2.4
1981 silly packumentCache full:https://registry.npmjs.org/@img%2fsharp-libvips-linux-riscv64 cache-miss
1982 http fetch GET 200 https://registry.npmjs.org/@img%2fsharp-libvips-darwin-x64 58ms (cache miss)
1983 silly packumentCache full:https://registry.npmjs.org/@img%2fsharp-libvips-darwin-x64 set size:undefined disposed:false
1984 silly fetch manifest @img/sharp-libvips-linuxmusl-x64@1.2.4
1985 silly packumentCache full:https://registry.npmjs.org/@img%2fsharp-libvips-linuxmusl-x64 cache-miss
1986 http fetch GET 200 https://registry.npmjs.org/@img%2fsharp-libvips-linux-arm 63ms (cache miss)
1987 silly packumentCache full:https://registry.npmjs.org/@img%2fsharp-libvips-linux-arm set size:undefined disposed:false
1988 silly fetch manifest @img/sharp-libvips-linuxmusl-arm64@1.2.4
1989 silly packumentCache full:https://registry.npmjs.org/@img%2fsharp-libvips-linuxmusl-arm64 cache-miss
1990 http fetch GET 200 https://registry.npmjs.org/@img%2fsharp-libvips-linux-x64 64ms (cache miss)
1991 silly packumentCache full:https://registry.npmjs.org/@img%2fsharp-libvips-linux-x64 set size:undefined disposed:false
1992 silly fetch manifest client-only@0.0.1
1993 silly packumentCache full:https://registry.npmjs.org/client-only cache-miss
1994 http fetch GET 200 https://registry.npmjs.org/@img%2fsharp-libvips-linux-arm64 62ms (cache miss)
1995 silly packumentCache full:https://registry.npmjs.org/@img%2fsharp-libvips-linux-arm64 set size:undefined disposed:false
1996 http fetch GET 200 https://registry.npmjs.org/@img%2fsharp-libvips-linux-ppc64 62ms (cache miss)
1997 silly packumentCache full:https://registry.npmjs.org/@img%2fsharp-libvips-linux-ppc64 set size:undefined disposed:false
1998 http fetch GET 200 https://registry.npmjs.org/@img%2fsharp-libvips-darwin-arm64 43ms (cache miss)
1999 silly packumentCache full:https://registry.npmjs.org/@img%2fsharp-libvips-darwin-arm64 set size:undefined disposed:false
2000 http fetch GET 200 https://registry.npmjs.org/@img%2fsharp-wasm32 200ms (cache miss)
2001 silly packumentCache full:https://registry.npmjs.org/@img%2fsharp-wasm32 set size:undefined disposed:false
2002 http fetch GET 200 https://registry.npmjs.org/@img%2fsharp-libvips-linux-s390x 67ms (cache miss)
2003 silly packumentCache full:https://registry.npmjs.org/@img%2fsharp-libvips-linux-s390x set size:undefined disposed:false
2004 http fetch GET 200 https://registry.npmjs.org/@img%2fsharp-libvips-linux-riscv64 45ms (cache miss)
2005 silly packumentCache full:https://registry.npmjs.org/@img%2fsharp-libvips-linux-riscv64 set size:undefined disposed:false
2006 http fetch GET 200 https://registry.npmjs.org/client-only 36ms (cache miss)
2007 silly packumentCache full:https://registry.npmjs.org/client-only set size:undefined disposed:false
2008 http fetch GET 200 https://registry.npmjs.org/@img%2fsharp-libvips-linuxmusl-arm64 54ms (cache miss)
2009 silly packumentCache full:https://registry.npmjs.org/@img%2fsharp-libvips-linuxmusl-arm64 set size:undefined disposed:false
2010 http fetch GET 200 https://registry.npmjs.org/@img%2fsharp-libvips-linuxmusl-x64 68ms (cache miss)
2011 silly packumentCache full:https://registry.npmjs.org/@img%2fsharp-libvips-linuxmusl-x64 set size:undefined disposed:false
2012 silly placeDep ROOT tslib@2.8.1 OK for: @swc/helpers@0.5.15 want: ^2.8.0
2013 silly placeDep ROOT deep-is@0.1.4 OK for: optionator@0.9.4 want: ^0.1.3
2014 silly placeDep ROOT fast-levenshtein@2.0.6 OK for: optionator@0.9.4 want: ^2.0.6
2015 silly placeDep ROOT word-wrap@1.2.5 OK for: optionator@0.9.4 want: ^1.2.5
2016 silly placeDep ROOT p-limit@3.1.0 OK for: p-locate@5.0.0 want: ^3.0.2
2017 silly fetch manifest yocto-queue@^0.1.0
2018 silly packumentCache full:https://registry.npmjs.org/yocto-queue cache-miss
2019 http fetch GET 200 https://registry.npmjs.org/yocto-queue 46ms (cache miss)
2020 silly packumentCache full:https://registry.npmjs.org/yocto-queue set size:undefined disposed:false
2021 silly placeDep ROOT yocto-queue@0.1.0 OK for: p-limit@3.1.0 want: ^0.1.0
2022 silly placeDep ROOT callsites@3.1.0 OK for: parent-module@1.0.1 want: ^3.0.0
2023 silly placeDep ROOT nanoid@3.3.16 OK for: postcss@8.4.31 want: ^3.3.6
2024 silly placeDep ROOT source-map-js@1.2.1 OK for: postcss@8.4.31 want: ^1.0.2
2025 silly placeDep ROOT loose-envify@1.4.0 OK for: prop-types@15.8.1 want: ^1.4.0
2026 silly placeDep ROOT object-assign@4.1.1 OK for: prop-types@15.8.1 want: ^4.1.1
2027 silly placeDep ROOT react-is@16.13.1 OK for: prop-types@15.8.1 want: ^16.13.1
2028 silly placeDep ROOT scheduler@0.27.0 OK for: react-dom@19.2.0 want: ^0.27.0
2029 silly placeDep ROOT node-exports-info@1.6.2 OK for: resolve@2.0.0-next.7 want: ^1.6.0
2030 silly placeDep ROOT path-parse@1.0.7 OK for: resolve@2.0.0-next.7 want: ^1.0.7
2031 silly placeDep ROOT supports-preserve-symlinks-flag@1.0.0 OK for: resolve@2.0.0-next.7 want: ^1.0.0
2032 silly placeDep ROOT queue-microtask@1.2.3 OK for: run-parallel@1.2.0 want: ^1.2.2
2033 silly placeDep ROOT isarray@2.0.5 OK for: safe-array-concat@1.1.4 want: ^2.0.5
2034 silly placeDep ROOT @img/colour@1.1.0 OK for: sharp@0.34.5 want: ^1.0.0
2035 silly placeDep ROOT @img/sharp-darwin-arm64@0.34.5 OK for: sharp@0.34.5 want: 0.34.5
2036 silly placeDep ROOT @img/sharp-darwin-x64@0.34.5 OK for: sharp@0.34.5 want: 0.34.5
2037 silly placeDep ROOT @img/sharp-libvips-darwin-arm64@1.2.4 OK for: sharp@0.34.5 want: 1.2.4
2038 silly placeDep ROOT @img/sharp-libvips-darwin-x64@1.2.4 OK for: sharp@0.34.5 want: 1.2.4
2039 silly placeDep ROOT @img/sharp-libvips-linux-arm@1.2.4 OK for: sharp@0.34.5 want: 1.2.4
2040 silly placeDep ROOT @img/sharp-libvips-linux-arm64@1.2.4 OK for: sharp@0.34.5 want: 1.2.4
2041 silly placeDep ROOT @img/sharp-libvips-linux-ppc64@1.2.4 OK for: sharp@0.34.5 want: 1.2.4
2042 silly placeDep ROOT @img/sharp-libvips-linux-riscv64@1.2.4 OK for: sharp@0.34.5 want: 1.2.4
2043 silly placeDep ROOT @img/sharp-libvips-linux-s390x@1.2.4 OK for: sharp@0.34.5 want: 1.2.4
2044 silly placeDep ROOT @img/sharp-libvips-linux-x64@1.2.4 OK for: sharp@0.34.5 want: 1.2.4
2045 silly placeDep ROOT @img/sharp-libvips-linuxmusl-arm64@1.2.4 OK for: sharp@0.34.5 want: 1.2.4
2046 silly placeDep ROOT @img/sharp-libvips-linuxmusl-x64@1.2.4 OK for: sharp@0.34.5 want: 1.2.4
2047 silly placeDep ROOT @img/sharp-linux-arm@0.34.5 OK for: sharp@0.34.5 want: 0.34.5
2048 silly placeDep ROOT @img/sharp-linux-arm64@0.34.5 OK for: sharp@0.34.5 want: 0.34.5
2049 silly placeDep ROOT @img/sharp-linux-ppc64@0.34.5 OK for: sharp@0.34.5 want: 0.34.5
2050 silly placeDep ROOT @img/sharp-linux-riscv64@0.34.5 OK for: sharp@0.34.5 want: 0.34.5
2051 silly placeDep ROOT @img/sharp-linux-s390x@0.34.5 OK for: sharp@0.34.5 want: 0.34.5
2052 silly placeDep ROOT @img/sharp-linux-x64@0.34.5 OK for: sharp@0.34.5 want: 0.34.5
2053 silly placeDep ROOT @img/sharp-linuxmusl-arm64@0.34.5 OK for: sharp@0.34.5 want: 0.34.5
2054 silly placeDep ROOT @img/sharp-linuxmusl-x64@0.34.5 OK for: sharp@0.34.5 want: 0.34.5
2055 silly placeDep ROOT @img/sharp-wasm32@0.34.5 OK for: sharp@0.34.5 want: 0.34.5
2056 silly placeDep ROOT @img/sharp-win32-arm64@0.34.5 OK for: sharp@0.34.5 want: 0.34.5
2057 silly placeDep ROOT @img/sharp-win32-ia32@0.34.5 OK for: sharp@0.34.5 want: 0.34.5
2058 silly placeDep ROOT @img/sharp-win32-x64@0.34.5 OK for: sharp@0.34.5 want: 0.34.5
2059 silly placeDep ROOT detect-libc@2.1.2 OK for: sharp@0.34.5 want: ^2.1.2
2060 silly placeDep node_modules/sharp semver@7.8.5 OK for: sharp@0.34.5 want: ^7.7.3
2061 silly fetch manifest @emnapi/runtime@^1.7.0
2062 silly packumentCache full:https://registry.npmjs.org/@emnapi%2fruntime cache-miss
2063 http fetch GET 200 https://registry.npmjs.org/@emnapi%2fruntime 62ms (cache miss)
2064 silly packumentCache full:https://registry.npmjs.org/@emnapi%2fruntime set size:undefined disposed:false
2065 silly placeDep ROOT @emnapi/runtime@1.11.3 OK for: @img/sharp-wasm32@0.34.5 want: ^1.7.0
2066 silly placeDep ROOT shebang-regex@3.0.0 OK for: shebang-command@2.0.0 want: ^3.0.0
2067 silly placeDep ROOT side-channel-list@1.0.1 OK for: side-channel@1.1.1 want: ^1.0.1
2068 silly placeDep ROOT side-channel-map@1.0.1 OK for: side-channel@1.1.1 want: ^1.0.1
2069 silly placeDep ROOT side-channel-weakmap@1.0.2 OK for: side-channel@1.1.1 want: ^1.0.2
2070 silly placeDep ROOT client-only@0.0.1 OK for: styled-jsx@5.1.6 want: 0.0.1
2071 silly placeDep ROOT has-flag@4.0.0 OK for: supports-color@7.2.0 want: ^4.0.0
2072 silly placeDep node_modules/tinyglobby fdir@6.5.0 OK for: tinyglobby@0.2.17 want: ^6.5.0
2073 silly placeDep node_modules/tinyglobby picomatch@4.0.5 OK for: fdir@6.5.0 want: ^3 || ^4
2074 silly placeDep ROOT is-number@7.0.0 OK for: to-regex-range@5.0.1 want: ^7.0.0
2075 silly placeDep ROOT @types/json5@0.0.29 OK for: tsconfig-paths@3.15.0 want: ^0.0.29
2076 silly placeDep node_modules/tsconfig-paths json5@1.0.2 OK for: tsconfig-paths@3.15.0 want: ^1.0.2
2077 silly placeDep ROOT minimist@1.2.8 OK for: tsconfig-paths@3.15.0 want: ^1.2.6
2078 silly placeDep ROOT strip-bom@3.0.0 OK for: tsconfig-paths@3.15.0 want: ^3.0.0
2079 silly fetch manifest minimist@^1.2.0
2080 silly packumentCache full:https://registry.npmjs.org/minimist cache-miss
2081 http cache https://registry.npmjs.org/minimist 1ms (cache hit)
2082 silly packumentCache full:https://registry.npmjs.org/minimist set size:77063 disposed:false
2083 silly placeDep ROOT for-each@0.3.5 OK for: typed-array-byte-length@1.0.3 want: ^0.3.3
2084 silly placeDep ROOT reflect.getprototypeof@1.0.10 OK for: typed-array-byte-offset@1.0.4 want: ^1.0.9
2085 silly fetch manifest which-builtin-type@^1.2.1
2086 silly packumentCache full:https://registry.npmjs.org/which-builtin-type cache-miss
2087 http fetch GET 200 https://registry.npmjs.org/which-builtin-type 34ms (cache miss)
2088 silly packumentCache full:https://registry.npmjs.org/which-builtin-type set size:undefined disposed:false
2089 silly placeDep ROOT which-builtin-type@1.2.1 OK for: reflect.getprototypeof@1.0.10 want: ^1.2.1
2090 silly fetch manifest is-async-function@^2.0.0
2091 silly packumentCache full:https://registry.npmjs.org/is-async-function cache-miss
2092 silly fetch manifest is-finalizationregistry@^1.1.0
2093 silly packumentCache full:https://registry.npmjs.org/is-finalizationregistry cache-miss
2094 silly fetch manifest is-generator-function@^1.0.10
2095 silly packumentCache full:https://registry.npmjs.org/is-generator-function cache-miss
2096 silly fetch manifest which-boxed-primitive@^1.1.0
2097 silly packumentCache full:https://registry.npmjs.org/which-boxed-primitive cache-miss
2098 silly fetch manifest which-collection@^1.0.2
2099 silly packumentCache full:https://registry.npmjs.org/which-collection cache-miss
2100 http cache https://registry.npmjs.org/which-boxed-primitive 1ms (cache hit)
2101 silly packumentCache full:https://registry.npmjs.org/which-boxed-primitive set size:19407 disposed:false
2102 http fetch GET 200 https://registry.npmjs.org/is-finalizationregistry 39ms (cache miss)
2103 silly packumentCache full:https://registry.npmjs.org/is-finalizationregistry set size:undefined disposed:false
2104 http fetch GET 200 https://registry.npmjs.org/which-collection 40ms (cache miss)
2105 silly packumentCache full:https://registry.npmjs.org/which-collection set size:undefined disposed:false
2106 http fetch GET 200 https://registry.npmjs.org/is-generator-function 45ms (cache miss)
2107 silly packumentCache full:https://registry.npmjs.org/is-generator-function set size:undefined disposed:false
2108 http fetch GET 200 https://registry.npmjs.org/is-async-function 49ms (cache miss)
2109 silly packumentCache full:https://registry.npmjs.org/is-async-function set size:undefined disposed:false
2110 silly fetch manifest eslint@^8.57.0 || ^9.0.0 || ^10.0.0
2111 silly packumentCache full:https://registry.npmjs.org/eslint cache-miss
2112 http cache https://registry.npmjs.org/eslint 3ms (cache hit)
2113 silly packumentCache full:https://registry.npmjs.org/eslint set size:2040662 disposed:false
2114 silly placeDep ROOT @typescript-eslint/eslint-plugin@8.65.0 OK for: typescript-eslint@8.65.0 want: 8.65.0
2115 silly placeDep ROOT @typescript-eslint/parser@8.65.0 OK for: @typescript-eslint/eslint-plugin@8.65.0 want: ^8.65.0
2116 silly placeDep ROOT @typescript-eslint/typescript-estree@8.65.0 OK for: typescript-eslint@8.65.0 want: 8.65.0
2117 silly placeDep ROOT @typescript-eslint/utils@8.65.0 OK for: typescript-eslint@8.65.0 want: 8.65.0
2118 silly fetch manifest ignore@^7.0.5
2119 silly packumentCache full:https://registry.npmjs.org/ignore cache-miss
2120 silly fetch manifest ts-api-utils@^2.5.0
2121 silly packumentCache full:https://registry.npmjs.org/ts-api-utils cache-miss
2122 silly fetch manifest @typescript-eslint/type-utils@8.65.0
2123 silly packumentCache full:https://registry.npmjs.org/@typescript-eslint%2ftype-utils cache-miss
2124 silly fetch manifest @typescript-eslint/visitor-keys@8.65.0
2125 silly packumentCache full:https://registry.npmjs.org/@typescript-eslint%2fvisitor-keys cache-miss
2126 silly fetch manifest @typescript-eslint/scope-manager@8.65.0
2127 silly packumentCache full:https://registry.npmjs.org/@typescript-eslint%2fscope-manager cache-miss
2128 silly fetch manifest @typescript-eslint/types@8.65.0
2129 silly packumentCache full:https://registry.npmjs.org/@typescript-eslint%2ftypes cache-miss
2130 silly fetch manifest @typescript-eslint/visitor-keys@8.65.0
2131 silly packumentCache full:https://registry.npmjs.org/@typescript-eslint%2fvisitor-keys cache-miss
2132 silly fetch manifest @typescript-eslint/scope-manager@8.65.0
2133 silly packumentCache full:https://registry.npmjs.org/@typescript-eslint%2fscope-manager cache-miss
2134 silly fetch manifest minimatch@^10.2.2
2135 silly packumentCache full:https://registry.npmjs.org/minimatch cache-miss
2136 http cache https://registry.npmjs.org/minimatch 3ms (cache hit)
2137 silly packumentCache full:https://registry.npmjs.org/minimatch set size:377924 disposed:false
2138 silly fetch manifest ts-api-utils@^2.5.0
2139 silly packumentCache full:https://registry.npmjs.org/ts-api-utils cache-miss
2140 http cache https://registry.npmjs.org/ignore 5ms (cache hit)
2141 silly packumentCache full:https://registry.npmjs.org/ignore set size:240910 disposed:false
2142 silly fetch manifest @typescript-eslint/types@8.65.0
2143 silly packumentCache full:https://registry.npmjs.org/@typescript-eslint%2ftypes cache-miss
2144 http fetch GET 200 https://registry.npmjs.org/ts-api-utils 51ms (cache miss)
2145 silly packumentCache full:https://registry.npmjs.org/ts-api-utils set size:undefined disposed:false
2146 silly fetch manifest @typescript-eslint/visitor-keys@8.65.0
2147 silly packumentCache full:https://registry.npmjs.org/@typescript-eslint%2fvisitor-keys cache-miss
2148 http fetch GET 200 https://registry.npmjs.org/ts-api-utils 49ms (cache miss)
2149 silly packumentCache full:https://registry.npmjs.org/ts-api-utils set size:undefined disposed:false
2150 silly fetch manifest @typescript-eslint/tsconfig-utils@8.65.0
2151 silly packumentCache full:https://registry.npmjs.org/@typescript-eslint%2ftsconfig-utils cache-miss
2152 http fetch GET 200 https://registry.npmjs.org/@typescript-eslint%2ftsconfig-utils 486ms (cache miss)
2153 silly packumentCache full:https://registry.npmjs.org/@typescript-eslint%2ftsconfig-utils set size:undefined disposed:false
2154 silly fetch manifest @typescript-eslint/project-service@8.65.0
2155 silly packumentCache full:https://registry.npmjs.org/@typescript-eslint%2fproject-service cache-miss
2156 http fetch GET 200 https://registry.npmjs.org/@typescript-eslint%2fproject-service 213ms (cache miss)
2157 silly packumentCache full:https://registry.npmjs.org/@typescript-eslint%2fproject-service set size:undefined disposed:false
2158 silly fetch manifest @typescript-eslint/types@8.65.0
2159 silly packumentCache full:https://registry.npmjs.org/@typescript-eslint%2ftypes cache-miss
2160 http fetch GET 200 https://registry.npmjs.org/@typescript-eslint%2ftypes 805ms (cache miss)
2161 silly packumentCache full:https://registry.npmjs.org/@typescript-eslint%2ftypes set size:undefined disposed:false
2162 silly fetch manifest @typescript-eslint/scope-manager@8.65.0
2163 silly packumentCache full:https://registry.npmjs.org/@typescript-eslint%2fscope-manager cache-miss
2164 http fetch GET 200 https://registry.npmjs.org/@typescript-eslint%2fvisitor-keys 1044ms (cache miss)
2165 silly packumentCache full:https://registry.npmjs.org/@typescript-eslint%2fvisitor-keys set size:undefined disposed:false
2166 http fetch GET 200 https://registry.npmjs.org/@typescript-eslint%2fscope-manager 1155ms (cache miss)
2167 silly packumentCache full:https://registry.npmjs.org/@typescript-eslint%2fscope-manager set size:undefined disposed:false
2168 http fetch GET 200 https://registry.npmjs.org/@typescript-eslint%2fscope-manager 1191ms (cache miss)
2169 silly packumentCache full:https://registry.npmjs.org/@typescript-eslint%2fscope-manager set size:undefined disposed:false
2170 http fetch GET 200 https://registry.npmjs.org/@typescript-eslint%2fscope-manager 797ms (cache miss)
2171 silly packumentCache full:https://registry.npmjs.org/@typescript-eslint%2fscope-manager set size:undefined disposed:false
2172 http fetch GET 200 https://registry.npmjs.org/@typescript-eslint%2ftype-utils 1888ms (cache miss)
2173 silly packumentCache full:https://registry.npmjs.org/@typescript-eslint%2ftype-utils set size:undefined disposed:false
2174 http fetch GET 200 https://registry.npmjs.org/@typescript-eslint%2ftypes 1191ms (cache miss)
2175 silly packumentCache full:https://registry.npmjs.org/@typescript-eslint%2ftypes set size:undefined disposed:false
2176 http fetch GET 200 https://registry.npmjs.org/@typescript-eslint%2fvisitor-keys 2105ms (cache miss)
2177 silly packumentCache full:https://registry.npmjs.org/@typescript-eslint%2fvisitor-keys set size:undefined disposed:false
2178 http fetch GET 200 https://registry.npmjs.org/@typescript-eslint%2fvisitor-keys 2084ms (cache miss)
2179 silly packumentCache full:https://registry.npmjs.org/@typescript-eslint%2fvisitor-keys set size:undefined disposed:false
2180 http fetch GET 200 https://registry.npmjs.org/@typescript-eslint%2ftypes 3037ms (cache miss)
2181 silly packumentCache full:https://registry.npmjs.org/@typescript-eslint%2ftypes set size:undefined disposed:false
2182 silly placeDep ROOT @typescript-eslint/scope-manager@8.65.0 OK for: @typescript-eslint/eslint-plugin@8.65.0 want: 8.65.0
2183 silly placeDep ROOT @typescript-eslint/type-utils@8.65.0 OK for: @typescript-eslint/eslint-plugin@8.65.0 want: 8.65.0
2184 silly placeDep ROOT @typescript-eslint/visitor-keys@8.65.0 OK for: @typescript-eslint/eslint-plugin@8.65.0 want: 8.65.0
2185 silly placeDep node_modules/@typescript-eslint/eslint-plugin ignore@7.0.6 OK for: @typescript-eslint/eslint-plugin@8.65.0 want: ^7.0.5
2186 silly placeDep ROOT ts-api-utils@2.5.0 OK for: @typescript-eslint/eslint-plugin@8.65.0 want: ^2.5.0
2187 silly fetch manifest eslint-visitor-keys@^5.0.0
2188 silly packumentCache full:https://registry.npmjs.org/eslint-visitor-keys cache-hit
2189 silly placeDep ROOT @typescript-eslint/types@8.65.0 OK for: @typescript-eslint/parser@8.65.0 want: 8.65.0
2190 silly placeDep ROOT @typescript-eslint/project-service@8.65.0 OK for: @typescript-eslint/typescript-estree@8.65.0 want: 8.65.0
2191 silly placeDep ROOT @typescript-eslint/tsconfig-utils@8.65.0 OK for: @typescript-eslint/typescript-estree@8.65.0 want: 8.65.0
2192 silly placeDep node_modules/@typescript-eslint/typescript-estree minimatch@10.2.6 OK for: @typescript-eslint/typescript-estree@8.65.0 want: ^10.2.2
2193 silly placeDep node_modules/@typescript-eslint/typescript-estree semver@7.8.5 OK for: @typescript-eslint/typescript-estree@8.65.0 want: ^7.7.3
2194 silly fetch manifest @typescript-eslint/tsconfig-utils@^8.65.0
2195 silly packumentCache full:https://registry.npmjs.org/@typescript-eslint%2ftsconfig-utils cache-miss
2196 silly fetch manifest brace-expansion@^5.0.8
2197 silly packumentCache full:https://registry.npmjs.org/brace-expansion cache-miss
2198 http cache https://registry.npmjs.org/brace-expansion 3ms (cache hit)
2199 silly packumentCache full:https://registry.npmjs.org/brace-expansion set size:101024 disposed:false
2200 http cache https://registry.npmjs.org/@typescript-eslint%2ftsconfig-utils 5ms (cache hit)
2201 silly packumentCache full:https://registry.npmjs.org/@typescript-eslint%2ftsconfig-utils set size:1630572 disposed:false
2202 silly placeDep node_modules/@typescript-eslint/visitor-keys eslint-visitor-keys@5.0.1 OK for: @typescript-eslint/visitor-keys@8.65.0 want: ^5.0.0
2203 silly placeDep ROOT has-bigints@1.1.0 OK for: unbox-primitive@1.1.0 want: ^1.0.2
2204 silly placeDep ROOT which-boxed-primitive@1.1.1 OK for: unbox-primitive@1.1.0 want: ^1.1.1
2205 silly fetch manifest is-bigint@^1.1.0
2206 silly packumentCache full:https://registry.npmjs.org/is-bigint cache-miss
2207 silly fetch manifest is-boolean-object@^1.2.1
2208 silly packumentCache full:https://registry.npmjs.org/is-boolean-object cache-miss
2209 silly fetch manifest is-number-object@^1.1.1
2210 silly packumentCache full:https://registry.npmjs.org/is-number-object cache-miss
2211 http fetch GET 200 https://registry.npmjs.org/is-bigint 36ms (cache miss)
2212 silly packumentCache full:https://registry.npmjs.org/is-bigint set size:undefined disposed:false
2213 http fetch GET 200 https://registry.npmjs.org/is-boolean-object 45ms (cache miss)
2214 silly packumentCache full:https://registry.npmjs.org/is-boolean-object set size:undefined disposed:false
2215 http fetch GET 200 https://registry.npmjs.org/is-number-object 46ms (cache miss)
2216 silly packumentCache full:https://registry.npmjs.org/is-number-object set size:undefined disposed:false
2217 silly placeDep ROOT @unrs/resolver-binding-android-arm-eabi@1.12.2 OK for: unrs-resolver@1.12.2 want: 1.12.2
2218 silly placeDep ROOT @unrs/resolver-binding-android-arm64@1.12.2 OK for: unrs-resolver@1.12.2 want: 1.12.2
2219 silly placeDep ROOT @unrs/resolver-binding-darwin-arm64@1.12.2 OK for: unrs-resolver@1.12.2 want: 1.12.2
2220 silly placeDep ROOT @unrs/resolver-binding-darwin-x64@1.12.2 OK for: unrs-resolver@1.12.2 want: 1.12.2
2221 silly placeDep ROOT @unrs/resolver-binding-freebsd-x64@1.12.2 OK for: unrs-resolver@1.12.2 want: 1.12.2
2222 silly placeDep ROOT @unrs/resolver-binding-linux-arm-gnueabihf@1.12.2 OK for: unrs-resolver@1.12.2 want: 1.12.2
2223 silly placeDep ROOT @unrs/resolver-binding-linux-arm-musleabihf@1.12.2 OK for: unrs-resolver@1.12.2 want: 1.12.2
2224 silly placeDep ROOT @unrs/resolver-binding-linux-arm64-gnu@1.12.2 OK for: unrs-resolver@1.12.2 want: 1.12.2
2225 silly placeDep ROOT @unrs/resolver-binding-linux-arm64-musl@1.12.2 OK for: unrs-resolver@1.12.2 want: 1.12.2
2226 silly placeDep ROOT @unrs/resolver-binding-linux-loong64-gnu@1.12.2 OK for: unrs-resolver@1.12.2 want: 1.12.2
2227 silly placeDep ROOT @unrs/resolver-binding-linux-loong64-musl@1.12.2 OK for: unrs-resolver@1.12.2 want: 1.12.2
2228 silly placeDep ROOT @unrs/resolver-binding-linux-ppc64-gnu@1.12.2 OK for: unrs-resolver@1.12.2 want: 1.12.2
2229 silly placeDep ROOT @unrs/resolver-binding-linux-riscv64-gnu@1.12.2 OK for: unrs-resolver@1.12.2 want: 1.12.2
2230 silly placeDep ROOT @unrs/resolver-binding-linux-riscv64-musl@1.12.2 OK for: unrs-resolver@1.12.2 want: 1.12.2
2231 silly placeDep ROOT @unrs/resolver-binding-linux-s390x-gnu@1.12.2 OK for: unrs-resolver@1.12.2 want: 1.12.2
2232 silly placeDep ROOT @unrs/resolver-binding-linux-x64-gnu@1.12.2 OK for: unrs-resolver@1.12.2 want: 1.12.2
2233 silly placeDep ROOT @unrs/resolver-binding-linux-x64-musl@1.12.2 OK for: unrs-resolver@1.12.2 want: 1.12.2
2234 silly placeDep ROOT @unrs/resolver-binding-openharmony-arm64@1.12.2 OK for: unrs-resolver@1.12.2 want: 1.12.2
2235 silly placeDep ROOT @unrs/resolver-binding-wasm32-wasi@1.12.2 OK for: unrs-resolver@1.12.2 want: 1.12.2
2236 silly placeDep ROOT @unrs/resolver-binding-win32-arm64-msvc@1.12.2 OK for: unrs-resolver@1.12.2 want: 1.12.2
2237 silly placeDep ROOT @unrs/resolver-binding-win32-ia32-msvc@1.12.2 OK for: unrs-resolver@1.12.2 want: 1.12.2
2238 silly placeDep ROOT @unrs/resolver-binding-win32-x64-msvc@1.12.2 OK for: unrs-resolver@1.12.2 want: 1.12.2
2239 silly placeDep ROOT napi-postinstall@0.3.4 OK for: unrs-resolver@1.12.2 want: ^0.3.4
2240 silly fetch manifest @napi-rs/wasm-runtime@^1.1.4
2241 silly packumentCache full:https://registry.npmjs.org/@napi-rs%2fwasm-runtime cache-miss
2242 silly fetch manifest @emnapi/core@1.10.0
2243 silly packumentCache full:https://registry.npmjs.org/@emnapi%2fcore cache-miss
2244 silly fetch manifest @emnapi/runtime@1.10.0
2245 silly packumentCache full:https://registry.npmjs.org/@emnapi%2fruntime cache-miss
2246 http cache https://registry.npmjs.org/@emnapi%2fruntime 2ms (cache hit)
2247 silly packumentCache full:https://registry.npmjs.org/@emnapi%2fruntime set size:122916 disposed:false
2248 http fetch GET 200 https://registry.npmjs.org/@napi-rs%2fwasm-runtime 44ms (cache miss)
2249 silly packumentCache full:https://registry.npmjs.org/@napi-rs%2fwasm-runtime set size:undefined disposed:false
2250 http fetch GET 200 https://registry.npmjs.org/@emnapi%2fcore 66ms (cache miss)
2251 silly packumentCache full:https://registry.npmjs.org/@emnapi%2fcore set size:undefined disposed:false
2252 silly placeDep ROOT @emnapi/core@1.10.0 OK for: @unrs/resolver-binding-wasm32-wasi@1.12.2 want: 1.10.0
2253 silly placeDep node_modules/@unrs/resolver-binding-wasm32-wasi @emnapi/runtime@1.10.0 OK for: @unrs/resolver-binding-wasm32-wasi@1.12.2 want: 1.10.0
2254 silly placeDep ROOT @napi-rs/wasm-runtime@1.2.2 OK for: @unrs/resolver-binding-wasm32-wasi@1.12.2 want: ^1.1.4
2255 silly fetch manifest @emnapi/wasi-threads@1.2.1
2256 silly packumentCache full:https://registry.npmjs.org/@emnapi%2fwasi-threads cache-miss
2257 silly fetch manifest @tybys/wasm-util@^0.10.3
2258 silly packumentCache full:https://registry.npmjs.org/@tybys%2fwasm-util cache-miss
2259 http fetch GET 200 https://registry.npmjs.org/@emnapi%2fwasi-threads 54ms (cache miss)
2260 silly packumentCache full:https://registry.npmjs.org/@emnapi%2fwasi-threads set size:undefined disposed:false
2261 http fetch GET 200 https://registry.npmjs.org/@tybys%2fwasm-util 65ms (cache miss)
2262 silly packumentCache full:https://registry.npmjs.org/@tybys%2fwasm-util set size:undefined disposed:false
2263 silly placeDep ROOT @emnapi/wasi-threads@1.2.1 OK for: @emnapi/core@1.10.0 want: 1.2.1
2264 silly placeDep ROOT @tybys/wasm-util@0.10.3 OK for: @napi-rs/wasm-runtime@1.2.2 want: ^0.10.3
2265 silly placeDep ROOT escalade@3.2.0 OK for: update-browserslist-db@1.2.3 want: ^3.2.0
2266 silly placeDep ROOT punycode@2.3.1 OK for: uri-js@4.4.1 want: ^2.1.0
2267 silly placeDep ROOT isexe@2.0.0 OK for: which@2.0.2 want: ^2.0.0
2268 silly placeDep ROOT is-bigint@1.1.0 OK for: which-boxed-primitive@1.1.1 want: ^1.1.0
2269 silly placeDep ROOT is-boolean-object@1.2.2 OK for: which-boxed-primitive@1.1.1 want: ^1.2.1
2270 silly placeDep ROOT is-number-object@1.1.1 OK for: which-boxed-primitive@1.1.1 want: ^1.1.1
2271 silly placeDep ROOT is-async-function@2.1.1 OK for: which-builtin-type@1.2.1 want: ^2.0.0
2272 silly placeDep ROOT is-finalizationregistry@1.1.1 OK for: which-builtin-type@1.2.1 want: ^1.1.0
2273 silly placeDep ROOT is-generator-function@1.1.2 OK for: which-builtin-type@1.2.1 want: ^1.0.10
2274 silly placeDep ROOT which-collection@1.0.2 OK for: which-builtin-type@1.2.1 want: ^1.0.2
2275 silly fetch manifest async-function@^1.0.0
2276 silly packumentCache full:https://registry.npmjs.org/async-function cache-miss
2277 silly fetch manifest generator-function@^2.0.0
2278 silly packumentCache full:https://registry.npmjs.org/generator-function cache-miss
2279 silly fetch manifest is-map@^2.0.3
2280 silly packumentCache full:https://registry.npmjs.org/is-map cache-miss
2281 silly fetch manifest is-weakmap@^2.0.2
2282 silly packumentCache full:https://registry.npmjs.org/is-weakmap cache-miss
2283 silly fetch manifest is-weakset@^2.0.3
2284 silly packumentCache full:https://registry.npmjs.org/is-weakset cache-miss
2285 http fetch GET 200 https://registry.npmjs.org/generator-function 36ms (cache miss)
2286 silly packumentCache full:https://registry.npmjs.org/generator-function set size:undefined disposed:false
2287 http fetch GET 200 https://registry.npmjs.org/is-map 37ms (cache miss)
2288 silly packumentCache full:https://registry.npmjs.org/is-map set size:undefined disposed:false
2289 http fetch GET 200 https://registry.npmjs.org/is-weakmap 41ms (cache miss)
2290 silly packumentCache full:https://registry.npmjs.org/is-weakmap set size:undefined disposed:false
2291 http fetch GET 200 https://registry.npmjs.org/async-function 42ms (cache miss)
2292 silly packumentCache full:https://registry.npmjs.org/async-function set size:undefined disposed:false
2293 http fetch GET 200 https://registry.npmjs.org/is-weakset 42ms (cache miss)
2294 silly packumentCache full:https://registry.npmjs.org/is-weakset set size:undefined disposed:false
2295 silly placeDep ROOT async-function@1.0.0 OK for: is-async-function@2.1.1 want: ^1.0.0
2296 silly placeDep ROOT generator-function@2.0.1 OK for: is-generator-function@1.1.2 want: ^2.0.0
2297 silly placeDep ROOT is-map@2.0.3 OK for: which-collection@1.0.2 want: ^2.0.3
2298 silly placeDep ROOT is-weakmap@2.0.2 OK for: which-collection@1.0.2 want: ^2.0.2
2299 silly placeDep ROOT is-weakset@2.0.4 OK for: which-collection@1.0.2 want: ^2.0.3
2300 silly placeDep node_modules/@typescript-eslint/typescript-estree brace-expansion@5.0.9 OK for: minimatch@10.2.6 want: ^5.0.8
2301 silly fetch manifest balanced-match@^4.0.2
2302 silly packumentCache full:https://registry.npmjs.org/balanced-match cache-miss
2303 http cache https://registry.npmjs.org/balanced-match 1ms (cache hit)
2304 silly packumentCache full:https://registry.npmjs.org/balanced-match set size:39082 disposed:false
2305 silly placeDep node_modules/@typescript-eslint/typescript-estree balanced-match@4.0.4 OK for: brace-expansion@5.0.9 want: ^4.0.2
2306 silly reify moves {}
2307 silly audit bulk request {
2307 silly audit   '@types/node': [ '24.13.3' ],
2307 silly audit   '@types/react': [ '19.2.18' ],
2307 silly audit   '@types/react-dom': [ '19.2.4' ],
2307 silly audit   eslint: [ '9.39.5' ],
2307 silly audit   'eslint-config-next': [ '16.2.12' ],
2307 silly audit   next: [ '16.2.12' ],
2307 silly audit   react: [ '19.2.0' ],
2307 silly audit   'react-dom': [ '19.2.0' ],
2307 silly audit   typescript: [ '5.9.3' ],
2307 silly audit   'undici-types': [ '7.18.2' ],
2307 silly audit   csstype: [ '3.2.3' ],
2307 silly audit   '@eslint-community/eslint-utils': [ '4.10.1' ],
2307 silly audit   '@eslint-community/regexpp': [ '4.12.2' ],
2307 silly audit   '@eslint/config-array': [ '0.21.2' ],
2307 silly audit   '@eslint/config-helpers': [ '0.4.2' ],
2307 silly audit   '@eslint/core': [ '0.17.0' ],
2307 silly audit   '@eslint/eslintrc': [ '3.3.6' ],
2307 silly audit   '@eslint/js': [ '9.39.5' ],
2307 silly audit   '@eslint/plugin-kit': [ '0.4.1' ],
2307 silly audit   '@humanfs/node': [ '0.16.8' ],
2307 silly audit   '@humanwhocodes/module-importer': [ '1.0.1' ],
2307 silly audit   '@humanwhocodes/retry': [ '0.4.3' ],
2307 silly audit   '@types/estree': [ '1.0.9' ],
2307 silly audit   ajv: [ '6.15.0' ],
2307 silly audit   chalk: [ '4.1.2' ],
2307 silly audit   'cross-spawn': [ '7.0.6' ],
2307 silly audit   debug: [ '4.4.3', '3.2.7' ],
2307 silly audit   'escape-string-regexp': [ '4.0.0' ],
2307 silly audit   'eslint-scope': [ '8.4.0' ],
2307 silly audit   'eslint-visitor-keys': [ '4.2.1', '3.4.3', '5.0.1' ],
2307 silly audit   espree: [ '10.4.0' ],
2307 silly audit   esquery: [ '1.7.0' ],
2307 silly audit   esutils: [ '2.0.3' ],
2307 silly audit   'fast-deep-equal': [ '3.1.3' ],
2307 silly audit   'file-entry-cache': [ '8.0.0' ],
2307 silly audit   'find-up': [ '5.0.0' ],
2307 silly audit   'glob-parent': [ '6.0.2', '5.1.2' ],
2307 silly audit   ignore: [ '5.3.2', '7.0.6' ],
2307 silly audit   imurmurhash: [ '0.1.4' ],
2307 silly audit   'is-glob': [ '4.0.3' ],
2307 silly audit   'json-stable-stringify-without-jsonify': [ '1.0.1' ],
2307 silly audit   'lodash.merge': [ '4.6.2' ],
2307 silly audit   minimatch: [ '3.1.5', '10.2.6' ],
2307 silly audit   'natural-compare': [ '1.4.0' ],
2307 silly audit   optionator: [ '0.9.4' ],
2307 silly audit   '@eslint/object-schema': [ '2.1.7' ],
2307 silly audit   '@types/json-schema': [ '7.0.15' ],
2307 silly audit   globals: [ '14.0.0', '16.4.0' ],
2307 silly audit   'import-fresh': [ '3.3.1' ],
2307 silly audit   'js-yaml': [ '4.3.1' ],
2307 silly audit   'strip-json-comments': [ '3.1.1' ],
2307 silly audit   levn: [ '0.4.1' ],
2307 silly audit   '@humanfs/core': [ '0.19.2' ],
2307 silly audit   '@humanfs/types': [ '0.15.0' ],
2307 silly audit   'fast-json-stable-stringify': [ '2.1.0' ],
2307 silly audit   'json-schema-traverse': [ '0.4.1' ],
2307 silly audit   'uri-js': [ '4.4.1' ],
2307 silly audit   'ansi-styles': [ '4.3.0' ],
2307 silly audit   'supports-color': [ '7.2.0' ],
2307 silly audit   'color-convert': [ '2.0.1' ],
2307 silly audit   'color-name': [ '1.1.4' ],
2307 silly audit   'path-key': [ '3.1.1' ],
2307 silly audit   'shebang-command': [ '2.0.0' ],
2307 silly audit   which: [ '2.0.2' ],
2307 silly audit   ms: [ '2.1.3' ],
2307 silly audit   '@next/eslint-plugin-next': [ '16.2.12' ],
2307 silly audit   'eslint-import-resolver-node': [ '0.3.10' ],
2307 silly audit   'eslint-import-resolver-typescript': [ '3.10.1' ],
2307 silly audit   'eslint-plugin-import': [ '2.32.0' ],
2307 silly audit   'eslint-plugin-jsx-a11y': [ '6.10.2' ],
2307 silly audit   'eslint-plugin-react': [ '7.37.5' ],
2307 silly audit   'eslint-plugin-react-hooks': [ '7.1.1' ],
2307 silly audit   'typescript-eslint': [ '8.65.0' ],
2307 silly audit   'fast-glob': [ '3.3.1' ],
2307 silly audit   'is-core-module': [ '2.16.2' ],
2307 silly audit   resolve: [ '2.0.0-next.7' ],
2307 silly audit   '@nolyfill/is-core-module': [ '1.0.39' ],
2307 silly audit   'get-tsconfig': [ '4.14.1' ],
2307 silly audit   'is-bun-module': [ '2.0.0' ],
2307 silly audit   'stable-hash': [ '0.0.5' ],
2307 silly audit   tinyglobby: [ '0.2.17' ],
2307 silly audit   'unrs-resolver': [ '1.12.2' ],
2307 silly audit   '@rtsao/scc': [ '1.1.0' ],
2307 silly audit   'array-includes': [ '3.1.9' ],
2307 silly audit   'array.prototype.findlastindex': [ '1.2.6' ],
2307 silly audit   'array.prototype.flat': [ '1.3.3' ],
2307 silly audit   'array.prototype.flatmap': [ '1.3.3' ],
2307 silly audit   doctrine: [ '2.1.0' ],
2307 silly audit   'eslint-module-utils': [ '2.14.0' ],
2307 silly audit   hasown: [ '2.0.4' ],
2307 silly audit   'object.fromentries': [ '2.0.8' ],
2307 silly audit   'object.groupby': [ '1.0.3' ],
2307 silly audit   'object.values': [ '1.2.1' ],
2307 silly audit   semver: [ '6.3.1', '7.8.5' ],
2307 silly audit   'string.prototype.trimend': [ '1.0.10' ],
2307 silly audit   'tsconfig-paths': [ '3.15.0' ],
2307 silly audit   'call-bind': [ '1.0.9' ],
2307 silly audit   'call-bound': [ '1.0.4' ],
2307 silly audit   'define-properties': [ '1.2.1' ],
2307 silly audit   'es-abstract': [ '1.24.2' ],
2307 silly audit   'es-object-atoms': [ '1.1.2' ],
2307 silly audit   'get-intrinsic': [ '1.3.0' ],
2307 silly audit   'is-string': [ '1.1.1' ],
2307 silly audit   'math-intrinsics': [ '1.1.0' ],
2307 silly audit   'es-errors': [ '1.3.0' ],
2307 silly audit   'es-shim-unscopables': [ '1.1.0' ],
2307 silly audit   'call-bind-apply-helpers': [ '1.0.2' ],
2307 silly audit   'es-define-property': [ '1.0.1' ],
2307 silly audit   'set-function-length': [ '1.2.2' ],
2307 silly audit   'function-bind': [ '1.1.2' ],
2307 silly audit   'define-data-property': [ '1.1.4' ],
2307 silly audit   'has-property-descriptors': [ '1.0.2' ],
2307 silly audit   'object-keys': [ '1.1.1' ],
2307 silly audit   gopd: [ '1.2.0' ],
2307 silly audit   'array-buffer-byte-length': [ '1.0.2' ],
2307 silly audit   'arraybuffer.prototype.slice': [ '1.0.4' ],
2307 silly audit   'available-typed-arrays': [ '1.0.7' ],
2307 silly audit   'data-view-buffer': [ '1.0.2' ],
2307 silly audit   'data-view-byte-length': [ '1.0.2' ],
2307 silly audit   'data-view-byte-offset': [ '1.0.1' ],
2307 silly audit   'es-set-tostringtag': [ '2.1.0' ],
2307 silly audit   'es-to-primitive': [ '1.3.4' ],
2307 silly audit   'function.prototype.name': [ '1.2.0' ],
2307 silly audit   'get-proto': [ '1.0.1' ],
2307 silly audit   'get-symbol-description': [ '1.1.0' ],
2307 silly audit   globalthis: [ '1.0.4' ],
2307 silly audit   'has-proto': [ '1.2.0' ],
2307 silly audit   'has-symbols': [ '1.1.0' ],
2307 silly audit   'internal-slot': [ '1.1.0' ],
2307 silly audit   'is-array-buffer': [ '3.0.5' ],
2307 silly audit   'is-callable': [ '1.2.7' ],
2307 silly audit   'is-data-view': [ '1.0.2' ],
2307 silly audit   'is-negative-zero': [ '2.0.3' ],
2307 silly audit   'is-regex': [ '1.2.1' ],
2307 silly audit   'is-set': [ '2.0.3' ],
2307 silly audit   'is-shared-array-buffer': [ '1.0.4' ],
2307 silly audit   'is-typed-array': [ '1.1.15' ],
2307 silly audit   'is-weakref': [ '1.1.1' ],
2307 silly audit   'object-inspect': [ '1.13.4' ],
2307 silly audit   'object.assign': [ '4.1.7' ],
2307 silly audit   'own-keys': [ '1.0.2' ],
2307 silly audit   'regexp.prototype.flags': [ '1.5.4' ],
2307 silly audit   'safe-array-concat': [ '1.1.4' ],
2307 silly audit   'safe-push-apply': [ '1.0.0' ],
2307 silly audit   'safe-regex-test': [ '1.1.0' ],
2307 silly audit   'set-proto': [ '1.0.0' ],
2307 silly audit   'stop-iteration-iterator': [ '1.1.0' ],
2307 silly audit   'string.prototype.trim': [ '1.2.11' ],
2307 silly audit   'string.prototype.trimstart': [ '1.0.8' ],
2307 silly audit   'typed-array-buffer': [ '1.0.3' ],
2307 silly audit   'typed-array-byte-length': [ '1.0.3' ],
2307 silly audit   'typed-array-byte-offset': [ '1.0.4' ],
2307 silly audit   'typed-array-length': [ '1.0.8' ],
2307 silly audit   'unbox-primitive': [ '1.1.0' ],
2307 silly audit   'which-typed-array': [ '1.1.22' ],
2307 silly audit   'possible-typed-array-names': [ '1.1.0' ],
2307 silly audit   'has-tostringtag': [ '1.0.2' ],
2307 silly audit   'es-abstract-get': [ '1.0.0' ],
2307 silly audit   'is-date-object': [ '1.1.0' ],
2307 silly audit   'is-symbol': [ '1.1.1' ],
2307 silly audit   'aria-query': [ '5.3.2' ],
2307 silly audit   'ast-types-flow': [ '0.0.8' ],
2307 silly audit   'axe-core': [ '4.12.1' ],
2307 silly audit   'axobject-query': [ '4.1.0' ],
2307 silly audit   'damerau-levenshtein': [ '1.0.8' ],
2307 silly audit   'emoji-regex': [ '9.2.2' ],
2307 silly audit   'jsx-ast-utils': [ '3.3.5' ],
2307 silly audit   'language-tags': [ '1.0.9' ],
2307 silly audit   'string.prototype.includes': [ '2.0.1' ],
2307 silly audit   'array.prototype.findlast': [ '1.2.5' ],
2307 silly audit   'array.prototype.tosorted': [ '1.1.4' ],
2307 silly audit   'es-iterator-helpers': [ '1.4.0' ],
2307 silly audit   estraverse: [ '5.3.0' ],
2307 silly audit   'object.entries': [ '1.1.9' ],
2307 silly audit   'prop-types': [ '15.8.1' ],
2307 silly audit   'string.prototype.matchall': [ '4.0.12' ],
2307 silly audit   'string.prototype.repeat': [ '1.0.0' ],
2307 silly audit   'iterator.prototype': [ '1.1.5' ],
2307 silly audit   '@babel/core': [ '7.29.7' ],
2307 silly audit   '@babel/parser': [ '7.29.8' ],
2307 silly audit   'hermes-parser': [ '0.25.1' ],
2307 silly audit   zod: [ '4.4.3' ],
2307 silly audit   'zod-validation-error': [ '4.0.2' ],
2307 silly audit   '@babel/code-frame': [ '7.29.7' ],
2307 silly audit   '@babel/generator': [ '7.29.8' ],
2307 silly audit   '@babel/helper-compilation-targets': [ '7.29.7' ],
2307 silly audit   '@babel/helper-module-transforms': [ '7.29.7' ],
2307 silly audit   '@babel/helpers': [ '7.29.7' ],
2307 silly audit   '@babel/template': [ '7.29.7' ],
2307 silly audit   '@babel/traverse': [ '7.29.8' ],
2307 silly audit   '@babel/types': [ '7.29.8' ],
2307 silly audit   '@jridgewell/remapping': [ '2.3.5' ],
2307 silly audit   'convert-source-map': [ '2.0.0' ],
2307 silly audit   gensync: [ '1.0.0-beta.2' ],
2307 silly audit   json5: [ '2.2.3', '1.0.2' ],
2307 silly audit   '@babel/helper-validator-identifier': [ '7.29.7' ],
2307 silly audit   'js-tokens': [ '4.0.0' ],
2307 silly audit   picocolors: [ '1.1.1' ],
2307 silly audit   '@jridgewell/gen-mapping': [ '0.3.13' ],
2307 silly audit   '@jridgewell/trace-mapping': [ '0.3.31' ],
2307 silly audit   jsesc: [ '3.1.0' ],
2307 silly audit   '@babel/compat-data': [ '7.29.7' ],
2307 silly audit   '@babel/helper-validator-option': [ '7.29.7' ],
2307 silly audit   browserslist: [ '4.28.7' ],
2307 silly audit   'lru-cache': [ '5.1.1' ],
2307 silly audit   '@babel/helper-module-imports': [ '7.29.7' ],
2307 silly audit   '@babel/helper-globals': [ '7.29.7' ],
2307 silly audit   '@babel/helper-string-parser': [ '7.29.7' ],
2307 silly audit   '@jridgewell/sourcemap-codec': [ '1.5.5' ],
2307 silly audit   '@jridgewell/resolve-uri': [ '3.1.2' ],
2307 silly audit   'baseline-browser-mapping': [ '2.11.11' ],
2307 silly audit   'caniuse-lite': [ '1.0.30001806' ],
2307 silly audit   'electron-to-chromium': [ '1.5.399' ],
2307 silly audit   'node-releases': [ '2.0.51' ],
2307 silly audit   'update-browserslist-db': [ '1.2.3' ],
2307 silly audit   esrecurse: [ '4.3.0' ],
2307 silly audit   acorn: [ '8.18.0' ],
2307 silly audit   'acorn-jsx': [ '5.3.2' ],
2307 silly audit   '@nodelib/fs.stat': [ '2.0.5' ],
2307 silly audit   '@nodelib/fs.walk': [ '1.2.8' ],
2307 silly audit   merge2: [ '1.4.1' ],
2307 silly audit   micromatch: [ '4.0.8' ],
2307 silly audit   '@nodelib/fs.scandir': [ '2.1.5' ],
2307 silly audit   fastq: [ '1.20.1' ],
2307 silly audit   'run-parallel': [ '1.2.0' ],
2307 silly audit   reusify: [ '1.1.0' ],
2307 silly audit   'flat-cache': [ '4.0.1' ],
2307 silly audit   'locate-path': [ '6.0.0' ],
2307 silly audit   'path-exists': [ '4.0.0' ],
2307 silly audit   flatted: [ '3.4.4' ],
2307 silly audit   keyv: [ '4.5.4' ],
2307 silly audit   'functions-have-names': [ '1.2.3' ],
2307 silly audit   'is-document.all': [ '1.0.0' ],
2307 silly audit   'dunder-proto': [ '1.0.1' ],
2307 silly audit   'resolve-pkg-maps': [ '1.0.0' ],
2307 silly audit   'hermes-estree': [ '0.25.1' ],
2307 silly audit   'parent-module': [ '1.0.1' ],
2307 silly audit   'resolve-from': [ '4.0.0' ],
2307 silly audit   'side-channel': [ '1.1.1' ],
2307 silly audit   'is-extglob': [ '2.1.1' ],
2307 silly audit   'set-function-name': [ '2.0.2' ],
2307 silly audit   argparse: [ '2.0.1' ],
2307 silly audit   'json-buffer': [ '3.0.1' ],
2307 silly audit   'language-subtag-registry': [ '0.3.23' ],
2307 silly audit   'prelude-ls': [ '1.2.1' ],
2307 silly audit   'type-check': [ '0.4.0' ],
2307 silly audit   'p-locate': [ '5.0.0' ],
2307 silly audit   yallist: [ '3.1.1' ],
2307 silly audit   braces: [ '3.0.3' ],
2307 silly audit   picomatch: [ '2.3.2', '4.0.5' ],
2307 silly audit   'fill-range': [ '7.1.1' ],
2307 silly audit   'to-regex-range': [ '5.0.1' ],
2307 silly audit   'brace-expansion': [ '1.1.18', '5.0.9' ],
2307 silly audit   'balanced-match': [ '1.0.2', '4.0.4' ],
2307 silly audit   'concat-map': [ '0.0.1' ],
2307 silly audit   '@next/env': [ '16.2.12' ],
2307 silly audit   '@next/swc-darwin-arm64': [ '16.2.12' ],
2307 silly audit   '@next/swc-darwin-x64': [ '16.2.12' ],
2307 silly audit   '@next/swc-linux-arm64-gnu': [ '16.2.12' ],
2307 silly audit   '@next/swc-linux-arm64-musl': [ '16.2.12' ],
2307 silly audit   '@next/swc-linux-x64-gnu': [ '16.2.12' ],
2307 silly audit   '@next/swc-linux-x64-musl': [ '16.2.12' ],
2307 silly audit   '@next/swc-win32-arm64-msvc': [ '16.2.12' ],
2307 silly audit   '@next/swc-win32-x64-msvc': [ '16.2.12' ],
2307 silly audit   '@swc/helpers': [ '0.5.15' ],
2307 silly audit   postcss: [ '8.4.31' ],
2307 silly audit   sharp: [ '0.34.5' ],
2307 silly audit   'styled-jsx': [ '5.1.6' ],
2307 silly audit   tslib: [ '2.8.1' ],
2307 silly audit   'deep-is': [ '0.1.4' ],
2307 silly audit   'fast-levenshtein': [ '2.0.6' ],
2307 silly audit   'word-wrap': [ '1.2.5' ],
2307 silly audit   'p-limit': [ '3.1.0' ],
2307 silly audit   'yocto-queue': [ '0.1.0' ],
2307 silly audit   callsites: [ '3.1.0' ],
2307 silly audit   nanoid: [ '3.3.16' ],
2307 silly audit   'source-map-js': [ '1.2.1' ],
2307 silly audit   'loose-envify': [ '1.4.0' ],
2307 silly audit   'object-assign': [ '4.1.1' ],
2307 silly audit   'react-is': [ '16.13.1' ],
2307 silly audit   scheduler: [ '0.27.0' ],
2307 silly audit   'node-exports-info': [ '1.6.2' ],
2307 silly audit   'path-parse': [ '1.0.7' ],
2307 silly audit   'supports-preserve-symlinks-flag': [ '1.0.0' ],
2307 silly audit   'queue-microtask': [ '1.2.3' ],
2307 silly audit   isarray: [ '2.0.5' ],
2307 silly audit   '@img/colour': [ '1.1.0' ],
2307 silly audit   '@img/sharp-darwin-arm64': [ '0.34.5' ],
2307 silly audit   '@img/sharp-darwin-x64': [ '0.34.5' ],
2307 silly audit   '@img/sharp-libvips-darwin-arm64': [ '1.2.4' ],
2307 silly audit   '@img/sharp-libvips-darwin-x64': [ '1.2.4' ],
2307 silly audit   '@img/sharp-libvips-linux-arm': [ '1.2.4' ],
2307 silly audit   '@img/sharp-libvips-linux-arm64': [ '1.2.4' ],
2307 silly audit   '@img/sharp-libvips-linux-ppc64': [ '1.2.4' ],
2307 silly audit   '@img/sharp-libvips-linux-riscv64': [ '1.2.4' ],
2307 silly audit   '@img/sharp-libvips-linux-s390x': [ '1.2.4' ],
2307 silly audit   '@img/sharp-libvips-linux-x64': [ '1.2.4' ],
2307 silly audit   '@img/sharp-libvips-linuxmusl-arm64': [ '1.2.4' ],
2307 silly audit   '@img/sharp-libvips-linuxmusl-x64': [ '1.2.4' ],
2307 silly audit   '@img/sharp-linux-arm': [ '0.34.5' ],
2307 silly audit   '@img/sharp-linux-arm64': [ '0.34.5' ],
2307 silly audit   '@img/sharp-linux-ppc64': [ '0.34.5' ],
2307 silly audit   '@img/sharp-linux-riscv64': [ '0.34.5' ],
2307 silly audit   '@img/sharp-linux-s390x': [ '0.34.5' ],
2307 silly audit   '@img/sharp-linux-x64': [ '0.34.5' ],
2307 silly audit   '@img/sharp-linuxmusl-arm64': [ '0.34.5' ],
2307 silly audit   '@img/sharp-linuxmusl-x64': [ '0.34.5' ],
2307 silly audit   '@img/sharp-wasm32': [ '0.34.5' ],
2307 silly audit   '@img/sharp-win32-arm64': [ '0.34.5' ],
2307 silly audit   '@img/sharp-win32-ia32': [ '0.34.5' ],
2307 silly audit   '@img/sharp-win32-x64': [ '0.34.5' ],
2307 silly audit   'detect-libc': [ '2.1.2' ],
2307 silly audit   '@emnapi/runtime': [ '1.11.3', '1.10.0' ],
2307 silly audit   'shebang-regex': [ '3.0.0' ],
2307 silly audit   'side-channel-list': [ '1.0.1' ],
2307 silly audit   'side-channel-map': [ '1.0.1' ],
2307 silly audit   'side-channel-weakmap': [ '1.0.2' ],
2307 silly audit   'client-only': [ '0.0.1' ],
2307 silly audit   'has-flag': [ '4.0.0' ],
2307 silly audit   fdir: [ '6.5.0' ],
2307 silly audit   'is-number': [ '7.0.0' ],
2307 silly audit   '@types/json5': [ '0.0.29' ],
2307 silly audit   minimist: [ '1.2.8' ],
2307 silly audit   'strip-bom': [ '3.0.0' ],
2307 silly audit   'for-each': [ '0.3.5' ],
2307 silly audit   'reflect.getprototypeof': [ '1.0.10' ],
2307 silly audit   'which-builtin-type': [ '1.2.1' ],
2307 silly audit   '@typescript-eslint/eslint-plugin': [ '8.65.0' ],
2307 silly audit   '@typescript-eslint/parser': [ '8.65.0' ],
2307 silly audit   '@typescript-eslint/typescript-estree': [ '8.65.0' ],
2307 silly audit   '@typescript-eslint/utils': [ '8.65.0' ],
2307 silly audit   '@typescript-eslint/scope-manager': [ '8.65.0' ],
2307 silly audit   '@typescript-eslint/type-utils': [ '8.65.0' ],
2307 silly audit   '@typescript-eslint/visitor-keys': [ '8.65.0' ],
2307 silly audit   'ts-api-utils': [ '2.5.0' ],
2307 silly audit   '@typescript-eslint/types': [ '8.65.0' ],
2307 silly audit   '@typescript-eslint/project-service': [ '8.65.0' ],
2307 silly audit   '@typescript-eslint/tsconfig-utils': [ '8.65.0' ],
2307 silly audit   'has-bigints': [ '1.1.0' ],
2307 silly audit   'which-boxed-primitive': [ '1.1.1' ],
2307 silly audit   '@unrs/resolver-binding-android-arm-eabi': [ '1.12.2' ],
2307 silly audit   '@unrs/resolver-binding-android-arm64': [ '1.12.2' ],
2307 silly audit   '@unrs/resolver-binding-darwin-arm64': [ '1.12.2' ],
2307 silly audit   '@unrs/resolver-binding-darwin-x64': [ '1.12.2' ],
2307 silly audit   '@unrs/resolver-binding-freebsd-x64': [ '1.12.2' ],
2307 silly audit   '@unrs/resolver-binding-linux-arm-gnueabihf': [ '1.12.2' ],
2307 silly audit   '@unrs/resolver-binding-linux-arm-musleabihf': [ '1.12.2' ],
2307 silly audit   '@unrs/resolver-binding-linux-arm64-gnu': [ '1.12.2' ],
2307 silly audit   '@unrs/resolver-binding-linux-arm64-musl': [ '1.12.2' ],
2307 silly audit   '@unrs/resolver-binding-linux-loong64-gnu': [ '1.12.2' ],
2307 silly audit   '@unrs/resolver-binding-linux-loong64-musl': [ '1.12.2' ],
2307 silly audit   '@unrs/resolver-binding-linux-ppc64-gnu': [ '1.12.2' ],
2307 silly audit   '@unrs/resolver-binding-linux-riscv64-gnu': [ '1.12.2' ],
2307 silly audit   '@unrs/resolver-binding-linux-riscv64-musl': [ '1.12.2' ],
2307 silly audit   '@unrs/resolver-binding-linux-s390x-gnu': [ '1.12.2' ],
2307 silly audit   '@unrs/resolver-binding-linux-x64-gnu': [ '1.12.2' ],
2307 silly audit   '@unrs/resolver-binding-linux-x64-musl': [ '1.12.2' ],
2307 silly audit   '@unrs/resolver-binding-openharmony-arm64': [ '1.12.2' ],
2307 silly audit   '@unrs/resolver-binding-wasm32-wasi': [ '1.12.2' ],
2307 silly audit   '@unrs/resolver-binding-win32-arm64-msvc': [ '1.12.2' ],
2307 silly audit   '@unrs/resolver-binding-win32-ia32-msvc': [ '1.12.2' ],
2307 silly audit   '@unrs/resolver-binding-win32-x64-msvc': [ '1.12.2' ],
2307 silly audit   'napi-postinstall': [ '0.3.4' ],
2307 silly audit   '@emnapi/core': [ '1.10.0' ],
2307 silly audit   '@napi-rs/wasm-runtime': [ '1.2.2' ],
2307 silly audit   '@emnapi/wasi-threads': [ '1.2.1' ],
2307 silly audit   '@tybys/wasm-util': [ '0.10.3' ],
2307 silly audit   escalade: [ '3.2.0' ],
2307 silly audit   punycode: [ '2.3.1' ],
2307 silly audit   isexe: [ '2.0.0' ],
2307 silly audit   'is-bigint': [ '1.1.0' ],
2307 silly audit   'is-boolean-object': [ '1.2.2' ],
2307 silly audit   'is-number-object': [ '1.1.1' ],
2307 silly audit   'is-async-function': [ '2.1.1' ],
2307 silly audit   'is-finalizationregistry': [ '1.1.1' ],
2307 silly audit   'is-generator-function': [ '1.1.2' ],
2307 silly audit   'which-collection': [ '1.0.2' ],
2307 silly audit   'async-function': [ '1.0.0' ],
2307 silly audit   'generator-function': [ '2.0.1' ],
2307 silly audit   'is-map': [ '2.0.3' ],
2307 silly audit   'is-weakmap': [ '2.0.2' ],
2307 silly audit   'is-weakset': [ '2.0.4' ]
2307 silly audit }
2308 http cache is-weakset@https://registry.npmjs.org/is-weakset/-/is-weakset-2.0.4.tgz 0ms (cache hit)
2309 http cache is-map@https://registry.npmjs.org/is-map/-/is-map-2.0.3.tgz 0ms (cache hit)
2310 http cache generator-function@https://registry.npmjs.org/generator-function/-/generator-function-2.0.1.tgz 0ms (cache hit)
2311 http cache is-weakmap@https://registry.npmjs.org/is-weakmap/-/is-weakmap-2.0.2.tgz 0ms (cache hit)
2312 http cache which-collection@https://registry.npmjs.org/which-collection/-/which-collection-1.0.2.tgz 0ms (cache hit)
2313 http cache async-function@https://registry.npmjs.org/async-function/-/async-function-1.0.0.tgz 0ms (cache hit)
2314 http cache is-generator-function@https://registry.npmjs.org/is-generator-function/-/is-generator-function-1.1.2.tgz 0ms (cache hit)
2315 http cache is-finalizationregistry@https://registry.npmjs.org/is-finalizationregistry/-/is-finalizationregistry-1.1.1.tgz 0ms (cache hit)
2316 http cache is-number-object@https://registry.npmjs.org/is-number-object/-/is-number-object-1.1.1.tgz 0ms (cache hit)
2317 http cache is-boolean-object@https://registry.npmjs.org/is-boolean-object/-/is-boolean-object-1.2.2.tgz 0ms (cache hit)
2318 http cache is-bigint@https://registry.npmjs.org/is-bigint/-/is-bigint-1.1.0.tgz 0ms (cache hit)
2319 http cache punycode@https://registry.npmjs.org/punycode/-/punycode-2.3.1.tgz 0ms (cache hit)
2320 http cache isexe@https://registry.npmjs.org/isexe/-/isexe-2.0.0.tgz 0ms (cache hit)
2321 http cache escalade@https://registry.npmjs.org/escalade/-/escalade-3.2.0.tgz 0ms (cache hit)
2322 http cache napi-postinstall@https://registry.npmjs.org/napi-postinstall/-/napi-postinstall-0.3.4.tgz 0ms (cache hit)
2323 http cache @unrs/resolver-binding-darwin-arm64@https://registry.npmjs.org/@unrs/resolver-binding-darwin-arm64/-/resolver-binding-darwin-arm64-1.12.2.tgz 0ms (cache hit)
2324 http cache which-boxed-primitive@https://registry.npmjs.org/which-boxed-primitive/-/which-boxed-primitive-1.1.1.tgz 0ms (cache hit)
2325 http cache is-async-function@https://registry.npmjs.org/is-async-function/-/is-async-function-2.1.1.tgz 0ms (cache hit)
2326 http cache has-bigints@https://registry.npmjs.org/has-bigints/-/has-bigints-1.1.0.tgz 0ms (cache hit)
2327 http cache @typescript-eslint/tsconfig-utils@https://registry.npmjs.org/@typescript-eslint/tsconfig-utils/-/tsconfig-utils-8.65.0.tgz 0ms (cache hit)
2328 http cache @typescript-eslint/types@https://registry.npmjs.org/@typescript-eslint/types/-/types-8.65.0.tgz 0ms (cache hit)
2329 http cache ts-api-utils@https://registry.npmjs.org/ts-api-utils/-/ts-api-utils-2.5.0.tgz 0ms (cache hit)
2330 http cache @typescript-eslint/type-utils@https://registry.npmjs.org/@typescript-eslint/type-utils/-/type-utils-8.65.0.tgz 0ms (cache hit)
2331 http cache @typescript-eslint/visitor-keys@https://registry.npmjs.org/@typescript-eslint/visitor-keys/-/visitor-keys-8.65.0.tgz 0ms (cache hit)
2332 http cache @typescript-eslint/project-service@https://registry.npmjs.org/@typescript-eslint/project-service/-/project-service-8.65.0.tgz 0ms (cache hit)
2333 http cache @typescript-eslint/scope-manager@https://registry.npmjs.org/@typescript-eslint/scope-manager/-/scope-manager-8.65.0.tgz 0ms (cache hit)
2334 http cache @typescript-eslint/utils@https://registry.npmjs.org/@typescript-eslint/utils/-/utils-8.65.0.tgz 0ms (cache hit)
2335 http cache @typescript-eslint/typescript-estree@https://registry.npmjs.org/@typescript-eslint/typescript-estree/-/typescript-estree-8.65.0.tgz 0ms (cache hit)
2336 http cache @typescript-eslint/parser@https://registry.npmjs.org/@typescript-eslint/parser/-/parser-8.65.0.tgz 0ms (cache hit)
2337 http cache which-builtin-type@https://registry.npmjs.org/which-builtin-type/-/which-builtin-type-1.2.1.tgz 0ms (cache hit)
2338 http cache reflect.getprototypeof@https://registry.npmjs.org/reflect.getprototypeof/-/reflect.getprototypeof-1.0.10.tgz 0ms (cache hit)
2339 http cache for-each@https://registry.npmjs.org/for-each/-/for-each-0.3.5.tgz 0ms (cache hit)
2340 http cache strip-bom@https://registry.npmjs.org/strip-bom/-/strip-bom-3.0.0.tgz 0ms (cache hit)
2341 http cache minimist@https://registry.npmjs.org/minimist/-/minimist-1.2.8.tgz 0ms (cache hit)
2342 http cache @typescript-eslint/eslint-plugin@https://registry.npmjs.org/@typescript-eslint/eslint-plugin/-/eslint-plugin-8.65.0.tgz 0ms (cache hit)
2343 http cache @types/json5@https://registry.npmjs.org/@types/json5/-/json5-0.0.29.tgz 0ms (cache hit)
2344 http cache is-number@https://registry.npmjs.org/is-number/-/is-number-7.0.0.tgz 0ms (cache hit)
2345 http cache client-only@https://registry.npmjs.org/client-only/-/client-only-0.0.1.tgz 0ms (cache hit)
2346 http cache has-flag@https://registry.npmjs.org/has-flag/-/has-flag-4.0.0.tgz 0ms (cache hit)
2347 http cache side-channel-weakmap@https://registry.npmjs.org/side-channel-weakmap/-/side-channel-weakmap-1.0.2.tgz 0ms (cache hit)
2348 http cache side-channel-list@https://registry.npmjs.org/side-channel-list/-/side-channel-list-1.0.1.tgz 0ms (cache hit)
2349 http cache shebang-regex@https://registry.npmjs.org/shebang-regex/-/shebang-regex-3.0.0.tgz 0ms (cache hit)
2350 http cache @emnapi/runtime@https://registry.npmjs.org/@emnapi/runtime/-/runtime-1.11.3.tgz 0ms (cache hit)
2351 http cache detect-libc@https://registry.npmjs.org/detect-libc/-/detect-libc-2.1.2.tgz 0ms (cache hit)
2352 http cache @img/sharp-libvips-darwin-arm64@https://registry.npmjs.org/@img/sharp-libvips-darwin-arm64/-/sharp-libvips-darwin-arm64-1.2.4.tgz 0ms (cache hit)
2353 http cache @img/sharp-darwin-arm64@https://registry.npmjs.org/@img/sharp-darwin-arm64/-/sharp-darwin-arm64-0.34.5.tgz 0ms (cache hit)
2354 http cache isarray@https://registry.npmjs.org/isarray/-/isarray-2.0.5.tgz 0ms (cache hit)
2355 http cache @img/colour@https://registry.npmjs.org/@img/colour/-/colour-1.1.0.tgz 0ms (cache hit)
2356 http cache queue-microtask@https://registry.npmjs.org/queue-microtask/-/queue-microtask-1.2.3.tgz 0ms (cache hit)
2357 http cache supports-preserve-symlinks-flag@https://registry.npmjs.org/supports-preserve-symlinks-flag/-/supports-preserve-symlinks-flag-1.0.0.tgz 0ms (cache hit)
2358 http cache path-parse@https://registry.npmjs.org/path-parse/-/path-parse-1.0.7.tgz 0ms (cache hit)
2359 http cache node-exports-info@https://registry.npmjs.org/node-exports-info/-/node-exports-info-1.6.2.tgz 0ms (cache hit)
2360 http cache scheduler@https://registry.npmjs.org/scheduler/-/scheduler-0.27.0.tgz 0ms (cache hit)
2361 http cache react-is@https://registry.npmjs.org/react-is/-/react-is-16.13.1.tgz 0ms (cache hit)
2362 http cache object-assign@https://registry.npmjs.org/object-assign/-/object-assign-4.1.1.tgz 0ms (cache hit)
2363 http cache loose-envify@https://registry.npmjs.org/loose-envify/-/loose-envify-1.4.0.tgz 0ms (cache hit)
2364 http cache nanoid@https://registry.npmjs.org/nanoid/-/nanoid-3.3.16.tgz 0ms (cache hit)
2365 http cache callsites@https://registry.npmjs.org/callsites/-/callsites-3.1.0.tgz 0ms (cache hit)
2366 http cache source-map-js@https://registry.npmjs.org/source-map-js/-/source-map-js-1.2.1.tgz 0ms (cache hit)
2367 http cache yocto-queue@https://registry.npmjs.org/yocto-queue/-/yocto-queue-0.1.0.tgz 0ms (cache hit)
2368 http cache p-limit@https://registry.npmjs.org/p-limit/-/p-limit-3.1.0.tgz 0ms (cache hit)
2369 http cache word-wrap@https://registry.npmjs.org/word-wrap/-/word-wrap-1.2.5.tgz 0ms (cache hit)
2370 http cache fast-levenshtein@https://registry.npmjs.org/fast-levenshtein/-/fast-levenshtein-2.0.6.tgz 0ms (cache hit)
2371 http cache deep-is@https://registry.npmjs.org/deep-is/-/deep-is-0.1.4.tgz 0ms (cache hit)
2372 http cache styled-jsx@https://registry.npmjs.org/styled-jsx/-/styled-jsx-5.1.6.tgz 0ms (cache hit)
2373 http cache tslib@https://registry.npmjs.org/tslib/-/tslib-2.8.1.tgz 0ms (cache hit)
2374 http cache sharp@https://registry.npmjs.org/sharp/-/sharp-0.34.5.tgz 0ms (cache hit)
2375 http cache postcss@https://registry.npmjs.org/postcss/-/postcss-8.4.31.tgz 0ms (cache hit)
2376 http cache @swc/helpers@https://registry.npmjs.org/@swc/helpers/-/helpers-0.5.15.tgz 0ms (cache hit)
2377 http cache @next/swc-darwin-arm64@https://registry.npmjs.org/@next/swc-darwin-arm64/-/swc-darwin-arm64-16.2.12.tgz 0ms (cache hit)
2378 http cache @next/env@https://registry.npmjs.org/@next/env/-/env-16.2.12.tgz 0ms (cache hit)
2379 http cache concat-map@https://registry.npmjs.org/concat-map/-/concat-map-0.0.1.tgz 0ms (cache hit)
2380 http cache balanced-match@https://registry.npmjs.org/balanced-match/-/balanced-match-1.0.2.tgz 0ms (cache hit)
2381 http cache brace-expansion@https://registry.npmjs.org/brace-expansion/-/brace-expansion-1.1.18.tgz 0ms (cache hit)
2382 http cache fill-range@https://registry.npmjs.org/fill-range/-/fill-range-7.1.1.tgz 0ms (cache hit)
2383 http cache to-regex-range@https://registry.npmjs.org/to-regex-range/-/to-regex-range-5.0.1.tgz 0ms (cache hit)
2384 http cache picomatch@https://registry.npmjs.org/picomatch/-/picomatch-2.3.2.tgz 0ms (cache hit)
2385 http cache braces@https://registry.npmjs.org/braces/-/braces-3.0.3.tgz 0ms (cache hit)
2386 http cache yallist@https://registry.npmjs.org/yallist/-/yallist-3.1.1.tgz 0ms (cache hit)
2387 http cache p-locate@https://registry.npmjs.org/p-locate/-/p-locate-5.0.0.tgz 0ms (cache hit)
2388 http cache type-check@https://registry.npmjs.org/type-check/-/type-check-0.4.0.tgz 0ms (cache hit)
2389 http cache prelude-ls@https://registry.npmjs.org/prelude-ls/-/prelude-ls-1.2.1.tgz 0ms (cache hit)
2390 http cache language-subtag-registry@https://registry.npmjs.org/language-subtag-registry/-/language-subtag-registry-0.3.23.tgz 0ms (cache hit)
2391 http cache json-buffer@https://registry.npmjs.org/json-buffer/-/json-buffer-3.0.1.tgz 0ms (cache hit)
2392 http cache argparse@https://registry.npmjs.org/argparse/-/argparse-2.0.1.tgz 0ms (cache hit)
2393 http cache set-function-name@https://registry.npmjs.org/set-function-name/-/set-function-name-2.0.2.tgz 0ms (cache hit)
2394 http cache is-extglob@https://registry.npmjs.org/is-extglob/-/is-extglob-2.1.1.tgz 0ms (cache hit)
2395 http cache side-channel@https://registry.npmjs.org/side-channel/-/side-channel-1.1.1.tgz 0ms (cache hit)
2396 http cache resolve-from@https://registry.npmjs.org/resolve-from/-/resolve-from-4.0.0.tgz 0ms (cache hit)
2397 http cache parent-module@https://registry.npmjs.org/parent-module/-/parent-module-1.0.1.tgz 0ms (cache hit)
2398 http cache hermes-estree@https://registry.npmjs.org/hermes-estree/-/hermes-estree-0.25.1.tgz 0ms (cache hit)
2399 http cache resolve-pkg-maps@https://registry.npmjs.org/resolve-pkg-maps/-/resolve-pkg-maps-1.0.0.tgz 0ms (cache hit)
2400 http cache dunder-proto@https://registry.npmjs.org/dunder-proto/-/dunder-proto-1.0.1.tgz 0ms (cache hit)
2401 http cache is-document.all@https://registry.npmjs.org/is-document.all/-/is-document.all-1.0.0.tgz 0ms (cache hit)
2402 http cache keyv@https://registry.npmjs.org/keyv/-/keyv-4.5.4.tgz 0ms (cache hit)
2403 http cache functions-have-names@https://registry.npmjs.org/functions-have-names/-/functions-have-names-1.2.3.tgz 0ms (cache hit)
2404 http cache flatted@https://registry.npmjs.org/flatted/-/flatted-3.4.4.tgz 0ms (cache hit)
2405 http cache path-exists@https://registry.npmjs.org/path-exists/-/path-exists-4.0.0.tgz 0ms (cache hit)
2406 http cache locate-path@https://registry.npmjs.org/locate-path/-/locate-path-6.0.0.tgz 0ms (cache hit)
2407 http cache run-parallel@https://registry.npmjs.org/run-parallel/-/run-parallel-1.2.0.tgz 0ms (cache hit)
2408 http cache side-channel-map@https://registry.npmjs.org/side-channel-map/-/side-channel-map-1.0.1.tgz 0ms (cache hit)
2409 http cache fastq@https://registry.npmjs.org/fastq/-/fastq-1.20.1.tgz 0ms (cache hit)
2410 http cache @nodelib/fs.scandir@https://registry.npmjs.org/@nodelib/fs.scandir/-/fs.scandir-2.1.5.tgz 0ms (cache hit)
2411 http cache micromatch@https://registry.npmjs.org/micromatch/-/micromatch-4.0.8.tgz 0ms (cache hit)
2412 http cache merge2@https://registry.npmjs.org/merge2/-/merge2-1.4.1.tgz 0ms (cache hit)
2413 http cache @nodelib/fs.walk@https://registry.npmjs.org/@nodelib/fs.walk/-/fs.walk-1.2.8.tgz 0ms (cache hit)
2414 http cache @nodelib/fs.stat@https://registry.npmjs.org/@nodelib/fs.stat/-/fs.stat-2.0.5.tgz 0ms (cache hit)
2415 http cache reusify@https://registry.npmjs.org/reusify/-/reusify-1.1.0.tgz 0ms (cache hit)
2416 http cache acorn-jsx@https://registry.npmjs.org/acorn-jsx/-/acorn-jsx-5.3.2.tgz 0ms (cache hit)
2417 http cache flat-cache@https://registry.npmjs.org/flat-cache/-/flat-cache-4.0.1.tgz 0ms (cache hit)
2418 http cache esrecurse@https://registry.npmjs.org/esrecurse/-/esrecurse-4.3.0.tgz 0ms (cache hit)
2419 http cache acorn@https://registry.npmjs.org/acorn/-/acorn-8.18.0.tgz 0ms (cache hit)
2420 http cache update-browserslist-db@https://registry.npmjs.org/update-browserslist-db/-/update-browserslist-db-1.2.3.tgz 0ms (cache hit)
2421 http cache node-releases@https://registry.npmjs.org/node-releases/-/node-releases-2.0.51.tgz 0ms (cache hit)
2422 http cache electron-to-chromium@https://registry.npmjs.org/electron-to-chromium/-/electron-to-chromium-1.5.399.tgz 0ms (cache hit)
2423 http cache caniuse-lite@https://registry.npmjs.org/caniuse-lite/-/caniuse-lite-1.0.30001806.tgz 0ms (cache hit)
2424 http cache baseline-browser-mapping@https://registry.npmjs.org/baseline-browser-mapping/-/baseline-browser-mapping-2.11.11.tgz 0ms (cache hit)
2425 http cache @jridgewell/resolve-uri@https://registry.npmjs.org/@jridgewell/resolve-uri/-/resolve-uri-3.1.2.tgz 0ms (cache hit)
2426 http cache @jridgewell/sourcemap-codec@https://registry.npmjs.org/@jridgewell/sourcemap-codec/-/sourcemap-codec-1.5.5.tgz 0ms (cache hit)
2427 http cache @babel/helper-globals@https://registry.npmjs.org/@babel/helper-globals/-/helper-globals-7.29.7.tgz 0ms (cache hit)
2428 http cache @babel/helper-string-parser@https://registry.npmjs.org/@babel/helper-string-parser/-/helper-string-parser-7.29.7.tgz 0ms (cache hit)
2429 http cache @babel/helper-module-imports@https://registry.npmjs.org/@babel/helper-module-imports/-/helper-module-imports-7.29.7.tgz 0ms (cache hit)
2430 http cache lru-cache@https://registry.npmjs.org/lru-cache/-/lru-cache-5.1.1.tgz 0ms (cache hit)
2431 http cache browserslist@https://registry.npmjs.org/browserslist/-/browserslist-4.28.7.tgz 0ms (cache hit)
2432 http cache @babel/helper-validator-option@https://registry.npmjs.org/@babel/helper-validator-option/-/helper-validator-option-7.29.7.tgz 0ms (cache hit)
2433 http cache @babel/compat-data@https://registry.npmjs.org/@babel/compat-data/-/compat-data-7.29.7.tgz 0ms (cache hit)
2434 http cache jsesc@https://registry.npmjs.org/jsesc/-/jsesc-3.1.0.tgz 0ms (cache hit)
2435 http cache @jridgewell/trace-mapping@https://registry.npmjs.org/@jridgewell/trace-mapping/-/trace-mapping-0.3.31.tgz 0ms (cache hit)
2436 http cache @jridgewell/gen-mapping@https://registry.npmjs.org/@jridgewell/gen-mapping/-/gen-mapping-0.3.13.tgz 0ms (cache hit)
2437 http cache picocolors@https://registry.npmjs.org/picocolors/-/picocolors-1.1.1.tgz 0ms (cache hit)
2438 http cache js-tokens@https://registry.npmjs.org/js-tokens/-/js-tokens-4.0.0.tgz 0ms (cache hit)
2439 http cache @babel/helper-validator-identifier@https://registry.npmjs.org/@babel/helper-validator-identifier/-/helper-validator-identifier-7.29.7.tgz 0ms (cache hit)
2440 http cache gensync@https://registry.npmjs.org/gensync/-/gensync-1.0.0-beta.2.tgz 0ms (cache hit)
2441 http cache convert-source-map@https://registry.npmjs.org/convert-source-map/-/convert-source-map-2.0.0.tgz 0ms (cache hit)
2442 http cache @jridgewell/remapping@https://registry.npmjs.org/@jridgewell/remapping/-/remapping-2.3.5.tgz 0ms (cache hit)
2443 http cache @babel/types@https://registry.npmjs.org/@babel/types/-/types-7.29.8.tgz 0ms (cache hit)
2444 http cache @babel/traverse@https://registry.npmjs.org/@babel/traverse/-/traverse-7.29.8.tgz 0ms (cache hit)
2445 http cache @babel/template@https://registry.npmjs.org/@babel/template/-/template-7.29.7.tgz 0ms (cache hit)
2446 http cache @babel/helpers@https://registry.npmjs.org/@babel/helpers/-/helpers-7.29.7.tgz 0ms (cache hit)
2447 http cache @babel/helper-module-transforms@https://registry.npmjs.org/@babel/helper-module-transforms/-/helper-module-transforms-7.29.7.tgz 0ms (cache hit)
2448 http cache @babel/helper-compilation-targets@https://registry.npmjs.org/@babel/helper-compilation-targets/-/helper-compilation-targets-7.29.7.tgz 0ms (cache hit)
2449 http cache @babel/generator@https://registry.npmjs.org/@babel/generator/-/generator-7.29.8.tgz 0ms (cache hit)
2450 http cache @babel/code-frame@https://registry.npmjs.org/@babel/code-frame/-/code-frame-7.29.7.tgz 0ms (cache hit)
2451 http cache zod@https://registry.npmjs.org/zod/-/zod-4.4.3.tgz 0ms (cache hit)
2452 http cache hermes-parser@https://registry.npmjs.org/hermes-parser/-/hermes-parser-0.25.1.tgz 0ms (cache hit)
2453 http cache json5@https://registry.npmjs.org/json5/-/json5-2.2.3.tgz 0ms (cache hit)
2454 http cache @babel/parser@https://registry.npmjs.org/@babel/parser/-/parser-7.29.8.tgz 0ms (cache hit)
2455 http cache @babel/core@https://registry.npmjs.org/@babel/core/-/core-7.29.7.tgz 0ms (cache hit)
2456 http cache iterator.prototype@https://registry.npmjs.org/iterator.prototype/-/iterator.prototype-1.1.5.tgz 0ms (cache hit)
2457 http cache string.prototype.repeat@https://registry.npmjs.org/string.prototype.repeat/-/string.prototype.repeat-1.0.0.tgz 0ms (cache hit)
2458 http cache string.prototype.matchall@https://registry.npmjs.org/string.prototype.matchall/-/string.prototype.matchall-4.0.12.tgz 0ms (cache hit)
2459 http cache prop-types@https://registry.npmjs.org/prop-types/-/prop-types-15.8.1.tgz 0ms (cache hit)
2460 http cache object.entries@https://registry.npmjs.org/object.entries/-/object.entries-1.1.9.tgz 0ms (cache hit)
2461 http cache estraverse@https://registry.npmjs.org/estraverse/-/estraverse-5.3.0.tgz 0ms (cache hit)
2462 http cache es-iterator-helpers@https://registry.npmjs.org/es-iterator-helpers/-/es-iterator-helpers-1.4.0.tgz 0ms (cache hit)
2463 http cache array.prototype.tosorted@https://registry.npmjs.org/array.prototype.tosorted/-/array.prototype.tosorted-1.1.4.tgz 0ms (cache hit)
2464 http cache array.prototype.findlast@https://registry.npmjs.org/array.prototype.findlast/-/array.prototype.findlast-1.2.5.tgz 0ms (cache hit)
2465 http cache string.prototype.includes@https://registry.npmjs.org/string.prototype.includes/-/string.prototype.includes-2.0.1.tgz 0ms (cache hit)
2466 http cache language-tags@https://registry.npmjs.org/language-tags/-/language-tags-1.0.9.tgz 0ms (cache hit)
2467 http cache jsx-ast-utils@https://registry.npmjs.org/jsx-ast-utils/-/jsx-ast-utils-3.3.5.tgz 0ms (cache hit)
2468 http cache emoji-regex@https://registry.npmjs.org/emoji-regex/-/emoji-regex-9.2.2.tgz 0ms (cache hit)
2469 http cache damerau-levenshtein@https://registry.npmjs.org/damerau-levenshtein/-/damerau-levenshtein-1.0.8.tgz 0ms (cache hit)
2470 http cache axobject-query@https://registry.npmjs.org/axobject-query/-/axobject-query-4.1.0.tgz 0ms (cache hit)
2471 http cache axe-core@https://registry.npmjs.org/axe-core/-/axe-core-4.12.1.tgz 0ms (cache hit)
2472 http cache ast-types-flow@https://registry.npmjs.org/ast-types-flow/-/ast-types-flow-0.0.8.tgz 0ms (cache hit)
2473 http cache aria-query@https://registry.npmjs.org/aria-query/-/aria-query-5.3.2.tgz 0ms (cache hit)
2474 http cache is-symbol@https://registry.npmjs.org/is-symbol/-/is-symbol-1.1.1.tgz 0ms (cache hit)
2475 http cache is-date-object@https://registry.npmjs.org/is-date-object/-/is-date-object-1.1.0.tgz 0ms (cache hit)
2476 http cache es-abstract-get@https://registry.npmjs.org/es-abstract-get/-/es-abstract-get-1.0.0.tgz 0ms (cache hit)
2477 http cache has-tostringtag@https://registry.npmjs.org/has-tostringtag/-/has-tostringtag-1.0.2.tgz 0ms (cache hit)
2478 http cache possible-typed-array-names@https://registry.npmjs.org/possible-typed-array-names/-/possible-typed-array-names-1.1.0.tgz 0ms (cache hit)
2479 http cache which-typed-array@https://registry.npmjs.org/which-typed-array/-/which-typed-array-1.1.22.tgz 0ms (cache hit)
2480 http cache unbox-primitive@https://registry.npmjs.org/unbox-primitive/-/unbox-primitive-1.1.0.tgz 0ms (cache hit)
2481 http cache typed-array-length@https://registry.npmjs.org/typed-array-length/-/typed-array-length-1.0.8.tgz 0ms (cache hit)
2482 http cache typed-array-byte-offset@https://registry.npmjs.org/typed-array-byte-offset/-/typed-array-byte-offset-1.0.4.tgz 0ms (cache hit)
2483 http cache typed-array-byte-length@https://registry.npmjs.org/typed-array-byte-length/-/typed-array-byte-length-1.0.3.tgz 0ms (cache hit)
2484 http cache typed-array-buffer@https://registry.npmjs.org/typed-array-buffer/-/typed-array-buffer-1.0.3.tgz 0ms (cache hit)
2485 http cache string.prototype.trim@https://registry.npmjs.org/string.prototype.trim/-/string.prototype.trim-1.2.11.tgz 0ms (cache hit)
2486 http cache string.prototype.trimstart@https://registry.npmjs.org/string.prototype.trimstart/-/string.prototype.trimstart-1.0.8.tgz 0ms (cache hit)
2487 http cache stop-iteration-iterator@https://registry.npmjs.org/stop-iteration-iterator/-/stop-iteration-iterator-1.1.0.tgz 0ms (cache hit)
2488 http cache set-proto@https://registry.npmjs.org/set-proto/-/set-proto-1.0.0.tgz 0ms (cache hit)
2489 http cache safe-push-apply@https://registry.npmjs.org/safe-push-apply/-/safe-push-apply-1.0.0.tgz 0ms (cache hit)
2490 http cache safe-regex-test@https://registry.npmjs.org/safe-regex-test/-/safe-regex-test-1.1.0.tgz 0ms (cache hit)
2491 http cache safe-array-concat@https://registry.npmjs.org/safe-array-concat/-/safe-array-concat-1.1.4.tgz 0ms (cache hit)
2492 http cache regexp.prototype.flags@https://registry.npmjs.org/regexp.prototype.flags/-/regexp.prototype.flags-1.5.4.tgz 0ms (cache hit)
2493 http cache own-keys@https://registry.npmjs.org/own-keys/-/own-keys-1.0.2.tgz 0ms (cache hit)
2494 http cache object.assign@https://registry.npmjs.org/object.assign/-/object.assign-4.1.7.tgz 0ms (cache hit)
2495 http cache object-inspect@https://registry.npmjs.org/object-inspect/-/object-inspect-1.13.4.tgz 0ms (cache hit)
2496 http cache is-weakref@https://registry.npmjs.org/is-weakref/-/is-weakref-1.1.1.tgz 0ms (cache hit)
2497 http cache is-typed-array@https://registry.npmjs.org/is-typed-array/-/is-typed-array-1.1.15.tgz 0ms (cache hit)
2498 http cache is-shared-array-buffer@https://registry.npmjs.org/is-shared-array-buffer/-/is-shared-array-buffer-1.0.4.tgz 0ms (cache hit)
2499 http cache is-set@https://registry.npmjs.org/is-set/-/is-set-2.0.3.tgz 0ms (cache hit)
2500 http cache is-regex@https://registry.npmjs.org/is-regex/-/is-regex-1.2.1.tgz 0ms (cache hit)
2501 http cache is-negative-zero@https://registry.npmjs.org/is-negative-zero/-/is-negative-zero-2.0.3.tgz 0ms (cache hit)
2502 http cache is-data-view@https://registry.npmjs.org/is-data-view/-/is-data-view-1.0.2.tgz 0ms (cache hit)
2503 http cache is-callable@https://registry.npmjs.org/is-callable/-/is-callable-1.2.7.tgz 0ms (cache hit)
2504 http cache is-array-buffer@https://registry.npmjs.org/is-array-buffer/-/is-array-buffer-3.0.5.tgz 0ms (cache hit)
2505 http cache internal-slot@https://registry.npmjs.org/internal-slot/-/internal-slot-1.1.0.tgz 0ms (cache hit)
2506 http cache has-symbols@https://registry.npmjs.org/has-symbols/-/has-symbols-1.1.0.tgz 0ms (cache hit)
2507 http cache has-proto@https://registry.npmjs.org/has-proto/-/has-proto-1.2.0.tgz 0ms (cache hit)
2508 http cache globalthis@https://registry.npmjs.org/globalthis/-/globalthis-1.0.4.tgz 0ms (cache hit)
2509 http cache get-symbol-description@https://registry.npmjs.org/get-symbol-description/-/get-symbol-description-1.1.0.tgz 0ms (cache hit)
2510 http cache get-proto@https://registry.npmjs.org/get-proto/-/get-proto-1.0.1.tgz 0ms (cache hit)
2511 http cache function.prototype.name@https://registry.npmjs.org/function.prototype.name/-/function.prototype.name-1.2.0.tgz 0ms (cache hit)
2512 http cache es-to-primitive@https://registry.npmjs.org/es-to-primitive/-/es-to-primitive-1.3.4.tgz 0ms (cache hit)
2513 http cache es-set-tostringtag@https://registry.npmjs.org/es-set-tostringtag/-/es-set-tostringtag-2.1.0.tgz 0ms (cache hit)
2514 http cache data-view-byte-offset@https://registry.npmjs.org/data-view-byte-offset/-/data-view-byte-offset-1.0.1.tgz 0ms (cache hit)
2515 http cache data-view-byte-length@https://registry.npmjs.org/data-view-byte-length/-/data-view-byte-length-1.0.2.tgz 0ms (cache hit)
2516 http cache data-view-buffer@https://registry.npmjs.org/data-view-buffer/-/data-view-buffer-1.0.2.tgz 0ms (cache hit)
2517 http cache available-typed-arrays@https://registry.npmjs.org/available-typed-arrays/-/available-typed-arrays-1.0.7.tgz 0ms (cache hit)
2518 http cache array-buffer-byte-length@https://registry.npmjs.org/array-buffer-byte-length/-/array-buffer-byte-length-1.0.2.tgz 0ms (cache hit)
2519 http cache arraybuffer.prototype.slice@https://registry.npmjs.org/arraybuffer.prototype.slice/-/arraybuffer.prototype.slice-1.0.4.tgz 0ms (cache hit)
2520 http cache gopd@https://registry.npmjs.org/gopd/-/gopd-1.2.0.tgz 0ms (cache hit)
2521 http cache object-keys@https://registry.npmjs.org/object-keys/-/object-keys-1.1.1.tgz 0ms (cache hit)
2522 http cache has-property-descriptors@https://registry.npmjs.org/has-property-descriptors/-/has-property-descriptors-1.0.2.tgz 0ms (cache hit)
2523 http cache define-data-property@https://registry.npmjs.org/define-data-property/-/define-data-property-1.1.4.tgz 0ms (cache hit)
2524 http cache function-bind@https://registry.npmjs.org/function-bind/-/function-bind-1.1.2.tgz 0ms (cache hit)
2525 http cache set-function-length@https://registry.npmjs.org/set-function-length/-/set-function-length-1.2.2.tgz 0ms (cache hit)
2526 http cache call-bind-apply-helpers@https://registry.npmjs.org/call-bind-apply-helpers/-/call-bind-apply-helpers-1.0.2.tgz 0ms (cache hit)
2527 http cache es-define-property@https://registry.npmjs.org/es-define-property/-/es-define-property-1.0.1.tgz 0ms (cache hit)
2528 http cache es-shim-unscopables@https://registry.npmjs.org/es-shim-unscopables/-/es-shim-unscopables-1.1.0.tgz 0ms (cache hit)
2529 http cache es-errors@https://registry.npmjs.org/es-errors/-/es-errors-1.3.0.tgz 0ms (cache hit)
2530 http cache math-intrinsics@https://registry.npmjs.org/math-intrinsics/-/math-intrinsics-1.1.0.tgz 0ms (cache hit)
2531 http cache is-string@https://registry.npmjs.org/is-string/-/is-string-1.1.1.tgz 0ms (cache hit)
2532 http cache get-intrinsic@https://registry.npmjs.org/get-intrinsic/-/get-intrinsic-1.3.0.tgz 0ms (cache hit)
2533 http cache es-object-atoms@https://registry.npmjs.org/es-object-atoms/-/es-object-atoms-1.1.2.tgz 0ms (cache hit)
2534 http cache es-abstract@https://registry.npmjs.org/es-abstract/-/es-abstract-1.24.2.tgz 0ms (cache hit)
2535 http cache define-properties@https://registry.npmjs.org/define-properties/-/define-properties-1.2.1.tgz 0ms (cache hit)
2536 http cache call-bound@https://registry.npmjs.org/call-bound/-/call-bound-1.0.4.tgz 0ms (cache hit)
2537 http cache call-bind@https://registry.npmjs.org/call-bind/-/call-bind-1.0.9.tgz 0ms (cache hit)
2538 http cache tsconfig-paths@https://registry.npmjs.org/tsconfig-paths/-/tsconfig-paths-3.15.0.tgz 0ms (cache hit)
2539 http cache string.prototype.trimend@https://registry.npmjs.org/string.prototype.trimend/-/string.prototype.trimend-1.0.10.tgz 0ms (cache hit)
2540 http cache semver@https://registry.npmjs.org/semver/-/semver-6.3.1.tgz 0ms (cache hit)
2541 http cache object.groupby@https://registry.npmjs.org/object.groupby/-/object.groupby-1.0.3.tgz 0ms (cache hit)
2542 http cache object.fromentries@https://registry.npmjs.org/object.fromentries/-/object.fromentries-2.0.8.tgz 0ms (cache hit)
2543 http cache zod-validation-error@https://registry.npmjs.org/zod-validation-error/-/zod-validation-error-4.0.2.tgz 0ms (cache hit)
2544 http cache hasown@https://registry.npmjs.org/hasown/-/hasown-2.0.4.tgz 0ms (cache hit)
2545 http cache eslint-module-utils@https://registry.npmjs.org/eslint-module-utils/-/eslint-module-utils-2.14.0.tgz 0ms (cache hit)
2546 http cache doctrine@https://registry.npmjs.org/doctrine/-/doctrine-2.1.0.tgz 0ms (cache hit)
2547 http cache array.prototype.flatmap@https://registry.npmjs.org/array.prototype.flatmap/-/array.prototype.flatmap-1.3.3.tgz 0ms (cache hit)
2548 http cache array.prototype.flat@https://registry.npmjs.org/array.prototype.flat/-/array.prototype.flat-1.3.3.tgz 0ms (cache hit)
2549 http cache array.prototype.findlastindex@https://registry.npmjs.org/array.prototype.findlastindex/-/array.prototype.findlastindex-1.2.6.tgz 0ms (cache hit)
2550 http cache array-includes@https://registry.npmjs.org/array-includes/-/array-includes-3.1.9.tgz 0ms (cache hit)
2551 http cache @rtsao/scc@https://registry.npmjs.org/@rtsao/scc/-/scc-1.1.0.tgz 0ms (cache hit)
2552 http cache unrs-resolver@https://registry.npmjs.org/unrs-resolver/-/unrs-resolver-1.12.2.tgz 0ms (cache hit)
2553 http cache tinyglobby@https://registry.npmjs.org/tinyglobby/-/tinyglobby-0.2.17.tgz 0ms (cache hit)
2554 http cache stable-hash@https://registry.npmjs.org/stable-hash/-/stable-hash-0.0.5.tgz 0ms (cache hit)
2555 http cache is-bun-module@https://registry.npmjs.org/is-bun-module/-/is-bun-module-2.0.0.tgz 0ms (cache hit)
2556 http cache get-tsconfig@https://registry.npmjs.org/get-tsconfig/-/get-tsconfig-4.14.1.tgz 0ms (cache hit)
2557 http cache resolve@https://registry.npmjs.org/resolve/-/resolve-2.0.0-next.7.tgz 0ms (cache hit)
2558 http cache @nolyfill/is-core-module@https://registry.npmjs.org/@nolyfill/is-core-module/-/is-core-module-1.0.39.tgz 0ms (cache hit)
2559 http cache is-core-module@https://registry.npmjs.org/is-core-module/-/is-core-module-2.16.2.tgz 0ms (cache hit)
2560 http cache fast-glob@https://registry.npmjs.org/fast-glob/-/fast-glob-3.3.1.tgz 0ms (cache hit)
2561 http cache typescript-eslint@https://registry.npmjs.org/typescript-eslint/-/typescript-eslint-8.65.0.tgz 0ms (cache hit)
2562 http cache eslint-plugin-react-hooks@https://registry.npmjs.org/eslint-plugin-react-hooks/-/eslint-plugin-react-hooks-7.1.1.tgz 0ms (cache hit)
2563 http cache eslint-plugin-react@https://registry.npmjs.org/eslint-plugin-react/-/eslint-plugin-react-7.37.5.tgz 0ms (cache hit)
2564 http cache eslint-plugin-jsx-a11y@https://registry.npmjs.org/eslint-plugin-jsx-a11y/-/eslint-plugin-jsx-a11y-6.10.2.tgz 0ms (cache hit)
2565 http cache eslint-plugin-import@https://registry.npmjs.org/eslint-plugin-import/-/eslint-plugin-import-2.32.0.tgz 0ms (cache hit)
2566 http cache eslint-import-resolver-typescript@https://registry.npmjs.org/eslint-import-resolver-typescript/-/eslint-import-resolver-typescript-3.10.1.tgz 0ms (cache hit)
2567 http cache eslint-import-resolver-node@https://registry.npmjs.org/eslint-import-resolver-node/-/eslint-import-resolver-node-0.3.10.tgz 0ms (cache hit)
2568 http cache @next/eslint-plugin-next@https://registry.npmjs.org/@next/eslint-plugin-next/-/eslint-plugin-next-16.2.12.tgz 0ms (cache hit)
2569 http cache shebang-command@https://registry.npmjs.org/shebang-command/-/shebang-command-2.0.0.tgz 0ms (cache hit)
2570 http cache ms@https://registry.npmjs.org/ms/-/ms-2.1.3.tgz 0ms (cache hit)
2571 http cache which@https://registry.npmjs.org/which/-/which-2.0.2.tgz 0ms (cache hit)
2572 http cache path-key@https://registry.npmjs.org/path-key/-/path-key-3.1.1.tgz 0ms (cache hit)
2573 http cache color-name@https://registry.npmjs.org/color-name/-/color-name-1.1.4.tgz 0ms (cache hit)
2574 http cache color-convert@https://registry.npmjs.org/color-convert/-/color-convert-2.0.1.tgz 0ms (cache hit)
2575 http cache supports-color@https://registry.npmjs.org/supports-color/-/supports-color-7.2.0.tgz 0ms (cache hit)
2576 http cache ansi-styles@https://registry.npmjs.org/ansi-styles/-/ansi-styles-4.3.0.tgz 0ms (cache hit)
2577 http cache uri-js@https://registry.npmjs.org/uri-js/-/uri-js-4.4.1.tgz 0ms (cache hit)
2578 http cache fast-json-stable-stringify@https://registry.npmjs.org/fast-json-stable-stringify/-/fast-json-stable-stringify-2.1.0.tgz 0ms (cache hit)
2579 http cache json-schema-traverse@https://registry.npmjs.org/json-schema-traverse/-/json-schema-traverse-0.4.1.tgz 0ms (cache hit)
2580 http cache @humanfs/types@https://registry.npmjs.org/@humanfs/types/-/types-0.15.0.tgz 0ms (cache hit)
2581 http cache levn@https://registry.npmjs.org/levn/-/levn-0.4.1.tgz 0ms (cache hit)
2582 http cache @humanfs/core@https://registry.npmjs.org/@humanfs/core/-/core-0.19.2.tgz 0ms (cache hit)
2583 http cache strip-json-comments@https://registry.npmjs.org/strip-json-comments/-/strip-json-comments-3.1.1.tgz 0ms (cache hit)
2584 http cache js-yaml@https://registry.npmjs.org/js-yaml/-/js-yaml-4.3.1.tgz 0ms (cache hit)
2585 http cache import-fresh@https://registry.npmjs.org/import-fresh/-/import-fresh-3.3.1.tgz 0ms (cache hit)
2586 http cache globals@https://registry.npmjs.org/globals/-/globals-14.0.0.tgz 0ms (cache hit)
2587 http cache @types/json-schema@https://registry.npmjs.org/@types/json-schema/-/json-schema-7.0.15.tgz 0ms (cache hit)
2588 http cache @eslint/object-schema@https://registry.npmjs.org/@eslint/object-schema/-/object-schema-2.1.7.tgz 0ms (cache hit)
2589 http cache optionator@https://registry.npmjs.org/optionator/-/optionator-0.9.4.tgz 0ms (cache hit)
2590 http cache minimatch@https://registry.npmjs.org/minimatch/-/minimatch-3.1.5.tgz 0ms (cache hit)
2591 http cache natural-compare@https://registry.npmjs.org/natural-compare/-/natural-compare-1.4.0.tgz 0ms (cache hit)
2592 http cache lodash.merge@https://registry.npmjs.org/lodash.merge/-/lodash.merge-4.6.2.tgz 0ms (cache hit)
2593 http cache json-stable-stringify-without-jsonify@https://registry.npmjs.org/json-stable-stringify-without-jsonify/-/json-stable-stringify-without-jsonify-1.0.1.tgz 0ms (cache hit)
2594 http cache imurmurhash@https://registry.npmjs.org/imurmurhash/-/imurmurhash-0.1.4.tgz 0ms (cache hit)
2595 http cache is-glob@https://registry.npmjs.org/is-glob/-/is-glob-4.0.3.tgz 0ms (cache hit)
2596 http cache ignore@https://registry.npmjs.org/ignore/-/ignore-5.3.2.tgz 0ms (cache hit)
2597 http cache glob-parent@https://registry.npmjs.org/glob-parent/-/glob-parent-6.0.2.tgz 0ms (cache hit)
2598 http cache find-up@https://registry.npmjs.org/find-up/-/find-up-5.0.0.tgz 0ms (cache hit)
2599 http cache file-entry-cache@https://registry.npmjs.org/file-entry-cache/-/file-entry-cache-8.0.0.tgz 0ms (cache hit)
2600 http cache fast-deep-equal@https://registry.npmjs.org/fast-deep-equal/-/fast-deep-equal-3.1.3.tgz 0ms (cache hit)
2601 http cache esutils@https://registry.npmjs.org/esutils/-/esutils-2.0.3.tgz 0ms (cache hit)
2602 http cache esquery@https://registry.npmjs.org/esquery/-/esquery-1.7.0.tgz 0ms (cache hit)
2603 http cache eslint-visitor-keys@https://registry.npmjs.org/eslint-visitor-keys/-/eslint-visitor-keys-4.2.1.tgz 0ms (cache hit)
2604 http cache espree@https://registry.npmjs.org/espree/-/espree-10.4.0.tgz 0ms (cache hit)
2605 http cache escape-string-regexp@https://registry.npmjs.org/escape-string-regexp/-/escape-string-regexp-4.0.0.tgz 0ms (cache hit)
2606 http cache object.values@https://registry.npmjs.org/object.values/-/object.values-1.2.1.tgz 0ms (cache hit)
2607 http cache debug@https://registry.npmjs.org/debug/-/debug-4.4.3.tgz 0ms (cache hit)
2608 http cache cross-spawn@https://registry.npmjs.org/cross-spawn/-/cross-spawn-7.0.6.tgz 0ms (cache hit)
2609 http cache chalk@https://registry.npmjs.org/chalk/-/chalk-4.1.2.tgz 0ms (cache hit)
2610 http cache @types/estree@https://registry.npmjs.org/@types/estree/-/estree-1.0.9.tgz 0ms (cache hit)
2611 http cache ajv@https://registry.npmjs.org/ajv/-/ajv-6.15.0.tgz 0ms (cache hit)
2612 http cache @humanwhocodes/retry@https://registry.npmjs.org/@humanwhocodes/retry/-/retry-0.4.3.tgz 0ms (cache hit)
2613 http cache @humanwhocodes/module-importer@https://registry.npmjs.org/@humanwhocodes/module-importer/-/module-importer-1.0.1.tgz 0ms (cache hit)
2614 http cache @humanfs/node@https://registry.npmjs.org/@humanfs/node/-/node-0.16.8.tgz 0ms (cache hit)
2615 http cache @eslint/plugin-kit@https://registry.npmjs.org/@eslint/plugin-kit/-/plugin-kit-0.4.1.tgz 0ms (cache hit)
2616 http cache @eslint/js@https://registry.npmjs.org/@eslint/js/-/js-9.39.5.tgz 0ms (cache hit)
2617 http cache @eslint/eslintrc@https://registry.npmjs.org/@eslint/eslintrc/-/eslintrc-3.3.6.tgz 0ms (cache hit)
2618 http cache @eslint/core@https://registry.npmjs.org/@eslint/core/-/core-0.17.0.tgz 0ms (cache hit)
2619 http cache @eslint/config-helpers@https://registry.npmjs.org/@eslint/config-helpers/-/config-helpers-0.4.2.tgz 0ms (cache hit)
2620 http cache @eslint/config-array@https://registry.npmjs.org/@eslint/config-array/-/config-array-0.21.2.tgz 0ms (cache hit)
2621 http cache @eslint-community/regexpp@https://registry.npmjs.org/@eslint-community/regexpp/-/regexpp-4.12.2.tgz 0ms (cache hit)
2622 http cache @eslint-community/eslint-utils@https://registry.npmjs.org/@eslint-community/eslint-utils/-/eslint-utils-4.10.1.tgz 0ms (cache hit)
2623 http cache csstype@https://registry.npmjs.org/csstype/-/csstype-3.2.3.tgz 0ms (cache hit)
2624 http cache undici-types@https://registry.npmjs.org/undici-types/-/undici-types-7.18.2.tgz 0ms (cache hit)
2625 http cache typescript@https://registry.npmjs.org/typescript/-/typescript-5.9.3.tgz 0ms (cache hit)
2626 http cache react-dom@https://registry.npmjs.org/react-dom/-/react-dom-19.2.0.tgz 0ms (cache hit)
2627 http cache react@https://registry.npmjs.org/react/-/react-19.2.0.tgz 0ms (cache hit)
2628 http cache next@https://registry.npmjs.org/next/-/next-16.2.12.tgz 0ms (cache hit)
2629 http cache eslint-config-next@https://registry.npmjs.org/eslint-config-next/-/eslint-config-next-16.2.12.tgz 0ms (cache hit)
2630 http cache eslint@https://registry.npmjs.org/eslint/-/eslint-9.39.5.tgz 0ms (cache hit)
2631 http cache @types/react-dom@https://registry.npmjs.org/@types/react-dom/-/react-dom-19.2.4.tgz 0ms (cache hit)
2632 http cache @types/react@https://registry.npmjs.org/@types/react/-/react-19.2.18.tgz 0ms (cache hit)
2633 http cache @types/node@https://registry.npmjs.org/@types/node/-/node-24.13.3.tgz 0ms (cache hit)
2634 http cache eslint-visitor-keys@https://registry.npmjs.org/eslint-visitor-keys/-/eslint-visitor-keys-5.0.1.tgz 0ms (cache hit)
2635 http cache balanced-match@https://registry.npmjs.org/balanced-match/-/balanced-match-4.0.4.tgz 0ms (cache hit)
2636 http cache brace-expansion@https://registry.npmjs.org/brace-expansion/-/brace-expansion-5.0.9.tgz 0ms (cache hit)
2637 http cache minimatch@https://registry.npmjs.org/minimatch/-/minimatch-10.2.6.tgz 0ms (cache hit)
2638 http cache ignore@https://registry.npmjs.org/ignore/-/ignore-7.0.6.tgz 0ms (cache hit)
2639 http cache semver@https://registry.npmjs.org/semver/-/semver-7.8.5.tgz 0ms (cache hit)
2640 http cache json5@https://registry.npmjs.org/json5/-/json5-1.0.2.tgz 0ms (cache hit)
2641 http cache debug@https://registry.npmjs.org/debug/-/debug-3.2.7.tgz 0ms (cache hit)
2642 http cache picomatch@https://registry.npmjs.org/picomatch/-/picomatch-4.0.5.tgz 0ms (cache hit)
2643 http cache fdir@https://registry.npmjs.org/fdir/-/fdir-6.5.0.tgz 0ms (cache hit)
2644 http cache semver@https://registry.npmjs.org/semver/-/semver-7.8.5.tgz 0ms (cache hit)
2645 http cache glob-parent@https://registry.npmjs.org/glob-parent/-/glob-parent-5.1.2.tgz 0ms (cache hit)
2646 http cache debug@https://registry.npmjs.org/debug/-/debug-3.2.7.tgz 0ms (cache hit)
2647 http cache semver@https://registry.npmjs.org/semver/-/semver-7.8.5.tgz 0ms (cache hit)
2648 http cache debug@https://registry.npmjs.org/debug/-/debug-3.2.7.tgz 0ms (cache hit)
2649 http cache globals@https://registry.npmjs.org/globals/-/globals-16.4.0.tgz 0ms (cache hit)
2650 http cache eslint-visitor-keys@https://registry.npmjs.org/eslint-visitor-keys/-/eslint-visitor-keys-3.4.3.tgz 0ms (cache hit)
2651 http cache eslint-scope@https://registry.npmjs.org/eslint-scope/-/eslint-scope-8.4.0.tgz 0ms (cache hit)
2652 silly tarball no local data for is-weakset@https://registry.npmjs.org/is-weakset/-/is-weakset-2.0.4.tgz. Extracting by manifest.
2653 silly tarball no local data for is-map@https://registry.npmjs.org/is-map/-/is-map-2.0.3.tgz. Extracting by manifest.
2654 silly tarball no local data for generator-function@https://registry.npmjs.org/generator-function/-/generator-function-2.0.1.tgz. Extracting by manifest.
2655 silly tarball no local data for is-weakmap@https://registry.npmjs.org/is-weakmap/-/is-weakmap-2.0.2.tgz. Extracting by manifest.
2656 silly tarball no local data for which-collection@https://registry.npmjs.org/which-collection/-/which-collection-1.0.2.tgz. Extracting by manifest.
2657 silly tarball no local data for async-function@https://registry.npmjs.org/async-function/-/async-function-1.0.0.tgz. Extracting by manifest.
2658 silly tarball no local data for is-generator-function@https://registry.npmjs.org/is-generator-function/-/is-generator-function-1.1.2.tgz. Extracting by manifest.
2659 silly tarball no local data for is-finalizationregistry@https://registry.npmjs.org/is-finalizationregistry/-/is-finalizationregistry-1.1.1.tgz. Extracting by manifest.
2660 silly tarball no local data for is-number-object@https://registry.npmjs.org/is-number-object/-/is-number-object-1.1.1.tgz. Extracting by manifest.
2661 silly tarball no local data for is-boolean-object@https://registry.npmjs.org/is-boolean-object/-/is-boolean-object-1.2.2.tgz. Extracting by manifest.
2662 silly tarball no local data for is-bigint@https://registry.npmjs.org/is-bigint/-/is-bigint-1.1.0.tgz. Extracting by manifest.
2663 silly tarball no local data for punycode@https://registry.npmjs.org/punycode/-/punycode-2.3.1.tgz. Extracting by manifest.
2664 silly tarball no local data for isexe@https://registry.npmjs.org/isexe/-/isexe-2.0.0.tgz. Extracting by manifest.
2665 silly tarball no local data for escalade@https://registry.npmjs.org/escalade/-/escalade-3.2.0.tgz. Extracting by manifest.
2666 silly tarball no local data for napi-postinstall@https://registry.npmjs.org/napi-postinstall/-/napi-postinstall-0.3.4.tgz. Extracting by manifest.
2667 silly tarball no local data for @unrs/resolver-binding-darwin-arm64@https://registry.npmjs.org/@unrs/resolver-binding-darwin-arm64/-/resolver-binding-darwin-arm64-1.12.2.tgz. Extracting by manifest.
2668 silly tarball no local data for which-boxed-primitive@https://registry.npmjs.org/which-boxed-primitive/-/which-boxed-primitive-1.1.1.tgz. Extracting by manifest.
2669 silly tarball no local data for is-async-function@https://registry.npmjs.org/is-async-function/-/is-async-function-2.1.1.tgz. Extracting by manifest.
2670 silly tarball no local data for has-bigints@https://registry.npmjs.org/has-bigints/-/has-bigints-1.1.0.tgz. Extracting by manifest.
2671 silly tarball no local data for @typescript-eslint/tsconfig-utils@https://registry.npmjs.org/@typescript-eslint/tsconfig-utils/-/tsconfig-utils-8.65.0.tgz. Extracting by manifest.
2672 silly tarball no local data for @typescript-eslint/types@https://registry.npmjs.org/@typescript-eslint/types/-/types-8.65.0.tgz. Extracting by manifest.
2673 silly tarball no local data for ts-api-utils@https://registry.npmjs.org/ts-api-utils/-/ts-api-utils-2.5.0.tgz. Extracting by manifest.
2674 silly tarball no local data for @typescript-eslint/type-utils@https://registry.npmjs.org/@typescript-eslint/type-utils/-/type-utils-8.65.0.tgz. Extracting by manifest.
2675 silly tarball no local data for @typescript-eslint/visitor-keys@https://registry.npmjs.org/@typescript-eslint/visitor-keys/-/visitor-keys-8.65.0.tgz. Extracting by manifest.
2676 silly tarball no local data for @typescript-eslint/project-service@https://registry.npmjs.org/@typescript-eslint/project-service/-/project-service-8.65.0.tgz. Extracting by manifest.
2677 silly tarball no local data for @typescript-eslint/scope-manager@https://registry.npmjs.org/@typescript-eslint/scope-manager/-/scope-manager-8.65.0.tgz. Extracting by manifest.
2678 silly tarball no local data for @typescript-eslint/utils@https://registry.npmjs.org/@typescript-eslint/utils/-/utils-8.65.0.tgz. Extracting by manifest.
2679 silly tarball no local data for @typescript-eslint/typescript-estree@https://registry.npmjs.org/@typescript-eslint/typescript-estree/-/typescript-estree-8.65.0.tgz. Extracting by manifest.
2680 silly tarball no local data for @typescript-eslint/parser@https://registry.npmjs.org/@typescript-eslint/parser/-/parser-8.65.0.tgz. Extracting by manifest.
2681 silly tarball no local data for which-builtin-type@https://registry.npmjs.org/which-builtin-type/-/which-builtin-type-1.2.1.tgz. Extracting by manifest.
2682 silly tarball no local data for reflect.getprototypeof@https://registry.npmjs.org/reflect.getprototypeof/-/reflect.getprototypeof-1.0.10.tgz. Extracting by manifest.
2683 silly tarball no local data for for-each@https://registry.npmjs.org/for-each/-/for-each-0.3.5.tgz. Extracting by manifest.
2684 silly tarball no local data for strip-bom@https://registry.npmjs.org/strip-bom/-/strip-bom-3.0.0.tgz. Extracting by manifest.
2685 silly tarball no local data for minimist@https://registry.npmjs.org/minimist/-/minimist-1.2.8.tgz. Extracting by manifest.
2686 silly tarball no local data for @typescript-eslint/eslint-plugin@https://registry.npmjs.org/@typescript-eslint/eslint-plugin/-/eslint-plugin-8.65.0.tgz. Extracting by manifest.
2687 silly tarball no local data for @types/json5@https://registry.npmjs.org/@types/json5/-/json5-0.0.29.tgz. Extracting by manifest.
2688 silly tarball no local data for is-number@https://registry.npmjs.org/is-number/-/is-number-7.0.0.tgz. Extracting by manifest.
2689 silly tarball no local data for client-only@https://registry.npmjs.org/client-only/-/client-only-0.0.1.tgz. Extracting by manifest.
2690 silly tarball no local data for has-flag@https://registry.npmjs.org/has-flag/-/has-flag-4.0.0.tgz. Extracting by manifest.
2691 silly tarball no local data for side-channel-weakmap@https://registry.npmjs.org/side-channel-weakmap/-/side-channel-weakmap-1.0.2.tgz. Extracting by manifest.
2692 silly tarball no local data for side-channel-list@https://registry.npmjs.org/side-channel-list/-/side-channel-list-1.0.1.tgz. Extracting by manifest.
2693 silly tarball no local data for shebang-regex@https://registry.npmjs.org/shebang-regex/-/shebang-regex-3.0.0.tgz. Extracting by manifest.
2694 silly tarball no local data for @emnapi/runtime@https://registry.npmjs.org/@emnapi/runtime/-/runtime-1.11.3.tgz. Extracting by manifest.
2695 silly tarball no local data for detect-libc@https://registry.npmjs.org/detect-libc/-/detect-libc-2.1.2.tgz. Extracting by manifest.
2696 silly tarball no local data for @img/sharp-libvips-darwin-arm64@https://registry.npmjs.org/@img/sharp-libvips-darwin-arm64/-/sharp-libvips-darwin-arm64-1.2.4.tgz. Extracting by manifest.
2697 silly tarball no local data for @img/sharp-darwin-arm64@https://registry.npmjs.org/@img/sharp-darwin-arm64/-/sharp-darwin-arm64-0.34.5.tgz. Extracting by manifest.
2698 silly tarball no local data for isarray@https://registry.npmjs.org/isarray/-/isarray-2.0.5.tgz. Extracting by manifest.
2699 silly tarball no local data for @img/colour@https://registry.npmjs.org/@img/colour/-/colour-1.1.0.tgz. Extracting by manifest.
2700 silly tarball no local data for queue-microtask@https://registry.npmjs.org/queue-microtask/-/queue-microtask-1.2.3.tgz. Extracting by manifest.
2701 silly tarball no local data for supports-preserve-symlinks-flag@https://registry.npmjs.org/supports-preserve-symlinks-flag/-/supports-preserve-symlinks-flag-1.0.0.tgz. Extracting by manifest.
2702 silly tarball no local data for path-parse@https://registry.npmjs.org/path-parse/-/path-parse-1.0.7.tgz. Extracting by manifest.
2703 silly tarball no local data for node-exports-info@https://registry.npmjs.org/node-exports-info/-/node-exports-info-1.6.2.tgz. Extracting by manifest.
2704 silly tarball no local data for scheduler@https://registry.npmjs.org/scheduler/-/scheduler-0.27.0.tgz. Extracting by manifest.
2705 silly tarball no local data for react-is@https://registry.npmjs.org/react-is/-/react-is-16.13.1.tgz. Extracting by manifest.
2706 silly tarball no local data for object-assign@https://registry.npmjs.org/object-assign/-/object-assign-4.1.1.tgz. Extracting by manifest.
2707 silly tarball no local data for loose-envify@https://registry.npmjs.org/loose-envify/-/loose-envify-1.4.0.tgz. Extracting by manifest.
2708 silly tarball no local data for nanoid@https://registry.npmjs.org/nanoid/-/nanoid-3.3.16.tgz. Extracting by manifest.
2709 silly tarball no local data for callsites@https://registry.npmjs.org/callsites/-/callsites-3.1.0.tgz. Extracting by manifest.
2710 silly tarball no local data for source-map-js@https://registry.npmjs.org/source-map-js/-/source-map-js-1.2.1.tgz. Extracting by manifest.
2711 silly tarball no local data for yocto-queue@https://registry.npmjs.org/yocto-queue/-/yocto-queue-0.1.0.tgz. Extracting by manifest.
2712 silly tarball no local data for p-limit@https://registry.npmjs.org/p-limit/-/p-limit-3.1.0.tgz. Extracting by manifest.
2713 silly tarball no local data for word-wrap@https://registry.npmjs.org/word-wrap/-/word-wrap-1.2.5.tgz. Extracting by manifest.
2714 silly tarball no local data for fast-levenshtein@https://registry.npmjs.org/fast-levenshtein/-/fast-levenshtein-2.0.6.tgz. Extracting by manifest.
2715 silly tarball no local data for deep-is@https://registry.npmjs.org/deep-is/-/deep-is-0.1.4.tgz. Extracting by manifest.
2716 silly tarball no local data for styled-jsx@https://registry.npmjs.org/styled-jsx/-/styled-jsx-5.1.6.tgz. Extracting by manifest.
2717 silly tarball no local data for tslib@https://registry.npmjs.org/tslib/-/tslib-2.8.1.tgz. Extracting by manifest.
2718 silly tarball no local data for sharp@https://registry.npmjs.org/sharp/-/sharp-0.34.5.tgz. Extracting by manifest.
2719 silly tarball no local data for postcss@https://registry.npmjs.org/postcss/-/postcss-8.4.31.tgz. Extracting by manifest.
2720 silly tarball no local data for @swc/helpers@https://registry.npmjs.org/@swc/helpers/-/helpers-0.5.15.tgz. Extracting by manifest.
2721 silly tarball no local data for @next/swc-darwin-arm64@https://registry.npmjs.org/@next/swc-darwin-arm64/-/swc-darwin-arm64-16.2.12.tgz. Extracting by manifest.
2722 silly tarball no local data for @next/env@https://registry.npmjs.org/@next/env/-/env-16.2.12.tgz. Extracting by manifest.
2723 silly tarball no local data for concat-map@https://registry.npmjs.org/concat-map/-/concat-map-0.0.1.tgz. Extracting by manifest.
2724 silly tarball no local data for balanced-match@https://registry.npmjs.org/balanced-match/-/balanced-match-1.0.2.tgz. Extracting by manifest.
2725 silly tarball no local data for brace-expansion@https://registry.npmjs.org/brace-expansion/-/brace-expansion-1.1.18.tgz. Extracting by manifest.
2726 silly tarball no local data for fill-range@https://registry.npmjs.org/fill-range/-/fill-range-7.1.1.tgz. Extracting by manifest.
2727 silly tarball no local data for to-regex-range@https://registry.npmjs.org/to-regex-range/-/to-regex-range-5.0.1.tgz. Extracting by manifest.
2728 silly tarball no local data for picomatch@https://registry.npmjs.org/picomatch/-/picomatch-2.3.2.tgz. Extracting by manifest.
2729 silly tarball no local data for braces@https://registry.npmjs.org/braces/-/braces-3.0.3.tgz. Extracting by manifest.
2730 silly tarball no local data for yallist@https://registry.npmjs.org/yallist/-/yallist-3.1.1.tgz. Extracting by manifest.
2731 silly tarball no local data for p-locate@https://registry.npmjs.org/p-locate/-/p-locate-5.0.0.tgz. Extracting by manifest.
2732 silly tarball no local data for type-check@https://registry.npmjs.org/type-check/-/type-check-0.4.0.tgz. Extracting by manifest.
2733 silly tarball no local data for prelude-ls@https://registry.npmjs.org/prelude-ls/-/prelude-ls-1.2.1.tgz. Extracting by manifest.
2734 silly tarball no local data for language-subtag-registry@https://registry.npmjs.org/language-subtag-registry/-/language-subtag-registry-0.3.23.tgz. Extracting by manifest.
2735 silly tarball no local data for json-buffer@https://registry.npmjs.org/json-buffer/-/json-buffer-3.0.1.tgz. Extracting by manifest.
2736 silly tarball no local data for argparse@https://registry.npmjs.org/argparse/-/argparse-2.0.1.tgz. Extracting by manifest.
2737 silly tarball no local data for set-function-name@https://registry.npmjs.org/set-function-name/-/set-function-name-2.0.2.tgz. Extracting by manifest.
2738 silly tarball no local data for is-extglob@https://registry.npmjs.org/is-extglob/-/is-extglob-2.1.1.tgz. Extracting by manifest.
2739 silly tarball no local data for side-channel@https://registry.npmjs.org/side-channel/-/side-channel-1.1.1.tgz. Extracting by manifest.
2740 silly tarball no local data for resolve-from@https://registry.npmjs.org/resolve-from/-/resolve-from-4.0.0.tgz. Extracting by manifest.
2741 silly tarball no local data for parent-module@https://registry.npmjs.org/parent-module/-/parent-module-1.0.1.tgz. Extracting by manifest.
2742 silly tarball no local data for hermes-estree@https://registry.npmjs.org/hermes-estree/-/hermes-estree-0.25.1.tgz. Extracting by manifest.
2743 silly tarball no local data for resolve-pkg-maps@https://registry.npmjs.org/resolve-pkg-maps/-/resolve-pkg-maps-1.0.0.tgz. Extracting by manifest.
2744 silly tarball no local data for dunder-proto@https://registry.npmjs.org/dunder-proto/-/dunder-proto-1.0.1.tgz. Extracting by manifest.
2745 silly tarball no local data for is-document.all@https://registry.npmjs.org/is-document.all/-/is-document.all-1.0.0.tgz. Extracting by manifest.
2746 silly tarball no local data for keyv@https://registry.npmjs.org/keyv/-/keyv-4.5.4.tgz. Extracting by manifest.
2747 silly tarball no local data for functions-have-names@https://registry.npmjs.org/functions-have-names/-/functions-have-names-1.2.3.tgz. Extracting by manifest.
2748 silly tarball no local data for flatted@https://registry.npmjs.org/flatted/-/flatted-3.4.4.tgz. Extracting by manifest.
2749 silly tarball no local data for path-exists@https://registry.npmjs.org/path-exists/-/path-exists-4.0.0.tgz. Extracting by manifest.
2750 silly tarball no local data for locate-path@https://registry.npmjs.org/locate-path/-/locate-path-6.0.0.tgz. Extracting by manifest.
2751 silly tarball no local data for run-parallel@https://registry.npmjs.org/run-parallel/-/run-parallel-1.2.0.tgz. Extracting by manifest.
2752 silly tarball no local data for side-channel-map@https://registry.npmjs.org/side-channel-map/-/side-channel-map-1.0.1.tgz. Extracting by manifest.
2753 silly tarball no local data for fastq@https://registry.npmjs.org/fastq/-/fastq-1.20.1.tgz. Extracting by manifest.
2754 silly tarball no local data for @nodelib/fs.scandir@https://registry.npmjs.org/@nodelib/fs.scandir/-/fs.scandir-2.1.5.tgz. Extracting by manifest.
2755 silly tarball no local data for micromatch@https://registry.npmjs.org/micromatch/-/micromatch-4.0.8.tgz. Extracting by manifest.
2756 silly tarball no local data for merge2@https://registry.npmjs.org/merge2/-/merge2-1.4.1.tgz. Extracting by manifest.
2757 silly tarball no local data for @nodelib/fs.walk@https://registry.npmjs.org/@nodelib/fs.walk/-/fs.walk-1.2.8.tgz. Extracting by manifest.
2758 silly tarball no local data for @nodelib/fs.stat@https://registry.npmjs.org/@nodelib/fs.stat/-/fs.stat-2.0.5.tgz. Extracting by manifest.
2759 silly tarball no local data for reusify@https://registry.npmjs.org/reusify/-/reusify-1.1.0.tgz. Extracting by manifest.
2760 silly tarball no local data for acorn-jsx@https://registry.npmjs.org/acorn-jsx/-/acorn-jsx-5.3.2.tgz. Extracting by manifest.
2761 silly tarball no local data for flat-cache@https://registry.npmjs.org/flat-cache/-/flat-cache-4.0.1.tgz. Extracting by manifest.
2762 silly tarball no local data for esrecurse@https://registry.npmjs.org/esrecurse/-/esrecurse-4.3.0.tgz. Extracting by manifest.
2763 silly tarball no local data for acorn@https://registry.npmjs.org/acorn/-/acorn-8.18.0.tgz. Extracting by manifest.
2764 silly tarball no local data for update-browserslist-db@https://registry.npmjs.org/update-browserslist-db/-/update-browserslist-db-1.2.3.tgz. Extracting by manifest.
2765 silly tarball no local data for node-releases@https://registry.npmjs.org/node-releases/-/node-releases-2.0.51.tgz. Extracting by manifest.
2766 silly tarball no local data for electron-to-chromium@https://registry.npmjs.org/electron-to-chromium/-/electron-to-chromium-1.5.399.tgz. Extracting by manifest.
2767 silly tarball no local data for caniuse-lite@https://registry.npmjs.org/caniuse-lite/-/caniuse-lite-1.0.30001806.tgz. Extracting by manifest.
2768 silly tarball no local data for baseline-browser-mapping@https://registry.npmjs.org/baseline-browser-mapping/-/baseline-browser-mapping-2.11.11.tgz. Extracting by manifest.
2769 silly tarball no local data for @jridgewell/resolve-uri@https://registry.npmjs.org/@jridgewell/resolve-uri/-/resolve-uri-3.1.2.tgz. Extracting by manifest.
2770 silly tarball no local data for @jridgewell/sourcemap-codec@https://registry.npmjs.org/@jridgewell/sourcemap-codec/-/sourcemap-codec-1.5.5.tgz. Extracting by manifest.
2771 silly tarball no local data for @babel/helper-globals@https://registry.npmjs.org/@babel/helper-globals/-/helper-globals-7.29.7.tgz. Extracting by manifest.
2772 silly tarball no local data for @babel/helper-string-parser@https://registry.npmjs.org/@babel/helper-string-parser/-/helper-string-parser-7.29.7.tgz. Extracting by manifest.
2773 silly tarball no local data for @babel/helper-module-imports@https://registry.npmjs.org/@babel/helper-module-imports/-/helper-module-imports-7.29.7.tgz. Extracting by manifest.
2774 silly tarball no local data for lru-cache@https://registry.npmjs.org/lru-cache/-/lru-cache-5.1.1.tgz. Extracting by manifest.
2775 silly tarball no local data for browserslist@https://registry.npmjs.org/browserslist/-/browserslist-4.28.7.tgz. Extracting by manifest.
2776 silly tarball no local data for @babel/helper-validator-option@https://registry.npmjs.org/@babel/helper-validator-option/-/helper-validator-option-7.29.7.tgz. Extracting by manifest.
2777 silly tarball no local data for @babel/compat-data@https://registry.npmjs.org/@babel/compat-data/-/compat-data-7.29.7.tgz. Extracting by manifest.
2778 silly tarball no local data for jsesc@https://registry.npmjs.org/jsesc/-/jsesc-3.1.0.tgz. Extracting by manifest.
2779 silly tarball no local data for @jridgewell/trace-mapping@https://registry.npmjs.org/@jridgewell/trace-mapping/-/trace-mapping-0.3.31.tgz. Extracting by manifest.
2780 silly tarball no local data for @jridgewell/gen-mapping@https://registry.npmjs.org/@jridgewell/gen-mapping/-/gen-mapping-0.3.13.tgz. Extracting by manifest.
2781 silly tarball no local data for picocolors@https://registry.npmjs.org/picocolors/-/picocolors-1.1.1.tgz. Extracting by manifest.
2782 silly tarball no local data for js-tokens@https://registry.npmjs.org/js-tokens/-/js-tokens-4.0.0.tgz. Extracting by manifest.
2783 silly tarball no local data for @babel/helper-validator-identifier@https://registry.npmjs.org/@babel/helper-validator-identifier/-/helper-validator-identifier-7.29.7.tgz. Extracting by manifest.
2784 silly tarball no local data for gensync@https://registry.npmjs.org/gensync/-/gensync-1.0.0-beta.2.tgz. Extracting by manifest.
2785 silly tarball no local data for convert-source-map@https://registry.npmjs.org/convert-source-map/-/convert-source-map-2.0.0.tgz. Extracting by manifest.
2786 silly tarball no local data for @jridgewell/remapping@https://registry.npmjs.org/@jridgewell/remapping/-/remapping-2.3.5.tgz. Extracting by manifest.
2787 silly tarball no local data for @babel/types@https://registry.npmjs.org/@babel/types/-/types-7.29.8.tgz. Extracting by manifest.
2788 silly tarball no local data for @babel/traverse@https://registry.npmjs.org/@babel/traverse/-/traverse-7.29.8.tgz. Extracting by manifest.
2789 silly tarball no local data for @babel/template@https://registry.npmjs.org/@babel/template/-/template-7.29.7.tgz. Extracting by manifest.
2790 silly tarball no local data for @babel/helpers@https://registry.npmjs.org/@babel/helpers/-/helpers-7.29.7.tgz. Extracting by manifest.
2791 silly tarball no local data for @babel/helper-module-transforms@https://registry.npmjs.org/@babel/helper-module-transforms/-/helper-module-transforms-7.29.7.tgz. Extracting by manifest.
2792 silly tarball no local data for @babel/helper-compilation-targets@https://registry.npmjs.org/@babel/helper-compilation-targets/-/helper-compilation-targets-7.29.7.tgz. Extracting by manifest.
2793 silly tarball no local data for @babel/generator@https://registry.npmjs.org/@babel/generator/-/generator-7.29.8.tgz. Extracting by manifest.
2794 silly tarball no local data for @babel/code-frame@https://registry.npmjs.org/@babel/code-frame/-/code-frame-7.29.7.tgz. Extracting by manifest.
2795 silly tarball no local data for zod@https://registry.npmjs.org/zod/-/zod-4.4.3.tgz. Extracting by manifest.
2796 silly tarball no local data for hermes-parser@https://registry.npmjs.org/hermes-parser/-/hermes-parser-0.25.1.tgz. Extracting by manifest.
2797 silly tarball no local data for json5@https://registry.npmjs.org/json5/-/json5-2.2.3.tgz. Extracting by manifest.
2798 silly tarball no local data for @babel/parser@https://registry.npmjs.org/@babel/parser/-/parser-7.29.8.tgz. Extracting by manifest.
2799 silly tarball no local data for @babel/core@https://registry.npmjs.org/@babel/core/-/core-7.29.7.tgz. Extracting by manifest.
2800 silly tarball no local data for iterator.prototype@https://registry.npmjs.org/iterator.prototype/-/iterator.prototype-1.1.5.tgz. Extracting by manifest.
2801 silly tarball no local data for string.prototype.repeat@https://registry.npmjs.org/string.prototype.repeat/-/string.prototype.repeat-1.0.0.tgz. Extracting by manifest.
2802 silly tarball no local data for string.prototype.matchall@https://registry.npmjs.org/string.prototype.matchall/-/string.prototype.matchall-4.0.12.tgz. Extracting by manifest.
2803 silly tarball no local data for prop-types@https://registry.npmjs.org/prop-types/-/prop-types-15.8.1.tgz. Extracting by manifest.
2804 silly tarball no local data for object.entries@https://registry.npmjs.org/object.entries/-/object.entries-1.1.9.tgz. Extracting by manifest.
2805 silly tarball no local data for estraverse@https://registry.npmjs.org/estraverse/-/estraverse-5.3.0.tgz. Extracting by manifest.
2806 silly tarball no local data for es-iterator-helpers@https://registry.npmjs.org/es-iterator-helpers/-/es-iterator-helpers-1.4.0.tgz. Extracting by manifest.
2807 silly tarball no local data for array.prototype.tosorted@https://registry.npmjs.org/array.prototype.tosorted/-/array.prototype.tosorted-1.1.4.tgz. Extracting by manifest.
2808 silly tarball no local data for array.prototype.findlast@https://registry.npmjs.org/array.prototype.findlast/-/array.prototype.findlast-1.2.5.tgz. Extracting by manifest.
2809 silly tarball no local data for string.prototype.includes@https://registry.npmjs.org/string.prototype.includes/-/string.prototype.includes-2.0.1.tgz. Extracting by manifest.
2810 silly tarball no local data for language-tags@https://registry.npmjs.org/language-tags/-/language-tags-1.0.9.tgz. Extracting by manifest.
2811 silly tarball no local data for jsx-ast-utils@https://registry.npmjs.org/jsx-ast-utils/-/jsx-ast-utils-3.3.5.tgz. Extracting by manifest.
2812 silly tarball no local data for emoji-regex@https://registry.npmjs.org/emoji-regex/-/emoji-regex-9.2.2.tgz. Extracting by manifest.
2813 silly tarball no local data for damerau-levenshtein@https://registry.npmjs.org/damerau-levenshtein/-/damerau-levenshtein-1.0.8.tgz. Extracting by manifest.
2814 silly tarball no local data for axobject-query@https://registry.npmjs.org/axobject-query/-/axobject-query-4.1.0.tgz. Extracting by manifest.
2815 silly tarball no local data for axe-core@https://registry.npmjs.org/axe-core/-/axe-core-4.12.1.tgz. Extracting by manifest.
2816 silly tarball no local data for ast-types-flow@https://registry.npmjs.org/ast-types-flow/-/ast-types-flow-0.0.8.tgz. Extracting by manifest.
2817 silly tarball no local data for aria-query@https://registry.npmjs.org/aria-query/-/aria-query-5.3.2.tgz. Extracting by manifest.
2818 silly tarball no local data for is-symbol@https://registry.npmjs.org/is-symbol/-/is-symbol-1.1.1.tgz. Extracting by manifest.
2819 silly tarball no local data for is-date-object@https://registry.npmjs.org/is-date-object/-/is-date-object-1.1.0.tgz. Extracting by manifest.
2820 silly tarball no local data for es-abstract-get@https://registry.npmjs.org/es-abstract-get/-/es-abstract-get-1.0.0.tgz. Extracting by manifest.
2821 silly tarball no local data for has-tostringtag@https://registry.npmjs.org/has-tostringtag/-/has-tostringtag-1.0.2.tgz. Extracting by manifest.
2822 silly tarball no local data for possible-typed-array-names@https://registry.npmjs.org/possible-typed-array-names/-/possible-typed-array-names-1.1.0.tgz. Extracting by manifest.
2823 silly tarball no local data for which-typed-array@https://registry.npmjs.org/which-typed-array/-/which-typed-array-1.1.22.tgz. Extracting by manifest.
2824 silly tarball no local data for unbox-primitive@https://registry.npmjs.org/unbox-primitive/-/unbox-primitive-1.1.0.tgz. Extracting by manifest.
2825 silly tarball no local data for typed-array-length@https://registry.npmjs.org/typed-array-length/-/typed-array-length-1.0.8.tgz. Extracting by manifest.
2826 silly tarball no local data for typed-array-byte-offset@https://registry.npmjs.org/typed-array-byte-offset/-/typed-array-byte-offset-1.0.4.tgz. Extracting by manifest.
2827 silly tarball no local data for typed-array-byte-length@https://registry.npmjs.org/typed-array-byte-length/-/typed-array-byte-length-1.0.3.tgz. Extracting by manifest.
2828 silly tarball no local data for typed-array-buffer@https://registry.npmjs.org/typed-array-buffer/-/typed-array-buffer-1.0.3.tgz. Extracting by manifest.
2829 silly tarball no local data for string.prototype.trim@https://registry.npmjs.org/string.prototype.trim/-/string.prototype.trim-1.2.11.tgz. Extracting by manifest.
2830 silly tarball no local data for string.prototype.trimstart@https://registry.npmjs.org/string.prototype.trimstart/-/string.prototype.trimstart-1.0.8.tgz. Extracting by manifest.
2831 silly tarball no local data for stop-iteration-iterator@https://registry.npmjs.org/stop-iteration-iterator/-/stop-iteration-iterator-1.1.0.tgz. Extracting by manifest.
2832 silly tarball no local data for set-proto@https://registry.npmjs.org/set-proto/-/set-proto-1.0.0.tgz. Extracting by manifest.
2833 silly tarball no local data for safe-push-apply@https://registry.npmjs.org/safe-push-apply/-/safe-push-apply-1.0.0.tgz. Extracting by manifest.
2834 silly tarball no local data for safe-regex-test@https://registry.npmjs.org/safe-regex-test/-/safe-regex-test-1.1.0.tgz. Extracting by manifest.
2835 silly tarball no local data for safe-array-concat@https://registry.npmjs.org/safe-array-concat/-/safe-array-concat-1.1.4.tgz. Extracting by manifest.
2836 silly tarball no local data for regexp.prototype.flags@https://registry.npmjs.org/regexp.prototype.flags/-/regexp.prototype.flags-1.5.4.tgz. Extracting by manifest.
2837 silly tarball no local data for own-keys@https://registry.npmjs.org/own-keys/-/own-keys-1.0.2.tgz. Extracting by manifest.
2838 silly tarball no local data for object.assign@https://registry.npmjs.org/object.assign/-/object.assign-4.1.7.tgz. Extracting by manifest.
2839 silly tarball no local data for object-inspect@https://registry.npmjs.org/object-inspect/-/object-inspect-1.13.4.tgz. Extracting by manifest.
2840 silly tarball no local data for is-weakref@https://registry.npmjs.org/is-weakref/-/is-weakref-1.1.1.tgz. Extracting by manifest.
2841 silly tarball no local data for is-typed-array@https://registry.npmjs.org/is-typed-array/-/is-typed-array-1.1.15.tgz. Extracting by manifest.
2842 silly tarball no local data for is-shared-array-buffer@https://registry.npmjs.org/is-shared-array-buffer/-/is-shared-array-buffer-1.0.4.tgz. Extracting by manifest.
2843 silly tarball no local data for is-set@https://registry.npmjs.org/is-set/-/is-set-2.0.3.tgz. Extracting by manifest.
2844 silly tarball no local data for is-regex@https://registry.npmjs.org/is-regex/-/is-regex-1.2.1.tgz. Extracting by manifest.
2845 silly tarball no local data for is-negative-zero@https://registry.npmjs.org/is-negative-zero/-/is-negative-zero-2.0.3.tgz. Extracting by manifest.
2846 silly tarball no local data for is-data-view@https://registry.npmjs.org/is-data-view/-/is-data-view-1.0.2.tgz. Extracting by manifest.
2847 silly tarball no local data for is-callable@https://registry.npmjs.org/is-callable/-/is-callable-1.2.7.tgz. Extracting by manifest.
2848 silly tarball no local data for is-array-buffer@https://registry.npmjs.org/is-array-buffer/-/is-array-buffer-3.0.5.tgz. Extracting by manifest.
2849 silly tarball no local data for internal-slot@https://registry.npmjs.org/internal-slot/-/internal-slot-1.1.0.tgz. Extracting by manifest.
2850 silly tarball no local data for has-symbols@https://registry.npmjs.org/has-symbols/-/has-symbols-1.1.0.tgz. Extracting by manifest.
2851 silly tarball no local data for has-proto@https://registry.npmjs.org/has-proto/-/has-proto-1.2.0.tgz. Extracting by manifest.
2852 silly tarball no local data for globalthis@https://registry.npmjs.org/globalthis/-/globalthis-1.0.4.tgz. Extracting by manifest.
2853 silly tarball no local data for get-symbol-description@https://registry.npmjs.org/get-symbol-description/-/get-symbol-description-1.1.0.tgz. Extracting by manifest.
2854 silly tarball no local data for get-proto@https://registry.npmjs.org/get-proto/-/get-proto-1.0.1.tgz. Extracting by manifest.
2855 silly tarball no local data for function.prototype.name@https://registry.npmjs.org/function.prototype.name/-/function.prototype.name-1.2.0.tgz. Extracting by manifest.
2856 silly tarball no local data for es-to-primitive@https://registry.npmjs.org/es-to-primitive/-/es-to-primitive-1.3.4.tgz. Extracting by manifest.
2857 silly tarball no local data for es-set-tostringtag@https://registry.npmjs.org/es-set-tostringtag/-/es-set-tostringtag-2.1.0.tgz. Extracting by manifest.
2858 silly tarball no local data for data-view-byte-offset@https://registry.npmjs.org/data-view-byte-offset/-/data-view-byte-offset-1.0.1.tgz. Extracting by manifest.
2859 silly tarball no local data for data-view-byte-length@https://registry.npmjs.org/data-view-byte-length/-/data-view-byte-length-1.0.2.tgz. Extracting by manifest.
2860 silly tarball no local data for data-view-buffer@https://registry.npmjs.org/data-view-buffer/-/data-view-buffer-1.0.2.tgz. Extracting by manifest.
2861 silly tarball no local data for available-typed-arrays@https://registry.npmjs.org/available-typed-arrays/-/available-typed-arrays-1.0.7.tgz. Extracting by manifest.
2862 silly tarball no local data for array-buffer-byte-length@https://registry.npmjs.org/array-buffer-byte-length/-/array-buffer-byte-length-1.0.2.tgz. Extracting by manifest.
2863 silly tarball no local data for arraybuffer.prototype.slice@https://registry.npmjs.org/arraybuffer.prototype.slice/-/arraybuffer.prototype.slice-1.0.4.tgz. Extracting by manifest.
2864 silly tarball no local data for gopd@https://registry.npmjs.org/gopd/-/gopd-1.2.0.tgz. Extracting by manifest.
2865 silly tarball no local data for object-keys@https://registry.npmjs.org/object-keys/-/object-keys-1.1.1.tgz. Extracting by manifest.
2866 silly tarball no local data for has-property-descriptors@https://registry.npmjs.org/has-property-descriptors/-/has-property-descriptors-1.0.2.tgz. Extracting by manifest.
2867 silly tarball no local data for define-data-property@https://registry.npmjs.org/define-data-property/-/define-data-property-1.1.4.tgz. Extracting by manifest.
2868 silly tarball no local data for function-bind@https://registry.npmjs.org/function-bind/-/function-bind-1.1.2.tgz. Extracting by manifest.
2869 silly tarball no local data for set-function-length@https://registry.npmjs.org/set-function-length/-/set-function-length-1.2.2.tgz. Extracting by manifest.
2870 silly tarball no local data for call-bind-apply-helpers@https://registry.npmjs.org/call-bind-apply-helpers/-/call-bind-apply-helpers-1.0.2.tgz. Extracting by manifest.
2871 silly tarball no local data for es-define-property@https://registry.npmjs.org/es-define-property/-/es-define-property-1.0.1.tgz. Extracting by manifest.
2872 silly tarball no local data for es-shim-unscopables@https://registry.npmjs.org/es-shim-unscopables/-/es-shim-unscopables-1.1.0.tgz. Extracting by manifest.
2873 silly tarball no local data for es-errors@https://registry.npmjs.org/es-errors/-/es-errors-1.3.0.tgz. Extracting by manifest.
2874 silly tarball no local data for math-intrinsics@https://registry.npmjs.org/math-intrinsics/-/math-intrinsics-1.1.0.tgz. Extracting by manifest.
2875 silly tarball no local data for is-string@https://registry.npmjs.org/is-string/-/is-string-1.1.1.tgz. Extracting by manifest.
2876 silly tarball no local data for get-intrinsic@https://registry.npmjs.org/get-intrinsic/-/get-intrinsic-1.3.0.tgz. Extracting by manifest.
2877 silly tarball no local data for es-object-atoms@https://registry.npmjs.org/es-object-atoms/-/es-object-atoms-1.1.2.tgz. Extracting by manifest.
2878 silly tarball no local data for es-abstract@https://registry.npmjs.org/es-abstract/-/es-abstract-1.24.2.tgz. Extracting by manifest.
2879 silly tarball no local data for define-properties@https://registry.npmjs.org/define-properties/-/define-properties-1.2.1.tgz. Extracting by manifest.
2880 silly tarball no local data for call-bound@https://registry.npmjs.org/call-bound/-/call-bound-1.0.4.tgz. Extracting by manifest.
2881 silly tarball no local data for call-bind@https://registry.npmjs.org/call-bind/-/call-bind-1.0.9.tgz. Extracting by manifest.
2882 silly tarball no local data for tsconfig-paths@https://registry.npmjs.org/tsconfig-paths/-/tsconfig-paths-3.15.0.tgz. Extracting by manifest.
2883 silly tarball no local data for string.prototype.trimend@https://registry.npmjs.org/string.prototype.trimend/-/string.prototype.trimend-1.0.10.tgz. Extracting by manifest.
2884 silly tarball no local data for semver@https://registry.npmjs.org/semver/-/semver-6.3.1.tgz. Extracting by manifest.
2885 silly tarball no local data for object.groupby@https://registry.npmjs.org/object.groupby/-/object.groupby-1.0.3.tgz. Extracting by manifest.
2886 silly tarball no local data for object.fromentries@https://registry.npmjs.org/object.fromentries/-/object.fromentries-2.0.8.tgz. Extracting by manifest.
2887 silly tarball no local data for zod-validation-error@https://registry.npmjs.org/zod-validation-error/-/zod-validation-error-4.0.2.tgz. Extracting by manifest.
2888 silly tarball no local data for hasown@https://registry.npmjs.org/hasown/-/hasown-2.0.4.tgz. Extracting by manifest.
2889 silly tarball no local data for eslint-module-utils@https://registry.npmjs.org/eslint-module-utils/-/eslint-module-utils-2.14.0.tgz. Extracting by manifest.
2890 silly tarball no local data for doctrine@https://registry.npmjs.org/doctrine/-/doctrine-2.1.0.tgz. Extracting by manifest.
2891 silly tarball no local data for array.prototype.flatmap@https://registry.npmjs.org/array.prototype.flatmap/-/array.prototype.flatmap-1.3.3.tgz. Extracting by manifest.
2892 silly tarball no local data for array.prototype.flat@https://registry.npmjs.org/array.prototype.flat/-/array.prototype.flat-1.3.3.tgz. Extracting by manifest.
2893 silly tarball no local data for array.prototype.findlastindex@https://registry.npmjs.org/array.prototype.findlastindex/-/array.prototype.findlastindex-1.2.6.tgz. Extracting by manifest.
2894 silly tarball no local data for array-includes@https://registry.npmjs.org/array-includes/-/array-includes-3.1.9.tgz. Extracting by manifest.
2895 silly tarball no local data for @rtsao/scc@https://registry.npmjs.org/@rtsao/scc/-/scc-1.1.0.tgz. Extracting by manifest.
2896 silly tarball no local data for unrs-resolver@https://registry.npmjs.org/unrs-resolver/-/unrs-resolver-1.12.2.tgz. Extracting by manifest.
2897 silly tarball no local data for tinyglobby@https://registry.npmjs.org/tinyglobby/-/tinyglobby-0.2.17.tgz. Extracting by manifest.
2898 silly tarball no local data for stable-hash@https://registry.npmjs.org/stable-hash/-/stable-hash-0.0.5.tgz. Extracting by manifest.
2899 silly tarball no local data for is-bun-module@https://registry.npmjs.org/is-bun-module/-/is-bun-module-2.0.0.tgz. Extracting by manifest.
2900 silly tarball no local data for get-tsconfig@https://registry.npmjs.org/get-tsconfig/-/get-tsconfig-4.14.1.tgz. Extracting by manifest.
2901 silly tarball no local data for resolve@https://registry.npmjs.org/resolve/-/resolve-2.0.0-next.7.tgz. Extracting by manifest.
2902 silly tarball no local data for @nolyfill/is-core-module@https://registry.npmjs.org/@nolyfill/is-core-module/-/is-core-module-1.0.39.tgz. Extracting by manifest.
2903 silly tarball no local data for is-core-module@https://registry.npmjs.org/is-core-module/-/is-core-module-2.16.2.tgz. Extracting by manifest.
2904 silly tarball no local data for fast-glob@https://registry.npmjs.org/fast-glob/-/fast-glob-3.3.1.tgz. Extracting by manifest.
2905 silly tarball no local data for typescript-eslint@https://registry.npmjs.org/typescript-eslint/-/typescript-eslint-8.65.0.tgz. Extracting by manifest.
2906 silly tarball no local data for eslint-plugin-react-hooks@https://registry.npmjs.org/eslint-plugin-react-hooks/-/eslint-plugin-react-hooks-7.1.1.tgz. Extracting by manifest.
2907 silly tarball no local data for eslint-plugin-react@https://registry.npmjs.org/eslint-plugin-react/-/eslint-plugin-react-7.37.5.tgz. Extracting by manifest.
2908 silly tarball no local data for eslint-plugin-jsx-a11y@https://registry.npmjs.org/eslint-plugin-jsx-a11y/-/eslint-plugin-jsx-a11y-6.10.2.tgz. Extracting by manifest.
2909 silly tarball no local data for eslint-plugin-import@https://registry.npmjs.org/eslint-plugin-import/-/eslint-plugin-import-2.32.0.tgz. Extracting by manifest.
2910 silly tarball no local data for eslint-import-resolver-typescript@https://registry.npmjs.org/eslint-import-resolver-typescript/-/eslint-import-resolver-typescript-3.10.1.tgz. Extracting by manifest.
2911 silly tarball no local data for eslint-import-resolver-node@https://registry.npmjs.org/eslint-import-resolver-node/-/eslint-import-resolver-node-0.3.10.tgz. Extracting by manifest.
2912 silly tarball no local data for @next/eslint-plugin-next@https://registry.npmjs.org/@next/eslint-plugin-next/-/eslint-plugin-next-16.2.12.tgz. Extracting by manifest.
2913 silly tarball no local data for shebang-command@https://registry.npmjs.org/shebang-command/-/shebang-command-2.0.0.tgz. Extracting by manifest.
2914 silly tarball no local data for ms@https://registry.npmjs.org/ms/-/ms-2.1.3.tgz. Extracting by manifest.
2915 silly tarball no local data for which@https://registry.npmjs.org/which/-/which-2.0.2.tgz. Extracting by manifest.
2916 silly tarball no local data for path-key@https://registry.npmjs.org/path-key/-/path-key-3.1.1.tgz. Extracting by manifest.
2917 silly tarball no local data for color-name@https://registry.npmjs.org/color-name/-/color-name-1.1.4.tgz. Extracting by manifest.
2918 silly tarball no local data for color-convert@https://registry.npmjs.org/color-convert/-/color-convert-2.0.1.tgz. Extracting by manifest.
2919 silly tarball no local data for supports-color@https://registry.npmjs.org/supports-color/-/supports-color-7.2.0.tgz. Extracting by manifest.
2920 silly tarball no local data for ansi-styles@https://registry.npmjs.org/ansi-styles/-/ansi-styles-4.3.0.tgz. Extracting by manifest.
2921 silly tarball no local data for uri-js@https://registry.npmjs.org/uri-js/-/uri-js-4.4.1.tgz. Extracting by manifest.
2922 silly tarball no local data for fast-json-stable-stringify@https://registry.npmjs.org/fast-json-stable-stringify/-/fast-json-stable-stringify-2.1.0.tgz. Extracting by manifest.
2923 silly tarball no local data for json-schema-traverse@https://registry.npmjs.org/json-schema-traverse/-/json-schema-traverse-0.4.1.tgz. Extracting by manifest.
2924 silly tarball no local data for @humanfs/types@https://registry.npmjs.org/@humanfs/types/-/types-0.15.0.tgz. Extracting by manifest.
2925 silly tarball no local data for levn@https://registry.npmjs.org/levn/-/levn-0.4.1.tgz. Extracting by manifest.
2926 silly tarball no local data for @humanfs/core@https://registry.npmjs.org/@humanfs/core/-/core-0.19.2.tgz. Extracting by manifest.
2927 silly tarball no local data for strip-json-comments@https://registry.npmjs.org/strip-json-comments/-/strip-json-comments-3.1.1.tgz. Extracting by manifest.
2928 silly tarball no local data for js-yaml@https://registry.npmjs.org/js-yaml/-/js-yaml-4.3.1.tgz. Extracting by manifest.
2929 silly tarball no local data for import-fresh@https://registry.npmjs.org/import-fresh/-/import-fresh-3.3.1.tgz. Extracting by manifest.
2930 silly tarball no local data for globals@https://registry.npmjs.org/globals/-/globals-14.0.0.tgz. Extracting by manifest.
2931 silly tarball no local data for @types/json-schema@https://registry.npmjs.org/@types/json-schema/-/json-schema-7.0.15.tgz. Extracting by manifest.
2932 silly tarball no local data for @eslint/object-schema@https://registry.npmjs.org/@eslint/object-schema/-/object-schema-2.1.7.tgz. Extracting by manifest.
2933 silly tarball no local data for optionator@https://registry.npmjs.org/optionator/-/optionator-0.9.4.tgz. Extracting by manifest.
2934 silly tarball no local data for minimatch@https://registry.npmjs.org/minimatch/-/minimatch-3.1.5.tgz. Extracting by manifest.
2935 silly tarball no local data for natural-compare@https://registry.npmjs.org/natural-compare/-/natural-compare-1.4.0.tgz. Extracting by manifest.
2936 silly tarball no local data for lodash.merge@https://registry.npmjs.org/lodash.merge/-/lodash.merge-4.6.2.tgz. Extracting by manifest.
2937 silly tarball no local data for json-stable-stringify-without-jsonify@https://registry.npmjs.org/json-stable-stringify-without-jsonify/-/json-stable-stringify-without-jsonify-1.0.1.tgz. Extracting by manifest.
2938 silly tarball no local data for imurmurhash@https://registry.npmjs.org/imurmurhash/-/imurmurhash-0.1.4.tgz. Extracting by manifest.
2939 silly tarball no local data for is-glob@https://registry.npmjs.org/is-glob/-/is-glob-4.0.3.tgz. Extracting by manifest.
2940 silly tarball no local data for ignore@https://registry.npmjs.org/ignore/-/ignore-5.3.2.tgz. Extracting by manifest.
2941 silly tarball no local data for glob-parent@https://registry.npmjs.org/glob-parent/-/glob-parent-6.0.2.tgz. Extracting by manifest.
2942 silly tarball no local data for find-up@https://registry.npmjs.org/find-up/-/find-up-5.0.0.tgz. Extracting by manifest.
2943 silly tarball no local data for file-entry-cache@https://registry.npmjs.org/file-entry-cache/-/file-entry-cache-8.0.0.tgz. Extracting by manifest.
2944 silly tarball no local data for fast-deep-equal@https://registry.npmjs.org/fast-deep-equal/-/fast-deep-equal-3.1.3.tgz. Extracting by manifest.
2945 silly tarball no local data for esutils@https://registry.npmjs.org/esutils/-/esutils-2.0.3.tgz. Extracting by manifest.
2946 silly tarball no local data for esquery@https://registry.npmjs.org/esquery/-/esquery-1.7.0.tgz. Extracting by manifest.
2947 silly tarball no local data for eslint-visitor-keys@https://registry.npmjs.org/eslint-visitor-keys/-/eslint-visitor-keys-4.2.1.tgz. Extracting by manifest.
2948 silly tarball no local data for espree@https://registry.npmjs.org/espree/-/espree-10.4.0.tgz. Extracting by manifest.
2949 silly tarball no local data for escape-string-regexp@https://registry.npmjs.org/escape-string-regexp/-/escape-string-regexp-4.0.0.tgz. Extracting by manifest.
2950 silly tarball no local data for object.values@https://registry.npmjs.org/object.values/-/object.values-1.2.1.tgz. Extracting by manifest.
2951 silly tarball no local data for debug@https://registry.npmjs.org/debug/-/debug-4.4.3.tgz. Extracting by manifest.
2952 silly tarball no local data for cross-spawn@https://registry.npmjs.org/cross-spawn/-/cross-spawn-7.0.6.tgz. Extracting by manifest.
2953 silly tarball no local data for chalk@https://registry.npmjs.org/chalk/-/chalk-4.1.2.tgz. Extracting by manifest.
2954 silly tarball no local data for @types/estree@https://registry.npmjs.org/@types/estree/-/estree-1.0.9.tgz. Extracting by manifest.
2955 silly tarball no local data for ajv@https://registry.npmjs.org/ajv/-/ajv-6.15.0.tgz. Extracting by manifest.
2956 silly tarball no local data for @humanwhocodes/retry@https://registry.npmjs.org/@humanwhocodes/retry/-/retry-0.4.3.tgz. Extracting by manifest.
2957 silly tarball no local data for @humanwhocodes/module-importer@https://registry.npmjs.org/@humanwhocodes/module-importer/-/module-importer-1.0.1.tgz. Extracting by manifest.
2958 silly tarball no local data for @humanfs/node@https://registry.npmjs.org/@humanfs/node/-/node-0.16.8.tgz. Extracting by manifest.
2959 silly tarball no local data for @eslint/plugin-kit@https://registry.npmjs.org/@eslint/plugin-kit/-/plugin-kit-0.4.1.tgz. Extracting by manifest.
2960 silly tarball no local data for @eslint/js@https://registry.npmjs.org/@eslint/js/-/js-9.39.5.tgz. Extracting by manifest.
2961 silly tarball no local data for @eslint/eslintrc@https://registry.npmjs.org/@eslint/eslintrc/-/eslintrc-3.3.6.tgz. Extracting by manifest.
2962 silly tarball no local data for @eslint/core@https://registry.npmjs.org/@eslint/core/-/core-0.17.0.tgz. Extracting by manifest.
2963 silly tarball no local data for @eslint/config-helpers@https://registry.npmjs.org/@eslint/config-helpers/-/config-helpers-0.4.2.tgz. Extracting by manifest.
2964 silly tarball no local data for @eslint/config-array@https://registry.npmjs.org/@eslint/config-array/-/config-array-0.21.2.tgz. Extracting by manifest.
2965 silly tarball no local data for @eslint-community/regexpp@https://registry.npmjs.org/@eslint-community/regexpp/-/regexpp-4.12.2.tgz. Extracting by manifest.
2966 silly tarball no local data for @eslint-community/eslint-utils@https://registry.npmjs.org/@eslint-community/eslint-utils/-/eslint-utils-4.10.1.tgz. Extracting by manifest.
2967 silly tarball no local data for csstype@https://registry.npmjs.org/csstype/-/csstype-3.2.3.tgz. Extracting by manifest.
2968 silly tarball no local data for undici-types@https://registry.npmjs.org/undici-types/-/undici-types-7.18.2.tgz. Extracting by manifest.
2969 silly tarball no local data for typescript@https://registry.npmjs.org/typescript/-/typescript-5.9.3.tgz. Extracting by manifest.
2970 silly tarball no local data for react-dom@https://registry.npmjs.org/react-dom/-/react-dom-19.2.0.tgz. Extracting by manifest.
2971 silly tarball no local data for react@https://registry.npmjs.org/react/-/react-19.2.0.tgz. Extracting by manifest.
2972 silly tarball no local data for next@https://registry.npmjs.org/next/-/next-16.2.12.tgz. Extracting by manifest.
2973 silly tarball no local data for eslint-config-next@https://registry.npmjs.org/eslint-config-next/-/eslint-config-next-16.2.12.tgz. Extracting by manifest.
2974 silly tarball no local data for eslint@https://registry.npmjs.org/eslint/-/eslint-9.39.5.tgz. Extracting by manifest.
2975 silly tarball no local data for @types/react-dom@https://registry.npmjs.org/@types/react-dom/-/react-dom-19.2.4.tgz. Extracting by manifest.
2976 silly tarball no local data for @types/react@https://registry.npmjs.org/@types/react/-/react-19.2.18.tgz. Extracting by manifest.
2977 silly tarball no local data for @types/node@https://registry.npmjs.org/@types/node/-/node-24.13.3.tgz. Extracting by manifest.
2978 silly tarball no local data for eslint-visitor-keys@https://registry.npmjs.org/eslint-visitor-keys/-/eslint-visitor-keys-5.0.1.tgz. Extracting by manifest.
2979 silly tarball no local data for balanced-match@https://registry.npmjs.org/balanced-match/-/balanced-match-4.0.4.tgz. Extracting by manifest.
2980 silly tarball no local data for brace-expansion@https://registry.npmjs.org/brace-expansion/-/brace-expansion-5.0.9.tgz. Extracting by manifest.
2981 silly tarball no local data for minimatch@https://registry.npmjs.org/minimatch/-/minimatch-10.2.6.tgz. Extracting by manifest.
2982 silly tarball no local data for ignore@https://registry.npmjs.org/ignore/-/ignore-7.0.6.tgz. Extracting by manifest.
2983 silly tarball no local data for semver@https://registry.npmjs.org/semver/-/semver-7.8.5.tgz. Extracting by manifest.
2984 silly tarball no local data for json5@https://registry.npmjs.org/json5/-/json5-1.0.2.tgz. Extracting by manifest.
2985 silly tarball no local data for debug@https://registry.npmjs.org/debug/-/debug-3.2.7.tgz. Extracting by manifest.
2986 silly tarball no local data for picomatch@https://registry.npmjs.org/picomatch/-/picomatch-4.0.5.tgz. Extracting by manifest.
2987 silly tarball no local data for fdir@https://registry.npmjs.org/fdir/-/fdir-6.5.0.tgz. Extracting by manifest.
2988 silly tarball no local data for semver@https://registry.npmjs.org/semver/-/semver-7.8.5.tgz. Extracting by manifest.
2989 silly tarball no local data for glob-parent@https://registry.npmjs.org/glob-parent/-/glob-parent-5.1.2.tgz. Extracting by manifest.
2990 silly tarball no local data for debug@https://registry.npmjs.org/debug/-/debug-3.2.7.tgz. Extracting by manifest.
2991 silly tarball no local data for semver@https://registry.npmjs.org/semver/-/semver-7.8.5.tgz. Extracting by manifest.
2992 silly tarball no local data for debug@https://registry.npmjs.org/debug/-/debug-3.2.7.tgz. Extracting by manifest.
2993 silly tarball no local data for globals@https://registry.npmjs.org/globals/-/globals-16.4.0.tgz. Extracting by manifest.
2994 silly tarball no local data for eslint-visitor-keys@https://registry.npmjs.org/eslint-visitor-keys/-/eslint-visitor-keys-3.4.3.tgz. Extracting by manifest.
2995 silly tarball no local data for eslint-scope@https://registry.npmjs.org/eslint-scope/-/eslint-scope-8.4.0.tgz. Extracting by manifest.
2996 http fetch GET 200 https://registry.npmjs.org/is-weakmap/-/is-weakmap-2.0.2.tgz 74ms (cache miss)
2997 http fetch GET 200 https://registry.npmjs.org/which-collection/-/which-collection-1.0.2.tgz 74ms (cache miss)
2998 http fetch GET 200 https://registry.npmjs.org/async-function/-/async-function-1.0.0.tgz 78ms (cache miss)
2999 http fetch GET 200 https://registry.npmjs.org/is-weakset/-/is-weakset-2.0.4.tgz 81ms (cache miss)
3000 http fetch GET 200 https://registry.npmjs.org/is-finalizationregistry/-/is-finalizationregistry-1.1.1.tgz 83ms (cache miss)
3001 http fetch GET 200 https://registry.npmjs.org/is-map/-/is-map-2.0.3.tgz 84ms (cache miss)
3002 http fetch GET 200 https://registry.npmjs.org/generator-function/-/generator-function-2.0.1.tgz 83ms (cache miss)
3003 http fetch GET 200 https://registry.npmjs.org/is-generator-function/-/is-generator-function-1.1.2.tgz 83ms (cache miss)
3004 http fetch GET 200 https://registry.npmjs.org/napi-postinstall/-/napi-postinstall-0.3.4.tgz 107ms (cache miss)
3005 http fetch GET 200 https://registry.npmjs.org/is-async-function/-/is-async-function-2.1.1.tgz 119ms (cache miss)
3006 http fetch GET 200 https://registry.npmjs.org/which-boxed-primitive/-/which-boxed-primitive-1.1.1.tgz 121ms (cache miss)
3007 http fetch GET 200 https://registry.npmjs.org/has-bigints/-/has-bigints-1.1.0.tgz 123ms (cache miss)
3008 http fetch GET 200 https://registry.npmjs.org/ts-api-utils/-/ts-api-utils-2.5.0.tgz 134ms (cache miss)
3009 http fetch GET 200 https://registry.npmjs.org/@typescript-eslint/tsconfig-utils/-/tsconfig-utils-8.65.0.tgz 134ms (cache miss)
3010 http fetch GET 200 https://registry.npmjs.org/@typescript-eslint/types/-/types-8.65.0.tgz 137ms (cache miss)
3011 http fetch GET 200 https://registry.npmjs.org/isexe/-/isexe-2.0.0.tgz 150ms (cache miss)
3012 http fetch GET 200 https://registry.npmjs.org/escalade/-/escalade-3.2.0.tgz 157ms (cache miss)
3013 http fetch GET 200 https://registry.npmjs.org/is-bigint/-/is-bigint-1.1.0.tgz 162ms (cache miss)
3014 http fetch GET 200 https://registry.npmjs.org/is-boolean-object/-/is-boolean-object-1.2.2.tgz 162ms (cache miss)
3015 http fetch GET 200 https://registry.npmjs.org/@typescript-eslint/type-utils/-/type-utils-8.65.0.tgz 160ms (cache miss)
3016 http fetch GET 200 https://registry.npmjs.org/is-number-object/-/is-number-object-1.1.1.tgz 165ms (cache miss)
3017 http fetch GET 200 https://registry.npmjs.org/@typescript-eslint/visitor-keys/-/visitor-keys-8.65.0.tgz 176ms (cache miss)
3018 http fetch GET 200 https://registry.npmjs.org/@typescript-eslint/project-service/-/project-service-8.65.0.tgz 176ms (cache miss)
3019 http fetch GET 200 https://registry.npmjs.org/reflect.getprototypeof/-/reflect.getprototypeof-1.0.10.tgz 189ms (cache miss)
3020 http fetch GET 200 https://registry.npmjs.org/@typescript-eslint/parser/-/parser-8.65.0.tgz 190ms (cache miss)
3021 http fetch GET 200 https://registry.npmjs.org/punycode/-/punycode-2.3.1.tgz 201ms (cache miss)
3022 http fetch GET 200 https://registry.npmjs.org/strip-bom/-/strip-bom-3.0.0.tgz 209ms (cache miss)
3023 http fetch GET 200 https://registry.npmjs.org/which-builtin-type/-/which-builtin-type-1.2.1.tgz 210ms (cache miss)
3024 http fetch GET 200 https://registry.npmjs.org/for-each/-/for-each-0.3.5.tgz 211ms (cache miss)
3025 http fetch GET 200 https://registry.npmjs.org/minimist/-/minimist-1.2.8.tgz 213ms (cache miss)
3026 http fetch GET 200 https://registry.npmjs.org/is-number/-/is-number-7.0.0.tgz 216ms (cache miss)
3027 http fetch GET 200 https://registry.npmjs.org/@typescript-eslint/typescript-estree/-/typescript-estree-8.65.0.tgz 218ms (cache miss)
3028 http fetch GET 200 https://registry.npmjs.org/client-only/-/client-only-0.0.1.tgz 218ms (cache miss)
3029 http fetch GET 200 https://registry.npmjs.org/@typescript-eslint/utils/-/utils-8.65.0.tgz 220ms (cache miss)
3030 http fetch GET 200 https://registry.npmjs.org/@types/json5/-/json5-0.0.29.tgz 227ms (cache miss)
3031 http fetch GET 200 https://registry.npmjs.org/has-flag/-/has-flag-4.0.0.tgz 228ms (cache miss)
3032 http fetch GET 200 https://registry.npmjs.org/shebang-regex/-/shebang-regex-3.0.0.tgz 245ms (cache miss)
3033 http fetch GET 200 https://registry.npmjs.org/@typescript-eslint/scope-manager/-/scope-manager-8.65.0.tgz 247ms (cache miss)
3034 http fetch GET 200 https://registry.npmjs.org/queue-microtask/-/queue-microtask-1.2.3.tgz 249ms (cache miss)
3035 http fetch GET 200 https://registry.npmjs.org/detect-libc/-/detect-libc-2.1.2.tgz 252ms (cache miss)
3036 http fetch GET 200 https://registry.npmjs.org/side-channel-list/-/side-channel-list-1.0.1.tgz 253ms (cache miss)
3037 http fetch POST 200 https://registry.npmjs.org/-/npm/v1/security/advisories/bulk 285ms
3038 silly audit report {
3038 silly audit report   postcss: [
3038 silly audit report     {
3038 silly audit report       id: 1117015,
3038 silly audit report       url: 'https://github.com/advisories/GHSA-qx2v-qp2m-jg93',
3038 silly audit report       title: 'PostCSS has XSS via Unescaped </style> in its CSS Stringify Output',
3038 silly audit report       severity: 'moderate',
3038 silly audit report       vulnerable_versions: '<8.5.10',
3038 silly audit report       cwe: [Array],
3038 silly audit report       cvss: [Object]
3038 silly audit report     },
3038 silly audit report     {
3038 silly audit report       id: 1124252,
3038 silly audit report       url: 'https://github.com/advisories/GHSA-6g55-p6wh-862q',
3038 silly audit report       title: 'PostCSS: Arbitrary file read and information disclosure via attacker-controlled sourceMappingURL in CSS comments',
3038 silly audit report       severity: 'high',
3038 silly audit report       vulnerable_versions: '<=8.5.11',
3038 silly audit report       cwe: [Array],
3038 silly audit report       cvss: [Object]
3038 silly audit report     },
3038 silly audit report     {
3038 silly audit report       id: 1124288,
3038 silly audit report       url: 'https://github.com/advisories/GHSA-r28c-9q8g-f849',
3038 silly audit report       title: 'PostCSS: Path Traversal in Previous Source Map Auto-Loading (sourceMappingURL) leads to Arbitrary .map File Disclosure',
3038 silly audit report       severity: 'high',
3038 silly audit report       vulnerable_versions: '<=8.5.17',
3038 silly audit report       cwe: [Array],
3038 silly audit report       cvss: [Object]
3038 silly audit report     }
3038 silly audit report   ],
3038 silly audit report   sharp: [
3038 silly audit report     {
3038 silly audit report       id: 1124066,
3038 silly audit report       url: 'https://github.com/advisories/GHSA-f88m-g3jw-g9cj',
3038 silly audit report       title: 'sharp inherited vulnerabilities in libvips: CVE-2026-33327, CVE-2026-33328, CVE-2026-35590, CVE-2026-35591',
3038 silly audit report       severity: 'high',
3038 silly audit report       vulnerable_versions: '<0.35.0',
3038 silly audit report       cwe: [Array],
3038 silly audit report       cvss: [Object]
3038 silly audit report     }
3038 silly audit report   ]
3038 silly audit report }
3039 silly packumentCache corgi:https://registry.npmjs.org/postcss cache-miss
3040 silly packumentCache corgi:https://registry.npmjs.org/sharp cache-miss
3041 http fetch GET 200 https://registry.npmjs.org/isarray/-/isarray-2.0.5.tgz 258ms (cache miss)
3042 http fetch GET 200 https://registry.npmjs.org/side-channel-weakmap/-/side-channel-weakmap-1.0.2.tgz 259ms (cache miss)
3043 http fetch GET 200 https://registry.npmjs.org/supports-preserve-symlinks-flag/-/supports-preserve-symlinks-flag-1.0.0.tgz 265ms (cache miss)
3044 http fetch GET 200 https://registry.npmjs.org/path-parse/-/path-parse-1.0.7.tgz 268ms (cache miss)
3045 http fetch GET 200 https://registry.npmjs.org/@img/colour/-/colour-1.1.0.tgz 279ms (cache miss)
3046 http fetch GET 200 https://registry.npmjs.org/nanoid/-/nanoid-3.3.16.tgz 288ms (cache miss)
3047 http fetch GET 200 https://registry.npmjs.org/@emnapi/runtime/-/runtime-1.11.3.tgz 292ms (cache miss)
3048 http fetch GET 200 https://registry.npmjs.org/scheduler/-/scheduler-0.27.0.tgz 291ms (cache miss)
3049 http fetch GET 200 https://registry.npmjs.org/node-exports-info/-/node-exports-info-1.6.2.tgz 293ms (cache miss)
3050 http fetch GET 200 https://registry.npmjs.org/object-assign/-/object-assign-4.1.1.tgz 295ms (cache miss)
3051 http fetch GET 200 https://registry.npmjs.org/callsites/-/callsites-3.1.0.tgz 297ms (cache miss)
3052 http fetch GET 200 https://registry.npmjs.org/react-is/-/react-is-16.13.1.tgz 298ms (cache miss)
3053 http fetch GET 200 https://registry.npmjs.org/loose-envify/-/loose-envify-1.4.0.tgz 306ms (cache miss)
3054 http fetch GET 200 https://registry.npmjs.org/yocto-queue/-/yocto-queue-0.1.0.tgz 315ms (cache miss)
3055 http fetch GET 200 https://registry.npmjs.org/fast-levenshtein/-/fast-levenshtein-2.0.6.tgz 319ms (cache miss)
3056 http fetch GET 200 https://registry.npmjs.org/word-wrap/-/word-wrap-1.2.5.tgz 320ms (cache miss)
3057 http fetch GET 200 https://registry.npmjs.org/source-map-js/-/source-map-js-1.2.1.tgz 321ms (cache miss)
3058 http fetch GET 200 https://registry.npmjs.org/p-limit/-/p-limit-3.1.0.tgz 323ms (cache miss)
3059 http fetch GET 200 https://registry.npmjs.org/deep-is/-/deep-is-0.1.4.tgz 337ms (cache miss)
3060 http fetch GET 200 https://registry.npmjs.org/@img/sharp-darwin-arm64/-/sharp-darwin-arm64-0.34.5.tgz 345ms (cache miss)
3061 http fetch GET 200 https://registry.npmjs.org/tslib/-/tslib-2.8.1.tgz 344ms (cache miss)
3062 http fetch GET 200 https://registry.npmjs.org/concat-map/-/concat-map-0.0.1.tgz 355ms (cache miss)
3063 http fetch GET 200 https://registry.npmjs.org/@next/env/-/env-16.2.12.tgz 360ms (cache miss)
3064 http fetch GET 200 https://registry.npmjs.org/brace-expansion/-/brace-expansion-1.1.18.tgz 365ms (cache miss)
3065 http fetch GET 200 https://registry.npmjs.org/balanced-match/-/balanced-match-1.0.2.tgz 365ms (cache miss)
3066 http fetch GET 200 https://registry.npmjs.org/postcss/-/postcss-8.4.31.tgz 367ms (cache miss)
3067 http fetch GET 200 https://registry.npmjs.org/sharp/-/sharp-0.34.5.tgz 375ms (cache miss)
3068 http fetch GET 200 https://registry.npmjs.org/fill-range/-/fill-range-7.1.1.tgz 377ms (cache miss)
3069 http fetch GET 200 https://registry.npmjs.org/to-regex-range/-/to-regex-range-5.0.1.tgz 385ms (cache miss)
3070 http fetch GET 200 https://registry.npmjs.org/picomatch/-/picomatch-2.3.2.tgz 392ms (cache miss)
3071 http fetch GET 200 https://registry.npmjs.org/yallist/-/yallist-3.1.1.tgz 393ms (cache miss)
3072 http fetch GET 200 https://registry.npmjs.org/braces/-/braces-3.0.3.tgz 394ms (cache miss)
3073 http fetch GET 200 https://registry.npmjs.org/styled-jsx/-/styled-jsx-5.1.6.tgz 400ms (cache miss)
3074 http fetch GET 200 https://registry.npmjs.org/p-locate/-/p-locate-5.0.0.tgz 406ms (cache miss)
3075 http fetch GET 200 https://registry.npmjs.org/@swc/helpers/-/helpers-0.5.15.tgz 409ms (cache miss)
3076 http fetch GET 200 https://registry.npmjs.org/prelude-ls/-/prelude-ls-1.2.1.tgz 410ms (cache miss)
3077 http fetch GET 200 https://registry.npmjs.org/type-check/-/type-check-0.4.0.tgz 411ms (cache miss)
3078 http fetch GET 200 https://registry.npmjs.org/json-buffer/-/json-buffer-3.0.1.tgz 414ms (cache miss)
3079 http fetch GET 200 https://registry.npmjs.org/argparse/-/argparse-2.0.1.tgz 420ms (cache miss)
3080 http fetch GET 200 https://registry.npmjs.org/set-function-name/-/set-function-name-2.0.2.tgz 425ms (cache miss)
3081 http fetch GET 200 https://registry.npmjs.org/resolve-from/-/resolve-from-4.0.0.tgz 425ms (cache miss)
3082 http fetch GET 200 https://registry.npmjs.org/is-extglob/-/is-extglob-2.1.1.tgz 429ms (cache miss)
3083 http fetch GET 200 https://registry.npmjs.org/side-channel/-/side-channel-1.1.1.tgz 429ms (cache miss)
3084 http fetch GET 200 https://registry.npmjs.org/parent-module/-/parent-module-1.0.1.tgz 437ms (cache miss)
3085 http fetch GET 200 https://registry.npmjs.org/resolve-pkg-maps/-/resolve-pkg-maps-1.0.0.tgz 457ms (cache miss)
3086 http fetch GET 200 https://registry.npmjs.org/is-document.all/-/is-document.all-1.0.0.tgz 457ms (cache miss)
3087 http fetch GET 200 https://registry.npmjs.org/dunder-proto/-/dunder-proto-1.0.1.tgz 459ms (cache miss)
3088 http fetch GET 200 https://registry.npmjs.org/keyv/-/keyv-4.5.4.tgz 458ms (cache miss)
3089 http fetch GET 200 https://registry.npmjs.org/flatted/-/flatted-3.4.4.tgz 460ms (cache miss)
3090 http fetch GET 200 https://registry.npmjs.org/path-exists/-/path-exists-4.0.0.tgz 462ms (cache miss)
3091 http fetch GET 200 https://registry.npmjs.org/hermes-estree/-/hermes-estree-0.25.1.tgz 464ms (cache miss)
3092 http fetch GET 200 https://registry.npmjs.org/@unrs/resolver-binding-darwin-arm64/-/resolver-binding-darwin-arm64-1.12.2.tgz 470ms (cache miss)
3093 http fetch GET 200 https://registry.npmjs.org/functions-have-names/-/functions-have-names-1.2.3.tgz 467ms (cache miss)
3094 http fetch GET 200 https://registry.npmjs.org/locate-path/-/locate-path-6.0.0.tgz 472ms (cache miss)
3095 http fetch GET 200 https://registry.npmjs.org/run-parallel/-/run-parallel-1.2.0.tgz 476ms (cache miss)
3096 http fetch GET 200 https://registry.npmjs.org/language-subtag-registry/-/language-subtag-registry-0.3.23.tgz 478ms (cache miss)
3097 http fetch GET 200 https://registry.npmjs.org/micromatch/-/micromatch-4.0.8.tgz 491ms (cache miss)
3098 http fetch GET 200 https://registry.npmjs.org/side-channel-map/-/side-channel-map-1.0.1.tgz 498ms (cache miss)
3099 http fetch GET 200 https://registry.npmjs.org/merge2/-/merge2-1.4.1.tgz 495ms (cache miss)
3100 http fetch GET 200 https://registry.npmjs.org/fastq/-/fastq-1.20.1.tgz 496ms (cache miss)
3101 http fetch GET 200 https://registry.npmjs.org/reusify/-/reusify-1.1.0.tgz 501ms (cache miss)
3102 http fetch GET 200 https://registry.npmjs.org/@nodelib/fs.stat/-/fs.stat-2.0.5.tgz 504ms (cache miss)
3103 http fetch GET 200 https://registry.npmjs.org/acorn-jsx/-/acorn-jsx-5.3.2.tgz 506ms (cache miss)
3104 http fetch GET 200 https://registry.npmjs.org/@nodelib/fs.scandir/-/fs.scandir-2.1.5.tgz 509ms (cache miss)
3105 http fetch GET 200 https://registry.npmjs.org/@nodelib/fs.walk/-/fs.walk-1.2.8.tgz 514ms (cache miss)
3106 http fetch GET 200 https://registry.npmjs.org/esrecurse/-/esrecurse-4.3.0.tgz 514ms (cache miss)
3107 http fetch GET 200 https://registry.npmjs.org/flat-cache/-/flat-cache-4.0.1.tgz 518ms (cache miss)
3108 http fetch GET 200 https://registry.npmjs.org/update-browserslist-db/-/update-browserslist-db-1.2.3.tgz 524ms (cache miss)
3109 http fetch GET 200 https://registry.npmjs.org/acorn/-/acorn-8.18.0.tgz 531ms (cache miss)
3110 http fetch GET 200 https://registry.npmjs.org/node-releases/-/node-releases-2.0.51.tgz 555ms (cache miss)
3111 http fetch GET 200 https://registry.npmjs.org/@jridgewell/resolve-uri/-/resolve-uri-3.1.2.tgz 556ms (cache miss)
3112 http fetch GET 200 https://registry.npmjs.org/electron-to-chromium/-/electron-to-chromium-1.5.399.tgz 557ms (cache miss)
3113 http fetch GET 200 https://registry.npmjs.org/baseline-browser-mapping/-/baseline-browser-mapping-2.11.11.tgz 557ms (cache miss)
3114 http fetch GET 200 https://registry.npmjs.org/jsesc/-/jsesc-3.1.0.tgz 581ms (cache miss)
3115 http fetch GET 200 https://registry.npmjs.org/@babel/helper-validator-option/-/helper-validator-option-7.29.7.tgz 583ms (cache miss)
3116 http fetch GET 200 https://registry.npmjs.org/@babel/helper-string-parser/-/helper-string-parser-7.29.7.tgz 590ms (cache miss)
3117 http fetch GET 200 https://registry.npmjs.org/@babel/helper-module-imports/-/helper-module-imports-7.29.7.tgz 593ms (cache miss)
3118 http fetch GET 200 https://registry.npmjs.org/lru-cache/-/lru-cache-5.1.1.tgz 599ms (cache miss)
3119 http fetch GET 200 https://registry.npmjs.org/@jridgewell/gen-mapping/-/gen-mapping-0.3.13.tgz 602ms (cache miss)
3120 http fetch GET 200 https://registry.npmjs.org/@babel/helper-globals/-/helper-globals-7.29.7.tgz 617ms (cache miss)
3121 http fetch GET 200 https://registry.npmjs.org/picocolors/-/picocolors-1.1.1.tgz 642ms (cache miss)
3122 http fetch GET 200 https://registry.npmjs.org/js-tokens/-/js-tokens-4.0.0.tgz 642ms (cache miss)
3123 http fetch GET 200 https://registry.npmjs.org/@babel/helper-validator-identifier/-/helper-validator-identifier-7.29.7.tgz 643ms (cache miss)
3124 http fetch GET 200 https://registry.npmjs.org/@babel/compat-data/-/compat-data-7.29.7.tgz 650ms (cache miss)
3125 http fetch GET 200 https://registry.npmjs.org/@jridgewell/remapping/-/remapping-2.3.5.tgz 650ms (cache miss)
3126 http fetch GET 200 https://registry.npmjs.org/@jridgewell/trace-mapping/-/trace-mapping-0.3.31.tgz 654ms (cache miss)
3127 http fetch GET 200 https://registry.npmjs.org/@babel/template/-/template-7.29.7.tgz 685ms (cache miss)
3128 http fetch GET 200 https://registry.npmjs.org/caniuse-lite/-/caniuse-lite-1.0.30001806.tgz 689ms (cache miss)
3129 http fetch GET 200 https://registry.npmjs.org/@babel/helper-compilation-targets/-/helper-compilation-targets-7.29.7.tgz 714ms (cache miss)
3130 http fetch GET 200 https://registry.npmjs.org/convert-source-map/-/convert-source-map-2.0.0.tgz 738ms (cache miss)
3131 http fetch GET 200 https://registry.npmjs.org/gensync/-/gensync-1.0.0-beta.2.tgz 765ms (cache miss)
3132 http fetch GET 200 https://registry.npmjs.org/@babel/traverse/-/traverse-7.29.8.tgz 830ms (cache miss)
3133 http fetch GET 200 https://registry.npmjs.org/@babel/types/-/types-7.29.8.tgz 997ms (cache miss)
3134 http fetch GET 200 https://registry.npmjs.org/@babel/code-frame/-/code-frame-7.29.7.tgz 1002ms (cache miss)
3135 http fetch GET 200 https://registry.npmjs.org/@babel/helpers/-/helpers-7.29.7.tgz 1022ms (cache miss)
3136 http fetch GET 200 https://registry.npmjs.org/@babel/core/-/core-7.29.7.tgz 1023ms (cache miss)
3137 http fetch GET 200 https://registry.npmjs.org/hermes-parser/-/hermes-parser-0.25.1.tgz 1024ms (cache miss)
3138 http fetch GET 200 https://registry.npmjs.org/iterator.prototype/-/iterator.prototype-1.1.5.tgz 1034ms (cache miss)
3139 http fetch GET 200 https://registry.npmjs.org/string.prototype.repeat/-/string.prototype.repeat-1.0.0.tgz 1037ms (cache miss)
3140 http fetch GET 200 https://registry.npmjs.org/string.prototype.matchall/-/string.prototype.matchall-4.0.12.tgz 1043ms (cache miss)
3141 http fetch GET 200 https://registry.npmjs.org/prop-types/-/prop-types-15.8.1.tgz 1046ms (cache miss)
3142 http fetch GET 200 https://registry.npmjs.org/@typescript-eslint/eslint-plugin/-/eslint-plugin-8.65.0.tgz 1059ms (cache miss)
3143 http fetch GET 200 https://registry.npmjs.org/object.entries/-/object.entries-1.1.9.tgz 1056ms (cache miss)
3144 http fetch GET 200 https://registry.npmjs.org/estraverse/-/estraverse-5.3.0.tgz 1057ms (cache miss)
3145 http fetch GET 200 https://registry.npmjs.org/array.prototype.tosorted/-/array.prototype.tosorted-1.1.4.tgz 1093ms (cache miss)
3146 http fetch GET 200 https://registry.npmjs.org/string.prototype.includes/-/string.prototype.includes-2.0.1.tgz 1094ms (cache miss)
3147 http fetch GET 200 https://registry.npmjs.org/array.prototype.findlast/-/array.prototype.findlast-1.2.5.tgz 1097ms (cache miss)
3148 http fetch GET 200 https://registry.npmjs.org/language-tags/-/language-tags-1.0.9.tgz 1100ms (cache miss)
3149 http fetch GET 200 https://registry.npmjs.org/@babel/generator/-/generator-7.29.8.tgz 1102ms (cache miss)
3150 http fetch GET 200 https://registry.npmjs.org/zod/-/zod-4.4.3.tgz 1118ms (cache miss)
3151 http fetch GET 200 https://registry.npmjs.org/emoji-regex/-/emoji-regex-9.2.2.tgz 1118ms (cache miss)
3152 http fetch GET 200 https://registry.npmjs.org/damerau-levenshtein/-/damerau-levenshtein-1.0.8.tgz 1124ms (cache miss)
3153 http fetch GET 200 https://registry.npmjs.org/es-iterator-helpers/-/es-iterator-helpers-1.4.0.tgz 1124ms (cache miss)
3154 http fetch GET 200 https://registry.npmjs.org/jsx-ast-utils/-/jsx-ast-utils-3.3.5.tgz 1128ms (cache miss)
3155 http fetch GET 200 https://registry.npmjs.org/ast-types-flow/-/ast-types-flow-0.0.8.tgz 1134ms (cache miss)
3156 http fetch GET 200 https://registry.npmjs.org/es-abstract-get/-/es-abstract-get-1.0.0.tgz 1153ms (cache miss)
3157 http fetch GET 200 https://registry.npmjs.org/axobject-query/-/axobject-query-4.1.0.tgz 1162ms (cache miss)
3158 http fetch GET 200 https://registry.npmjs.org/aria-query/-/aria-query-5.3.2.tgz 1171ms (cache miss)
3159 http fetch GET 200 https://registry.npmjs.org/possible-typed-array-names/-/possible-typed-array-names-1.1.0.tgz 1171ms (cache miss)
3160 http fetch GET 200 https://registry.npmjs.org/unbox-primitive/-/unbox-primitive-1.1.0.tgz 1189ms (cache miss)
3161 http fetch GET 200 https://registry.npmjs.org/is-date-object/-/is-date-object-1.1.0.tgz 1190ms (cache miss)
3162 http fetch GET 200 https://registry.npmjs.org/has-tostringtag/-/has-tostringtag-1.0.2.tgz 1195ms (cache miss)
3163 http fetch GET 200 https://registry.npmjs.org/typed-array-byte-offset/-/typed-array-byte-offset-1.0.4.tgz 1213ms (cache miss)
3164 http fetch GET 200 https://registry.npmjs.org/typed-array-length/-/typed-array-length-1.0.8.tgz 1224ms (cache miss)
3165 http fetch GET 200 https://registry.npmjs.org/typed-array-buffer/-/typed-array-buffer-1.0.3.tgz 1239ms (cache miss)
3166 http fetch GET 200 https://registry.npmjs.org/string.prototype.trim/-/string.prototype.trim-1.2.11.tgz 1239ms (cache miss)
3167 http fetch GET 200 https://registry.npmjs.org/is-symbol/-/is-symbol-1.1.1.tgz 1248ms (cache miss)
3168 http fetch GET 200 https://registry.npmjs.org/string.prototype.trimstart/-/string.prototype.trimstart-1.0.8.tgz 1251ms (cache miss)
3169 http fetch GET 200 https://registry.npmjs.org/which-typed-array/-/which-typed-array-1.1.22.tgz 1256ms (cache miss)
3170 http fetch GET 200 https://registry.npmjs.org/typed-array-byte-length/-/typed-array-byte-length-1.0.3.tgz 1257ms (cache miss)
3171 http fetch GET 200 https://registry.npmjs.org/axe-core/-/axe-core-4.12.1.tgz 1269ms (cache miss)
3172 http fetch GET 200 https://registry.npmjs.org/safe-push-apply/-/safe-push-apply-1.0.0.tgz 1278ms (cache miss)
3173 http fetch GET 200 https://registry.npmjs.org/stop-iteration-iterator/-/stop-iteration-iterator-1.1.0.tgz 1283ms (cache miss)
3174 http fetch GET 200 https://registry.npmjs.org/safe-array-concat/-/safe-array-concat-1.1.4.tgz 1289ms (cache miss)
3175 http fetch GET 200 https://registry.npmjs.org/set-proto/-/set-proto-1.0.0.tgz 1289ms (cache miss)
3176 http fetch GET 200 https://registry.npmjs.org/safe-regex-test/-/safe-regex-test-1.1.0.tgz 1294ms (cache miss)
3177 http fetch GET 200 https://registry.npmjs.org/browserslist/-/browserslist-4.28.7.tgz 1303ms (cache miss)
3178 http fetch GET 200 https://registry.npmjs.org/own-keys/-/own-keys-1.0.2.tgz 1300ms (cache miss)
3179 http fetch GET 200 https://registry.npmjs.org/object.assign/-/object.assign-4.1.7.tgz 1306ms (cache miss)
3180 http fetch GET 200 https://registry.npmjs.org/regexp.prototype.flags/-/regexp.prototype.flags-1.5.4.tgz 1320ms (cache miss)
3181 http fetch GET 200 https://registry.npmjs.org/@jridgewell/sourcemap-codec/-/sourcemap-codec-1.5.5.tgz 1329ms (cache miss)
3182 http fetch GET 200 https://registry.npmjs.org/is-shared-array-buffer/-/is-shared-array-buffer-1.0.4.tgz 1327ms (cache miss)
3183 http fetch GET 200 https://registry.npmjs.org/object-inspect/-/object-inspect-1.13.4.tgz 1331ms (cache miss)
3184 http fetch GET 200 https://registry.npmjs.org/is-typed-array/-/is-typed-array-1.1.15.tgz 1334ms (cache miss)
3185 http fetch GET 200 https://registry.npmjs.org/is-negative-zero/-/is-negative-zero-2.0.3.tgz 1342ms (cache miss)
3186 http fetch GET 200 https://registry.npmjs.org/is-weakref/-/is-weakref-1.1.1.tgz 1345ms (cache miss)
3187 http fetch GET 200 https://registry.npmjs.org/is-data-view/-/is-data-view-1.0.2.tgz 1345ms (cache miss)
3188 http fetch GET 200 https://registry.npmjs.org/is-set/-/is-set-2.0.3.tgz 1347ms (cache miss)
3189 http fetch GET 200 https://registry.npmjs.org/internal-slot/-/internal-slot-1.1.0.tgz 1365ms (cache miss)
3190 http fetch GET 200 https://registry.npmjs.org/is-array-buffer/-/is-array-buffer-3.0.5.tgz 1366ms (cache miss)
3191 http fetch GET 200 https://registry.npmjs.org/has-symbols/-/has-symbols-1.1.0.tgz 1372ms (cache miss)
3192 http fetch GET 200 https://registry.npmjs.org/is-regex/-/is-regex-1.2.1.tgz 1379ms (cache miss)
3193 http fetch GET 200 https://registry.npmjs.org/has-proto/-/has-proto-1.2.0.tgz 1378ms (cache miss)
3194 http fetch GET 200 https://registry.npmjs.org/is-callable/-/is-callable-1.2.7.tgz 1386ms (cache miss)
3195 http fetch GET 200 https://registry.npmjs.org/globalthis/-/globalthis-1.0.4.tgz 1385ms (cache miss)
3196 http fetch GET 200 https://registry.npmjs.org/get-proto/-/get-proto-1.0.1.tgz 1386ms (cache miss)
3197 http fetch GET 200 https://registry.npmjs.org/@babel/helper-module-transforms/-/helper-module-transforms-7.29.7.tgz 1391ms (cache miss)
3198 http fetch GET 200 https://registry.npmjs.org/es-set-tostringtag/-/es-set-tostringtag-2.1.0.tgz 1400ms (cache miss)
3199 http fetch GET 200 https://registry.npmjs.org/function.prototype.name/-/function.prototype.name-1.2.0.tgz 1402ms (cache miss)
3200 http fetch GET 200 https://registry.npmjs.org/es-to-primitive/-/es-to-primitive-1.3.4.tgz 1407ms (cache miss)
3201 http fetch GET 200 https://registry.npmjs.org/get-symbol-description/-/get-symbol-description-1.1.0.tgz 1408ms (cache miss)
3202 http fetch GET 200 https://registry.npmjs.org/data-view-byte-offset/-/data-view-byte-offset-1.0.1.tgz 1409ms (cache miss)
3203 http fetch GET 200 https://registry.npmjs.org/json5/-/json5-2.2.3.tgz 1417ms (cache miss)
3204 http fetch GET 200 https://registry.npmjs.org/data-view-buffer/-/data-view-buffer-1.0.2.tgz 1418ms (cache miss)
3205 http fetch GET 200 https://registry.npmjs.org/available-typed-arrays/-/available-typed-arrays-1.0.7.tgz 1423ms (cache miss)
3206 http fetch GET 200 https://registry.npmjs.org/arraybuffer.prototype.slice/-/arraybuffer.prototype.slice-1.0.4.tgz 1426ms (cache miss)
3207 http fetch GET 200 https://registry.npmjs.org/data-view-byte-length/-/data-view-byte-length-1.0.2.tgz 1429ms (cache miss)
3208 http fetch GET 200 https://registry.npmjs.org/object-keys/-/object-keys-1.1.1.tgz 1435ms (cache miss)
3209 http fetch GET 200 https://registry.npmjs.org/gopd/-/gopd-1.2.0.tgz 1435ms (cache miss)
3210 http fetch GET 200 https://registry.npmjs.org/define-data-property/-/define-data-property-1.1.4.tgz 1443ms (cache miss)
3211 http fetch GET 200 https://registry.npmjs.org/array-buffer-byte-length/-/array-buffer-byte-length-1.0.2.tgz 1446ms (cache miss)
3212 http fetch GET 200 https://registry.npmjs.org/set-function-length/-/set-function-length-1.2.2.tgz 1451ms (cache miss)
3213 http fetch GET 200 https://registry.npmjs.org/has-property-descriptors/-/has-property-descriptors-1.0.2.tgz 1451ms (cache miss)
3214 http fetch GET 200 https://registry.npmjs.org/es-shim-unscopables/-/es-shim-unscopables-1.1.0.tgz 1462ms (cache miss)
3215 http fetch GET 200 https://registry.npmjs.org/es-define-property/-/es-define-property-1.0.1.tgz 1469ms (cache miss)
3216 http fetch GET 200 https://registry.npmjs.org/function-bind/-/function-bind-1.1.2.tgz 1470ms (cache miss)
3217 http fetch GET 200 https://registry.npmjs.org/es-errors/-/es-errors-1.3.0.tgz 1473ms (cache miss)
3218 http fetch GET 200 https://registry.npmjs.org/is-string/-/is-string-1.1.1.tgz 1472ms (cache miss)
3219 http fetch GET 200 https://registry.npmjs.org/get-intrinsic/-/get-intrinsic-1.3.0.tgz 1477ms (cache miss)
3220 http fetch GET 200 https://registry.npmjs.org/es-object-atoms/-/es-object-atoms-1.1.2.tgz 1482ms (cache miss)
3221 http fetch GET 200 https://registry.npmjs.org/math-intrinsics/-/math-intrinsics-1.1.0.tgz 1486ms (cache miss)
3222 http fetch GET 200 https://registry.npmjs.org/call-bound/-/call-bound-1.0.4.tgz 1491ms (cache miss)
3223 http fetch GET 200 https://registry.npmjs.org/define-properties/-/define-properties-1.2.1.tgz 1497ms (cache miss)
3224 http fetch GET 200 https://registry.npmjs.org/call-bind/-/call-bind-1.0.9.tgz 1500ms (cache miss)
3225 http fetch GET 200 https://registry.npmjs.org/string.prototype.trimend/-/string.prototype.trimend-1.0.10.tgz 1512ms (cache miss)
3226 http fetch GET 200 https://registry.npmjs.org/call-bind-apply-helpers/-/call-bind-apply-helpers-1.0.2.tgz 1513ms (cache miss)
3227 http fetch GET 200 https://registry.npmjs.org/object.groupby/-/object.groupby-1.0.3.tgz 1512ms (cache miss)
3228 http fetch GET 200 https://registry.npmjs.org/semver/-/semver-6.3.1.tgz 1513ms (cache miss)
3229 http fetch GET 200 https://registry.npmjs.org/object.fromentries/-/object.fromentries-2.0.8.tgz 1521ms (cache miss)
3230 http fetch GET 200 https://registry.npmjs.org/zod-validation-error/-/zod-validation-error-4.0.2.tgz 1525ms (cache miss)
3231 http fetch GET 200 https://registry.npmjs.org/hasown/-/hasown-2.0.4.tgz 1534ms (cache miss)
3232 http fetch GET 200 https://registry.npmjs.org/eslint-module-utils/-/eslint-module-utils-2.14.0.tgz 1539ms (cache miss)
3233 http fetch GET 200 https://registry.npmjs.org/array.prototype.flatmap/-/array.prototype.flatmap-1.3.3.tgz 1543ms (cache miss)
3234 http fetch GET 200 https://registry.npmjs.org/tsconfig-paths/-/tsconfig-paths-3.15.0.tgz 1545ms (cache miss)
3235 http fetch GET 200 https://registry.npmjs.org/array.prototype.flat/-/array.prototype.flat-1.3.3.tgz 1547ms (cache miss)
3236 http fetch GET 200 https://registry.npmjs.org/array-includes/-/array-includes-3.1.9.tgz 1550ms (cache miss)
3237 http fetch GET 200 https://registry.npmjs.org/unrs-resolver/-/unrs-resolver-1.12.2.tgz 1565ms (cache miss)
3238 http fetch GET 200 https://registry.npmjs.org/@rtsao/scc/-/scc-1.1.0.tgz 1565ms (cache miss)
3239 http fetch GET 200 https://registry.npmjs.org/tinyglobby/-/tinyglobby-0.2.17.tgz 1566ms (cache miss)
3240 http fetch GET 200 https://registry.npmjs.org/stable-hash/-/stable-hash-0.0.5.tgz 1576ms (cache miss)
3241 http fetch GET 200 https://registry.npmjs.org/is-bun-module/-/is-bun-module-2.0.0.tgz 1585ms (cache miss)
3242 http fetch GET 200 https://registry.npmjs.org/doctrine/-/doctrine-2.1.0.tgz 1588ms (cache miss)
3243 http fetch GET 200 https://registry.npmjs.org/@nolyfill/is-core-module/-/is-core-module-1.0.39.tgz 1590ms (cache miss)
3244 http fetch GET 200 https://registry.npmjs.org/resolve/-/resolve-2.0.0-next.7.tgz 1673ms (cache miss)
3245 http fetch GET 200 https://registry.npmjs.org/eslint-import-resolver-typescript/-/eslint-import-resolver-typescript-3.10.1.tgz 1722ms (cache miss)
3246 http fetch GET 200 https://registry.npmjs.org/eslint-import-resolver-node/-/eslint-import-resolver-node-0.3.10.tgz 1734ms (cache miss)
3247 http fetch GET 200 https://registry.npmjs.org/shebang-command/-/shebang-command-2.0.0.tgz 1780ms (cache miss)
3248 http fetch GET 200 https://registry.npmjs.org/ms/-/ms-2.1.3.tgz 1844ms (cache miss)
3249 http fetch GET 200 https://registry.npmjs.org/eslint-plugin-react-hooks/-/eslint-plugin-react-hooks-7.1.1.tgz 1857ms (cache miss)
3250 http fetch GET 200 https://registry.npmjs.org/fast-glob/-/fast-glob-3.3.1.tgz 1868ms (cache miss)
3251 http fetch GET 200 https://registry.npmjs.org/which/-/which-2.0.2.tgz 1880ms (cache miss)
3252 http fetch GET 200 https://registry.npmjs.org/path-key/-/path-key-3.1.1.tgz 1888ms (cache miss)
3253 http fetch GET 200 https://registry.npmjs.org/color-name/-/color-name-1.1.4.tgz 1893ms (cache miss)
3254 http fetch GET 200 https://registry.npmjs.org/es-abstract/-/es-abstract-1.24.2.tgz 1906ms (cache miss)
3255 http fetch GET 200 https://registry.npmjs.org/array.prototype.findlastindex/-/array.prototype.findlastindex-1.2.6.tgz 1910ms (cache miss)
3256 http fetch GET 200 https://registry.npmjs.org/supports-color/-/supports-color-7.2.0.tgz 1924ms (cache miss)
3257 http fetch GET 200 https://registry.npmjs.org/get-tsconfig/-/get-tsconfig-4.14.1.tgz 1935ms (cache miss)
3258 http fetch GET 200 https://registry.npmjs.org/typescript-eslint/-/typescript-eslint-8.65.0.tgz 1949ms (cache miss)
3259 http fetch GET 200 https://registry.npmjs.org/@next/eslint-plugin-next/-/eslint-plugin-next-16.2.12.tgz 1952ms (cache miss)
3260 http fetch GET 200 https://registry.npmjs.org/json-schema-traverse/-/json-schema-traverse-0.4.1.tgz 1970ms (cache miss)
3261 http fetch GET 200 https://registry.npmjs.org/@humanfs/types/-/types-0.15.0.tgz 1983ms (cache miss)
3262 http fetch GET 200 https://registry.npmjs.org/uri-js/-/uri-js-4.4.1.tgz 1986ms (cache miss)
3263 http fetch GET 200 https://registry.npmjs.org/@img/sharp-libvips-darwin-arm64/-/sharp-libvips-darwin-arm64-1.2.4.tgz 2024ms (cache miss)
3264 http fetch GET 200 https://registry.npmjs.org/color-convert/-/color-convert-2.0.1.tgz 2005ms (cache miss)
3265 http fetch GET 200 https://registry.npmjs.org/fast-json-stable-stringify/-/fast-json-stable-stringify-2.1.0.tgz 2008ms (cache miss)
3266 http fetch GET 200 https://registry.npmjs.org/eslint-plugin-import/-/eslint-plugin-import-2.32.0.tgz 2010ms (cache miss)
3267 http fetch GET 200 https://registry.npmjs.org/eslint-plugin-jsx-a11y/-/eslint-plugin-jsx-a11y-6.10.2.tgz 2014ms (cache miss)
3268 http fetch GET 200 https://registry.npmjs.org/strip-json-comments/-/strip-json-comments-3.1.1.tgz 2016ms (cache miss)
3269 http fetch GET 200 https://registry.npmjs.org/ansi-styles/-/ansi-styles-4.3.0.tgz 2019ms (cache miss)
3270 http fetch GET 200 https://registry.npmjs.org/import-fresh/-/import-fresh-3.3.1.tgz 2020ms (cache miss)
3271 http fetch GET 200 https://registry.npmjs.org/globals/-/globals-14.0.0.tgz 2041ms (cache miss)
3272 http fetch GET 200 https://registry.npmjs.org/levn/-/levn-0.4.1.tgz 2053ms (cache miss)
3273 http fetch GET 200 https://registry.npmjs.org/natural-compare/-/natural-compare-1.4.0.tgz 2060ms (cache miss)
3274 http fetch GET 200 https://registry.npmjs.org/optionator/-/optionator-0.9.4.tgz 2063ms (cache miss)
3275 http fetch GET 200 https://registry.npmjs.org/json-stable-stringify-without-jsonify/-/json-stable-stringify-without-jsonify-1.0.1.tgz 2063ms (cache miss)
3276 http fetch GET 200 https://registry.npmjs.org/@eslint/object-schema/-/object-schema-2.1.7.tgz 2067ms (cache miss)
3277 http fetch GET 200 https://registry.npmjs.org/imurmurhash/-/imurmurhash-0.1.4.tgz 2082ms (cache miss)
3278 http fetch GET 200 https://registry.npmjs.org/@humanfs/core/-/core-0.19.2.tgz 2087ms (cache miss)
3279 http fetch GET 200 https://registry.npmjs.org/@babel/parser/-/parser-7.29.8.tgz 2106ms (cache miss)
3280 http fetch GET 200 https://registry.npmjs.org/find-up/-/find-up-5.0.0.tgz 2101ms (cache miss)
3281 http fetch GET 200 https://registry.npmjs.org/file-entry-cache/-/file-entry-cache-8.0.0.tgz 2111ms (cache miss)
3282 http fetch GET 200 https://registry.npmjs.org/glob-parent/-/glob-parent-6.0.2.tgz 2111ms (cache miss)
3283 http fetch GET 200 https://registry.npmjs.org/@types/json-schema/-/json-schema-7.0.15.tgz 2114ms (cache miss)
3284 http fetch GET 200 https://registry.npmjs.org/ignore/-/ignore-5.3.2.tgz 2114ms (cache miss)
3285 http fetch GET 200 https://registry.npmjs.org/fast-deep-equal/-/fast-deep-equal-3.1.3.tgz 2119ms (cache miss)
3286 http fetch GET 200 https://registry.npmjs.org/is-glob/-/is-glob-4.0.3.tgz 2137ms (cache miss)
3287 http fetch GET 200 https://registry.npmjs.org/eslint-visitor-keys/-/eslint-visitor-keys-4.2.1.tgz 2143ms (cache miss)
3288 http fetch GET 200 https://registry.npmjs.org/escape-string-regexp/-/escape-string-regexp-4.0.0.tgz 2154ms (cache miss)
3289 http fetch GET 200 https://registry.npmjs.org/cross-spawn/-/cross-spawn-7.0.6.tgz 2161ms (cache miss)
3290 http fetch GET 200 https://registry.npmjs.org/espree/-/espree-10.4.0.tgz 2162ms (cache miss)
3291 http fetch GET 200 https://registry.npmjs.org/minimatch/-/minimatch-3.1.5.tgz 2169ms (cache miss)
3292 http fetch GET 200 https://registry.npmjs.org/debug/-/debug-4.4.3.tgz 2170ms (cache miss)
3293 http fetch GET 200 https://registry.npmjs.org/eslint-plugin-react/-/eslint-plugin-react-7.37.5.tgz 2181ms (cache miss)
3294 http fetch GET 200 https://registry.npmjs.org/esutils/-/esutils-2.0.3.tgz 2181ms (cache miss)
3295 http fetch GET 200 https://registry.npmjs.org/@types/estree/-/estree-1.0.9.tgz 2187ms (cache miss)
3296 http fetch GET 200 https://registry.npmjs.org/lodash.merge/-/lodash.merge-4.6.2.tgz 2205ms (cache miss)
3297 http fetch GET 200 https://registry.npmjs.org/@humanwhocodes/retry/-/retry-0.4.3.tgz 2219ms (cache miss)
3298 http fetch GET 200 https://registry.npmjs.org/@humanwhocodes/module-importer/-/module-importer-1.0.1.tgz 2219ms (cache miss)
3299 http fetch GET 200 https://registry.npmjs.org/@eslint/js/-/js-9.39.5.tgz 2235ms (cache miss)
3300 http fetch GET 200 https://registry.npmjs.org/object.values/-/object.values-1.2.1.tgz 2248ms (cache miss)
3301 http fetch GET 200 https://registry.npmjs.org/@eslint/core/-/core-0.17.0.tgz 2249ms (cache miss)
3302 http fetch GET 200 https://registry.npmjs.org/js-yaml/-/js-yaml-4.3.1.tgz 2261ms (cache miss)
3303 http fetch GET 200 https://registry.npmjs.org/esquery/-/esquery-1.7.0.tgz 2279ms (cache miss)
3304 http fetch GET 200 https://registry.npmjs.org/chalk/-/chalk-4.1.2.tgz 2285ms (cache miss)
3305 http fetch GET 200 https://registry.npmjs.org/@eslint-community/regexpp/-/regexpp-4.12.2.tgz 2307ms (cache miss)
3306 http fetch GET 200 https://registry.npmjs.org/undici-types/-/undici-types-7.18.2.tgz 2314ms (cache miss)
3307 http fetch GET 200 https://registry.npmjs.org/ajv/-/ajv-6.15.0.tgz 2331ms (cache miss)
3308 http fetch GET 200 https://registry.npmjs.org/eslint-config-next/-/eslint-config-next-16.2.12.tgz 2341ms (cache miss)
3309 http fetch GET 200 https://registry.npmjs.org/@eslint/config-array/-/config-array-0.21.2.tgz 2363ms (cache miss)
3310 http fetch GET 200 https://registry.npmjs.org/@eslint/config-helpers/-/config-helpers-0.4.2.tgz 2364ms (cache miss)
3311 http fetch GET 200 https://registry.npmjs.org/@types/react-dom/-/react-dom-19.2.4.tgz 2385ms (cache miss)
3312 http fetch GET 200 https://registry.npmjs.org/@eslint-community/eslint-utils/-/eslint-utils-4.10.1.tgz 2434ms (cache miss)
3313 http fetch GET 200 https://registry.npmjs.org/@humanfs/node/-/node-0.16.8.tgz 2496ms (cache miss)
3314 http fetch GET 200 https://registry.npmjs.org/react/-/react-19.2.0.tgz 2499ms (cache miss)
3315 http fetch GET 200 https://registry.npmjs.org/balanced-match/-/balanced-match-4.0.4.tgz 2515ms (cache miss)
3316 http fetch GET 200 https://registry.npmjs.org/brace-expansion/-/brace-expansion-5.0.9.tgz 2594ms (cache miss)
3317 http fetch GET 200 https://registry.npmjs.org/@eslint/plugin-kit/-/plugin-kit-0.4.1.tgz 2717ms (cache miss)
3318 http fetch GET 200 https://registry.npmjs.org/semver/-/semver-7.8.5.tgz 2725ms (cache miss)
3319 http fetch GET 200 https://registry.npmjs.org/ignore/-/ignore-7.0.6.tgz 2840ms (cache miss)
3320 http fetch GET 200 https://registry.npmjs.org/debug/-/debug-3.2.7.tgz 2881ms (cache miss)
3321 http fetch GET 200 https://registry.npmjs.org/is-core-module/-/is-core-module-2.16.2.tgz 2894ms (cache miss)
3322 http fetch GET 200 https://registry.npmjs.org/picomatch/-/picomatch-4.0.5.tgz 2925ms (cache miss)
3323 http fetch GET 200 https://registry.npmjs.org/fdir/-/fdir-6.5.0.tgz 2989ms (cache miss)
3324 http fetch GET 200 https://registry.npmjs.org/eslint/-/eslint-9.39.5.tgz 3022ms (cache miss)
3325 http fetch GET 200 https://registry.npmjs.org/@types/react/-/react-19.2.18.tgz 3054ms (cache miss)
3326 http fetch GET 200 https://registry.npmjs.org/semver/-/semver-7.8.5.tgz 3111ms (cache miss)
3327 http fetch GET 200 https://registry.npmjs.org/debug/-/debug-3.2.7.tgz 3121ms (cache miss)
3328 http fetch GET 200 https://registry.npmjs.org/eslint-visitor-keys/-/eslint-visitor-keys-5.0.1.tgz 3130ms (cache miss)
3329 http fetch GET 200 https://registry.npmjs.org/debug/-/debug-3.2.7.tgz 3171ms (cache miss)
3330 http fetch GET 200 https://registry.npmjs.org/@types/node/-/node-24.13.3.tgz 3187ms (cache miss)
3331 http fetch GET 200 https://registry.npmjs.org/@eslint/eslintrc/-/eslintrc-3.3.6.tgz 3198ms (cache miss)
3332 http fetch GET 200 https://registry.npmjs.org/eslint-visitor-keys/-/eslint-visitor-keys-3.4.3.tgz 3197ms (cache miss)
3333 http fetch GET 200 https://registry.npmjs.org/globals/-/globals-16.4.0.tgz 3212ms (cache miss)
3334 http fetch GET 200 https://registry.npmjs.org/glob-parent/-/glob-parent-5.1.2.tgz 3231ms (cache miss)
3335 http fetch GET 200 https://registry.npmjs.org/minimatch/-/minimatch-10.2.6.tgz 3274ms (cache miss)
3336 http fetch GET 200 https://registry.npmjs.org/sharp 3070ms (cache miss)
3337 silly packumentCache corgi:https://registry.npmjs.org/sharp set size:undefined disposed:false
3338 http fetch GET 200 https://registry.npmjs.org/semver/-/semver-7.8.5.tgz 3349ms (cache miss)
3339 http fetch GET 200 https://registry.npmjs.org/csstype/-/csstype-3.2.3.tgz 3363ms (cache miss)
3340 http fetch GET 200 https://registry.npmjs.org/json5/-/json5-1.0.2.tgz 3466ms (cache miss)
3341 http fetch GET 200 https://registry.npmjs.org/react-dom/-/react-dom-19.2.0.tgz 3537ms (cache miss)
3342 http fetch GET 200 https://registry.npmjs.org/postcss 3422ms (cache miss)
3343 silly packumentCache corgi:https://registry.npmjs.org/postcss set size:undefined disposed:false
3344 silly packumentCache corgi:https://registry.npmjs.org/next cache-miss
3345 http fetch GET 200 https://registry.npmjs.org/typescript/-/typescript-5.9.3.tgz 4054ms (cache miss)
3346 http fetch GET 200 https://registry.npmjs.org/eslint-scope/-/eslint-scope-8.4.0.tgz 4355ms (cache miss)
3347 http fetch GET 200 https://registry.npmjs.org/next 2049ms (cache miss)
3348 silly packumentCache corgi:https://registry.npmjs.org/next set size:undefined disposed:false
3349 http fetch GET 200 https://registry.npmjs.org/next/-/next-16.2.12.tgz 9107ms (cache miss)
3350 http fetch GET 200 https://registry.npmjs.org/@next/swc-darwin-arm64/-/swc-darwin-arm64-16.2.12.tgz 9444ms (cache miss)
3351 info run sharp@0.34.5 install node_modules/sharp node install/check.js || npm run build
3352 info run sharp@0.34.5 install { code: 'EPERM', signal: undefined }
3353 verbose reify failed optional dependency /Users/saif/Desktop/BiosynAnalytical/node_modules/sharp
3354 silly reify mark deleted [ '/Users/saif/Desktop/BiosynAnalytical/node_modules/sharp' ]
3355 verbose reify failed optional dependency /Users/saif/Desktop/BiosynAnalytical/node_modules/sharp/node_modules/semver
3356 silly reify mark deleted [
3356 silly reify   '/Users/saif/Desktop/BiosynAnalytical/node_modules/sharp/node_modules/semver',
3356 silly reify   '/Users/saif/Desktop/BiosynAnalytical/node_modules/sharp/node_modules/.bin/semver'
3356 silly reify ]
3357 verbose reify failed optional dependency /Users/saif/Desktop/BiosynAnalytical/node_modules/@img/colour
3358 silly reify mark deleted [ '/Users/saif/Desktop/BiosynAnalytical/node_modules/@img/colour' ]
3359 verbose reify failed optional dependency /Users/saif/Desktop/BiosynAnalytical/node_modules/detect-libc
3360 silly reify mark deleted [ '/Users/saif/Desktop/BiosynAnalytical/node_modules/detect-libc' ]
3361 verbose reify failed optional dependency /Users/saif/Desktop/BiosynAnalytical/node_modules/@img/sharp-wasm32
3362 silly reify mark deleted [
3362 silly reify   '/Users/saif/Desktop/BiosynAnalytical/node_modules/@img/sharp-wasm32'
3362 silly reify ]
3363 verbose reify failed optional dependency /Users/saif/Desktop/BiosynAnalytical/node_modules/@img/sharp-linux-arm
3364 silly reify mark deleted [
3364 silly reify   '/Users/saif/Desktop/BiosynAnalytical/node_modules/@img/sharp-linux-arm'
3364 silly reify ]
3365 verbose reify failed optional dependency /Users/saif/Desktop/BiosynAnalytical/node_modules/@img/sharp-linux-x64
3366 silly reify mark deleted [
3366 silly reify   '/Users/saif/Desktop/BiosynAnalytical/node_modules/@img/sharp-linux-x64'
3366 silly reify ]
3367 verbose reify failed optional dependency /Users/saif/Desktop/BiosynAnalytical/node_modules/@img/sharp-win32-x64
3368 silly reify mark deleted [
3368 silly reify   '/Users/saif/Desktop/BiosynAnalytical/node_modules/@img/sharp-win32-x64'
3368 silly reify ]
3369 verbose reify failed optional dependency /Users/saif/Desktop/BiosynAnalytical/node_modules/@img/sharp-darwin-x64
3370 silly reify mark deleted [
3370 silly reify   '/Users/saif/Desktop/BiosynAnalytical/node_modules/@img/sharp-darwin-x64'
3370 silly reify ]
3371 verbose reify failed optional dependency /Users/saif/Desktop/BiosynAnalytical/node_modules/@img/sharp-win32-ia32
3372 silly reify mark deleted [
3372 silly reify   '/Users/saif/Desktop/BiosynAnalytical/node_modules/@img/sharp-win32-ia32'
3372 silly reify ]
3373 verbose reify failed optional dependency /Users/saif/Desktop/BiosynAnalytical/node_modules/@img/sharp-linux-arm64
3374 silly reify mark deleted [
3374 silly reify   '/Users/saif/Desktop/BiosynAnalytical/node_modules/@img/sharp-linux-arm64'
3374 silly reify ]
3375 verbose reify failed optional dependency /Users/saif/Desktop/BiosynAnalytical/node_modules/@img/sharp-linux-ppc64
3376 silly reify mark deleted [
3376 silly reify   '/Users/saif/Desktop/BiosynAnalytical/node_modules/@img/sharp-linux-ppc64'
3376 silly reify ]
3377 verbose reify failed optional dependency /Users/saif/Desktop/BiosynAnalytical/node_modules/@img/sharp-linux-s390x
3378 silly reify mark deleted [
3378 silly reify   '/Users/saif/Desktop/BiosynAnalytical/node_modules/@img/sharp-linux-s390x'
3378 silly reify ]
3379 verbose reify failed optional dependency /Users/saif/Desktop/BiosynAnalytical/node_modules/@img/sharp-win32-arm64
3380 silly reify mark deleted [
3380 silly reify   '/Users/saif/Desktop/BiosynAnalytical/node_modules/@img/sharp-win32-arm64'
3380 silly reify ]
3381 verbose reify failed optional dependency /Users/saif/Desktop/BiosynAnalytical/node_modules/@img/sharp-darwin-arm64
3382 silly reify mark deleted [
3382 silly reify   '/Users/saif/Desktop/BiosynAnalytical/node_modules/@img/sharp-darwin-arm64'
3382 silly reify ]
3383 verbose reify failed optional dependency /Users/saif/Desktop/BiosynAnalytical/node_modules/@img/sharp-linux-riscv64
3384 silly reify mark deleted [
3384 silly reify   '/Users/saif/Desktop/BiosynAnalytical/node_modules/@img/sharp-linux-riscv64'
3384 silly reify ]
3385 verbose reify failed optional dependency /Users/saif/Desktop/BiosynAnalytical/node_modules/@img/sharp-linuxmusl-x64
3386 silly reify mark deleted [
3386 silly reify   '/Users/saif/Desktop/BiosynAnalytical/node_modules/@img/sharp-linuxmusl-x64'
3386 silly reify ]
3387 verbose reify failed optional dependency /Users/saif/Desktop/BiosynAnalytical/node_modules/@img/sharp-linuxmusl-arm64
3388 silly reify mark deleted [
3388 silly reify   '/Users/saif/Desktop/BiosynAnalytical/node_modules/@img/sharp-linuxmusl-arm64'
3388 silly reify ]
3389 verbose reify failed optional dependency /Users/saif/Desktop/BiosynAnalytical/node_modules/@img/sharp-libvips-linux-arm
3390 silly reify mark deleted [
3390 silly reify   '/Users/saif/Desktop/BiosynAnalytical/node_modules/@img/sharp-libvips-linux-arm'
3390 silly reify ]
3391 verbose reify failed optional dependency /Users/saif/Desktop/BiosynAnalytical/node_modules/@img/sharp-libvips-linux-x64
3392 silly reify mark deleted [
3392 silly reify   '/Users/saif/Desktop/BiosynAnalytical/node_modules/@img/sharp-libvips-linux-x64'
3392 silly reify ]
3393 verbose reify failed optional dependency /Users/saif/Desktop/BiosynAnalytical/node_modules/@img/sharp-libvips-darwin-x64
3394 silly reify mark deleted [
3394 silly reify   '/Users/saif/Desktop/BiosynAnalytical/node_modules/@img/sharp-libvips-darwin-x64'
3394 silly reify ]
3395 verbose reify failed optional dependency /Users/saif/Desktop/BiosynAnalytical/node_modules/@img/sharp-libvips-linux-arm64
3396 silly reify mark deleted [
3396 silly reify   '/Users/saif/Desktop/BiosynAnalytical/node_modules/@img/sharp-libvips-linux-arm64'
3396 silly reify ]
3397 verbose reify failed optional dependency /Users/saif/Desktop/BiosynAnalytical/node_modules/@img/sharp-libvips-linux-ppc64
3398 silly reify mark deleted [
3398 silly reify   '/Users/saif/Desktop/BiosynAnalytical/node_modules/@img/sharp-libvips-linux-ppc64'
3398 silly reify ]
3399 verbose reify failed optional dependency /Users/saif/Desktop/BiosynAnalytical/node_modules/@img/sharp-libvips-linux-s390x
3400 silly reify mark deleted [
3400 silly reify   '/Users/saif/Desktop/BiosynAnalytical/node_modules/@img/sharp-libvips-linux-s390x'
3400 silly reify ]
3401 verbose reify failed optional dependency /Users/saif/Desktop/BiosynAnalytical/node_modules/@img/sharp-libvips-darwin-arm64
3402 silly reify mark deleted [
3402 silly reify   '/Users/saif/Desktop/BiosynAnalytical/node_modules/@img/sharp-libvips-darwin-arm64'
3402 silly reify ]
3403 verbose reify failed optional dependency /Users/saif/Desktop/BiosynAnalytical/node_modules/@img/sharp-libvips-linux-riscv64
3404 silly reify mark deleted [
3404 silly reify   '/Users/saif/Desktop/BiosynAnalytical/node_modules/@img/sharp-libvips-linux-riscv64'
3404 silly reify ]
3405 verbose reify failed optional dependency /Users/saif/Desktop/BiosynAnalytical/node_modules/@img/sharp-libvips-linuxmusl-x64
3406 silly reify mark deleted [
3406 silly reify   '/Users/saif/Desktop/BiosynAnalytical/node_modules/@img/sharp-libvips-linuxmusl-x64'
3406 silly reify ]
3407 verbose reify failed optional dependency /Users/saif/Desktop/BiosynAnalytical/node_modules/@img/sharp-libvips-linuxmusl-arm64
3408 silly reify mark deleted [
3408 silly reify   '/Users/saif/Desktop/BiosynAnalytical/node_modules/@img/sharp-libvips-linuxmusl-arm64'
3408 silly reify ]
3409 info run unrs-resolver@1.12.2 postinstall node_modules/unrs-resolver node postinstall.js
3410 info run unrs-resolver@1.12.2 postinstall { code: 'EPERM', signal: undefined }
3411 verbose stack Error: spawn EPERM
3411 verbose stack     at ChildProcess.spawn (node:internal/child_process:421:11)
3411 verbose stack     at spawn (node:child_process:796:9)
3411 verbose stack     at promiseSpawn (/usr/local/lib/node_modules/npm/node_modules/@npmcli/promise-spawn/lib/index.js:39:16)
3411 verbose stack     at spawnWithShell (/usr/local/lib/node_modules/npm/node_modules/@npmcli/promise-spawn/lib/index.js:124:10)
3411 verbose stack     at promiseSpawn (/usr/local/lib/node_modules/npm/node_modules/@npmcli/promise-spawn/lib/index.js:12:12)
3411 verbose stack     at runScriptPkg (/usr/local/lib/node_modules/npm/node_modules/@npmcli/run-script/lib/run-script-pkg.js:79:13)
3411 verbose stack     at runScript (/usr/local/lib/node_modules/npm/node_modules/@npmcli/run-script/lib/run-script.js:9:12)
3411 verbose stack     at /usr/local/lib/node_modules/npm/node_modules/@npmcli/arborist/lib/arborist/rebuild.js:332:17
3411 verbose stack     at run (/usr/local/lib/node_modules/npm/node_modules/promise-call-limit/dist/commonjs/index.js:67:22)
3411 verbose stack     at /usr/local/lib/node_modules/npm/node_modules/promise-call-limit/dist/commonjs/index.js:84:9
3412 error code EPERM
3413 error syscall spawn
3414 error errno -1
3415 error Error: spawn EPERM
3415 error     at ChildProcess.spawn (node:internal/child_process:421:11)
3415 error     at spawn (node:child_process:796:9)
3415 error     at promiseSpawn (/usr/local/lib/node_modules/npm/node_modules/@npmcli/promise-spawn/lib/index.js:39:16)
3415 error     at spawnWithShell (/usr/local/lib/node_modules/npm/node_modules/@npmcli/promise-spawn/lib/index.js:124:10)
3415 error     at promiseSpawn (/usr/local/lib/node_modules/npm/node_modules/@npmcli/promise-spawn/lib/index.js:12:12)
3415 error     at runScriptPkg (/usr/local/lib/node_modules/npm/node_modules/@npmcli/run-script/lib/run-script-pkg.js:79:13)
3415 error     at runScript (/usr/local/lib/node_modules/npm/node_modules/@npmcli/run-script/lib/run-script.js:9:12)
3415 error     at /usr/local/lib/node_modules/npm/node_modules/@npmcli/arborist/lib/arborist/rebuild.js:332:17
3415 error     at run (/usr/local/lib/node_modules/npm/node_modules/promise-call-limit/dist/commonjs/index.js:67:22)
3415 error     at /usr/local/lib/node_modules/npm/node_modules/promise-call-limit/dist/commonjs/index.js:84:9 {
3415 error   errno: -1,
3415 error   code: 'EPERM',
3415 error   syscall: 'spawn'
3415 error }
3416 error
3416 error The operation was rejected by your operating system.
3416 error It is likely you do not have the permissions to access this file as the current user
3416 error
3416 error If you believe this might be a permissions issue, please double-check the
3416 error permissions of the file and its containing directories, or try running
3416 error the command again as root/Administrator.
3417 silly unfinished npm timer reify 1785735268597
3418 silly unfinished npm timer reify:build 1785735294043
3419 silly unfinished npm timer build 1785735294043
3420 silly unfinished npm timer build:deps 1785735294043
3421 silly unfinished npm timer build:run:postinstall 1785735294053
3422 silly unfinished npm timer build:run:postinstall:node_modules/unrs-resolver 1785735294053
3423 verbose cwd /Users/saif/Desktop/BiosynAnalytical
3424 verbose os Darwin 25.5.0
3425 verbose node v24.13.0
3426 verbose npm  v11.6.2
3427 notice
3427 notice New [33mminor[39m version of npm available! [33m11.6.2[39m -> [34m11.19.0[39m
3427 notice Changelog: [34mhttps://github.com/npm/cli/releases/tag/v11.19.0[39m
3427 notice To update run: [4mnpm install -g npm@11.19.0[24m
3427 notice  { force: true, Symbol(proc-log.meta): true }
3428 verbose exit -1
3429 verbose code -1
3430 error A complete log of this run can be found in: /Users/saif/Desktop/BiosynAnalytical/.npm-cache/_logs/2026-08-03T05_34_28_334Z-debug-0.log
