0 verbose cli /usr/local/bin/node /usr/local/bin/npm
1 info using npm@11.6.2
2 info using node@v24.13.0
3 silly config load:file:/usr/local/lib/node_modules/npm/npmrc
4 silly config load:file:/Users/saif/Desktop/BiosynAnalytical/.npmrc
5 silly config load:file:/Users/saif/.npmrc
6 verbose config error loading user config Error: EPERM: operation not permitted, open '/Users/saif/.npmrc'
6 verbose config     at async open (node:internal/fs/promises:637:25)
6 verbose config     at async readFile (node:internal/fs/promises:1269:14)
6 verbose config     at async #loadFile (/usr/local/lib/node_modules/npm/node_modules/@npmcli/config/lib/index.js:635:5)
6 verbose config     at async Config.load (/usr/local/lib/node_modules/npm/node_modules/@npmcli/config/lib/index.js:259:5)
6 verbose config     at async #load (/usr/local/lib/node_modules/npm/lib/npm.js:99:5)
6 verbose config     at async Npm.load (/usr/local/lib/node_modules/npm/lib/npm.js:81:14)
6 verbose config     at async module.exports (/usr/local/lib/node_modules/npm/lib/cli/entry.js:35:37) {
6 verbose config   errno: -1,
6 verbose config   code: 'EPERM',
6 verbose config   syscall: 'open',
6 verbose config   path: '/Users/saif/.npmrc'
6 verbose config }
7 silly config load:file:/usr/local/etc/npmrc
8 verbose title npm install
9 verbose argv "install" "--ignore-scripts"
10 verbose logfile logs-max:10 dir:/Users/saif/Desktop/BiosynAnalytical/.npm-cache/_logs/2026-08-03T05_35_03_495Z-
11 verbose logfile /Users/saif/Desktop/BiosynAnalytical/.npm-cache/_logs/2026-08-03T05_35_03_495Z-debug-0.log
12 silly logfile done cleaning log files
13 silly packumentCache heap:4496293888 maxSize:1124073472 maxEntrySize:562036736
14 silly idealTree buildDeps
15 silly fetch manifest next@16.2.12
16 silly packumentCache full:https://registry.npmjs.org/next cache-miss
17 http cache https://registry.npmjs.org/next 31ms (cache hit)
18 silly packumentCache full:https://registry.npmjs.org/next set size:31026660 disposed:false
19 silly fetch manifest @opentelemetry/api@^1.1.0
20 silly packumentCache full:https://registry.npmjs.org/@opentelemetry%2fapi cache-miss
21 http cache https://registry.npmjs.org/@opentelemetry%2fapi 11ms (cache hit)
22 silly packumentCache full:https://registry.npmjs.org/@opentelemetry%2fapi set size:272967 disposed:false
23 silly fetch manifest @playwright/test@^1.51.1
24 silly packumentCache full:https://registry.npmjs.org/@playwright%2ftest cache-miss
25 http cache https://registry.npmjs.org/@playwright%2ftest 10ms (cache hit)
26 silly packumentCache full:https://registry.npmjs.org/@playwright%2ftest set size:9382987 disposed:false
27 silly fetch manifest babel-plugin-react-compiler@*
28 silly packumentCache full:https://registry.npmjs.org/babel-plugin-react-compiler cache-miss
29 http cache https://registry.npmjs.org/babel-plugin-react-compiler 3ms (cache hit)
30 silly packumentCache full:https://registry.npmjs.org/babel-plugin-react-compiler set size:1356999 disposed:false
31 silly fetch manifest react@19.2.0
32 silly packumentCache full:https://registry.npmjs.org/react cache-miss
33 http cache https://registry.npmjs.org/react 7ms (cache hit)
34 silly packumentCache full:https://registry.npmjs.org/react set size:6859098 disposed:false
35 silly fetch manifest react-dom@19.2.0
36 silly packumentCache full:https://registry.npmjs.org/react-dom cache-miss
37 http cache https://registry.npmjs.org/react-dom 9ms (cache hit)
38 silly packumentCache full:https://registry.npmjs.org/react-dom set size:9206376 disposed:false
39 silly fetch manifest sass@^1.3.0
40 silly packumentCache full:https://registry.npmjs.org/sass cache-miss
41 http cache https://registry.npmjs.org/sass 2ms (cache hit)
42 silly packumentCache full:https://registry.npmjs.org/sass set size:743214 disposed:false
43 silly fetch manifest @types/node@^24.0.0
44 silly packumentCache full:https://registry.npmjs.org/@types%2fnode cache-miss
45 http cache https://registry.npmjs.org/@types%2fnode 10ms (cache hit)
46 silly packumentCache full:https://registry.npmjs.org/@types%2fnode set size:11084776 disposed:false
47 silly fetch manifest @types/react@^19.0.0
48 silly packumentCache full:https://registry.npmjs.org/@types%2freact cache-miss
49 http cache https://registry.npmjs.org/@types%2freact 8ms (cache hit)
50 silly packumentCache full:https://registry.npmjs.org/@types%2freact set size:2637439 disposed:false
51 silly fetch manifest @types/react-dom@^19.0.0
52 silly packumentCache full:https://registry.npmjs.org/@types%2freact-dom cache-miss
53 http cache https://registry.npmjs.org/@types%2freact-dom 2ms (cache hit)
54 silly packumentCache full:https://registry.npmjs.org/@types%2freact-dom set size:432855 disposed:false
55 silly fetch manifest eslint@^9.0.0
56 silly packumentCache full:https://registry.npmjs.org/eslint cache-miss
57 http cache https://registry.npmjs.org/eslint 3ms (cache hit)
58 silly packumentCache full:https://registry.npmjs.org/eslint set size:2040662 disposed:false
59 silly fetch manifest jiti@*
60 silly packumentCache full:https://registry.npmjs.org/jiti cache-miss
61 http cache https://registry.npmjs.org/jiti 2ms (cache hit)
62 silly packumentCache full:https://registry.npmjs.org/jiti set size:387989 disposed:false
63 silly fetch manifest eslint-config-next@16.2.12
64 silly packumentCache full:https://registry.npmjs.org/eslint-config-next cache-miss
65 http cache https://registry.npmjs.org/eslint-config-next 7ms (cache hit)
66 silly packumentCache full:https://registry.npmjs.org/eslint-config-next set size:6991846 disposed:false
67 silly fetch manifest typescript@^5.8.0
68 silly packumentCache full:https://registry.npmjs.org/typescript cache-miss
69 http cache https://registry.npmjs.org/typescript 14ms (cache hit)
70 silly packumentCache full:https://registry.npmjs.org/typescript set size:15505578 disposed:false
71 silly placeDep ROOT @types/node@24.13.3 OK for: biosyn-analytical@0.1.0 want: ^24.0.0
72 silly placeDep ROOT @types/react@19.2.18 OK for: biosyn-analytical@0.1.0 want: ^19.0.0
73 silly placeDep ROOT @types/react-dom@19.2.4 OK for: biosyn-analytical@0.1.0 want: ^19.0.0
74 silly placeDep ROOT eslint@9.39.5 OK for: biosyn-analytical@0.1.0 want: ^9.0.0
75 silly placeDep ROOT eslint-config-next@16.2.12 OK for: biosyn-analytical@0.1.0 want: 16.2.12
76 silly placeDep ROOT next@16.2.12 OK for: biosyn-analytical@0.1.0 want: 16.2.12
77 silly placeDep ROOT react@19.2.0 OK for: next@16.2.12 want: ^18.2.0 || 19.0.0-rc-de68d2f4-20241204 || ^19.0.0
78 silly placeDep ROOT react-dom@19.2.0 OK for: next@16.2.12 want: ^18.2.0 || 19.0.0-rc-de68d2f4-20241204 || ^19.0.0
79 silly placeDep ROOT typescript@5.9.3 OK for: biosyn-analytical@0.1.0 want: ^5.8.0
80 silly fetch manifest undici-types@~7.18.0
81 silly packumentCache full:https://registry.npmjs.org/undici-types cache-miss
82 silly fetch manifest csstype@^3.2.2
83 silly packumentCache full:https://registry.npmjs.org/csstype cache-miss
84 silly fetch manifest ajv@^6.14.0
85 silly packumentCache full:https://registry.npmjs.org/ajv cache-miss
86 silly fetch manifest chalk@^4.0.0
87 silly packumentCache full:https://registry.npmjs.org/chalk cache-miss
88 silly fetch manifest debug@^4.3.2
89 silly packumentCache full:https://registry.npmjs.org/debug cache-miss
90 silly fetch manifest espree@^10.4.0
91 silly packumentCache full:https://registry.npmjs.org/espree cache-miss
92 silly fetch manifest ignore@^5.2.0
93 silly packumentCache full:https://registry.npmjs.org/ignore cache-miss
94 silly fetch manifest esquery@^1.5.0
95 silly packumentCache full:https://registry.npmjs.org/esquery cache-miss
96 silly fetch manifest esutils@^2.0.2
97 silly packumentCache full:https://registry.npmjs.org/esutils cache-miss
98 http cache https://registry.npmjs.org/undici-types 3ms (cache hit)
99 silly packumentCache full:https://registry.npmjs.org/undici-types set size:247750 disposed:false
100 silly fetch manifest find-up@^5.0.0
101 silly packumentCache full:https://registry.npmjs.org/find-up cache-miss
102 http cache https://registry.npmjs.org/csstype 4ms (cache hit)
103 silly packumentCache full:https://registry.npmjs.org/csstype set size:274189 disposed:false
104 silly fetch manifest is-glob@^4.0.0
105 silly packumentCache full:https://registry.npmjs.org/is-glob cache-miss
106 http cache https://registry.npmjs.org/chalk 6ms (cache hit)
107 silly packumentCache full:https://registry.npmjs.org/chalk set size:134775 disposed:false
108 silly fetch manifest minimatch@^3.1.5
109 silly packumentCache full:https://registry.npmjs.org/minimatch cache-miss
110 http cache https://registry.npmjs.org/debug 7ms (cache hit)
111 silly packumentCache full:https://registry.npmjs.org/debug set size:195840 disposed:false
112 silly fetch manifest @eslint/js@9.39.5
113 silly packumentCache full:https://registry.npmjs.org/@eslint%2fjs cache-miss
114 http cache https://registry.npmjs.org/ajv 8ms (cache hit)
115 silly packumentCache full:https://registry.npmjs.org/ajv set size:1142658 disposed:false
116 silly fetch manifest optionator@^0.9.3
117 silly packumentCache full:https://registry.npmjs.org/optionator cache-miss
118 http cache https://registry.npmjs.org/espree 12ms (cache hit)
119 silly packumentCache full:https://registry.npmjs.org/espree set size:326080 disposed:false
120 silly fetch manifest cross-spawn@^7.0.6
121 silly packumentCache full:https://registry.npmjs.org/cross-spawn cache-miss
122 http cache https://registry.npmjs.org/ignore 14ms (cache hit)
123 silly packumentCache full:https://registry.npmjs.org/ignore set size:240910 disposed:false
124 silly fetch manifest glob-parent@^6.0.2
125 silly packumentCache full:https://registry.npmjs.org/glob-parent cache-miss
126 http cache https://registry.npmjs.org/esquery 14ms (cache hit)
127 silly packumentCache full:https://registry.npmjs.org/esquery set size:48888 disposed:false
128 silly fetch manifest imurmurhash@^0.1.4
129 silly packumentCache full:https://registry.npmjs.org/imurmurhash cache-miss
130 http cache https://registry.npmjs.org/esutils 15ms (cache hit)
131 silly packumentCache full:https://registry.npmjs.org/esutils set size:29522 disposed:false
132 silly fetch manifest @eslint/core@^0.17.0
133 silly packumentCache full:https://registry.npmjs.org/@eslint%2fcore cache-miss
134 http cache https://registry.npmjs.org/optionator 6ms (cache hit)
135 silly packumentCache full:https://registry.npmjs.org/optionator set size:49651 disposed:false
136 silly fetch manifest eslint-scope@^8.4.0
137 silly packumentCache full:https://registry.npmjs.org/eslint-scope cache-miss
138 http cache https://registry.npmjs.org/cross-spawn 4ms (cache hit)
139 silly packumentCache full:https://registry.npmjs.org/cross-spawn set size:109066 disposed:false
140 silly fetch manifest lodash.merge@^4.6.2
141 silly packumentCache full:https://registry.npmjs.org/lodash.merge cache-miss
142 http cache https://registry.npmjs.org/is-glob 13ms (cache hit)
143 silly packumentCache full:https://registry.npmjs.org/is-glob set size:40530 disposed:false
144 silly fetch manifest @humanfs/node@^0.16.6
145 silly packumentCache full:https://registry.npmjs.org/@humanfs%2fnode cache-miss
146 http cache https://registry.npmjs.org/find-up 14ms (cache hit)
147 silly packumentCache full:https://registry.npmjs.org/find-up set size:42620 disposed:false
148 silly fetch manifest @types/estree@^1.0.6
149 silly packumentCache full:https://registry.npmjs.org/@types%2festree cache-miss
150 http cache https://registry.npmjs.org/@eslint%2fjs 12ms (cache hit)
151 silly packumentCache full:https://registry.npmjs.org/@eslint%2fjs set size:141633 disposed:false
152 silly fetch manifest fast-deep-equal@^3.1.3
153 silly packumentCache full:https://registry.npmjs.org/fast-deep-equal cache-miss
154 http cache https://registry.npmjs.org/glob-parent 6ms (cache hit)
155 silly packumentCache full:https://registry.npmjs.org/glob-parent set size:42445 disposed:false
156 silly fetch manifest natural-compare@^1.4.0
157 silly packumentCache full:https://registry.npmjs.org/natural-compare cache-miss
158 http cache https://registry.npmjs.org/imurmurhash 5ms (cache hit)
159 silly packumentCache full:https://registry.npmjs.org/imurmurhash set size:35819 disposed:false
160 silly fetch manifest @eslint/eslintrc@^3.3.6
161 silly packumentCache full:https://registry.npmjs.org/@eslint%2feslintrc cache-miss
162 http cache https://registry.npmjs.org/minimatch 14ms (cache hit)
163 silly packumentCache full:https://registry.npmjs.org/minimatch set size:377924 disposed:false
164 silly fetch manifest file-entry-cache@^8.0.0
165 silly packumentCache full:https://registry.npmjs.org/file-entry-cache cache-miss
166 http cache https://registry.npmjs.org/@eslint%2fcore 7ms (cache hit)
167 silly packumentCache full:https://registry.npmjs.org/@eslint%2fcore set size:58023 disposed:false
168 silly fetch manifest @eslint/plugin-kit@^0.4.1
169 silly packumentCache full:https://registry.npmjs.org/@eslint%2fplugin-kit cache-miss
170 http cache https://registry.npmjs.org/eslint-scope 7ms (cache hit)
171 silly packumentCache full:https://registry.npmjs.org/eslint-scope set size:98867 disposed:false
172 silly fetch manifest eslint-visitor-keys@^4.2.1
173 silly packumentCache full:https://registry.npmjs.org/eslint-visitor-keys cache-miss
174 http cache https://registry.npmjs.org/natural-compare 4ms (cache hit)
175 silly packumentCache full:https://registry.npmjs.org/natural-compare set size:7852 disposed:false
176 silly fetch manifest @eslint/config-array@^0.21.2
177 silly packumentCache full:https://registry.npmjs.org/@eslint%2fconfig-array cache-miss
178 http cache https://registry.npmjs.org/@humanfs%2fnode 6ms (cache hit)
179 silly packumentCache full:https://registry.npmjs.org/@humanfs%2fnode set size:39629 disposed:false
180 silly fetch manifest @humanwhocodes/retry@^0.4.2
181 silly packumentCache full:https://registry.npmjs.org/@humanwhocodes%2fretry cache-miss
182 http cache https://registry.npmjs.org/lodash.merge 7ms (cache hit)
183 silly packumentCache full:https://registry.npmjs.org/lodash.merge set size:78575 disposed:false
184 silly fetch manifest escape-string-regexp@^4.0.0
185 silly packumentCache full:https://registry.npmjs.org/escape-string-regexp cache-miss
186 http cache https://registry.npmjs.org/fast-deep-equal 6ms (cache hit)
187 silly packumentCache full:https://registry.npmjs.org/fast-deep-equal set size:48634 disposed:false
188 silly fetch manifest @eslint/config-helpers@^0.4.2
189 silly packumentCache full:https://registry.npmjs.org/@eslint%2fconfig-helpers cache-miss
190 http cache https://registry.npmjs.org/@types%2festree 7ms (cache hit)
191 silly packumentCache full:https://registry.npmjs.org/@types%2festree set size:76072 disposed:false
192 silly fetch manifest @eslint-community/regexpp@^4.12.1
193 silly packumentCache full:https://registry.npmjs.org/@eslint-community%2fregexpp cache-miss
194 http cache https://registry.npmjs.org/@eslint%2feslintrc 6ms (cache hit)
195 silly packumentCache full:https://registry.npmjs.org/@eslint%2feslintrc set size:171352 disposed:false
196 silly fetch manifest @eslint-community/eslint-utils@^4.8.0
197 silly packumentCache full:https://registry.npmjs.org/@eslint-community%2feslint-utils cache-miss
198 http cache https://registry.npmjs.org/@eslint%2fplugin-kit 5ms (cache hit)
199 silly packumentCache full:https://registry.npmjs.org/@eslint%2fplugin-kit set size:76057 disposed:false
200 silly fetch manifest @humanwhocodes/module-importer@^1.0.1
201 silly packumentCache full:https://registry.npmjs.org/@humanwhocodes%2fmodule-importer cache-miss
202 http cache https://registry.npmjs.org/file-entry-cache 5ms (cache hit)
203 silly packumentCache full:https://registry.npmjs.org/file-entry-cache set size:127645 disposed:false
204 silly fetch manifest json-stable-stringify-without-jsonify@^1.0.1
205 silly packumentCache full:https://registry.npmjs.org/json-stable-stringify-without-jsonify cache-miss
206 http cache https://registry.npmjs.org/@humanwhocodes%2fretry 4ms (cache hit)
207 silly packumentCache full:https://registry.npmjs.org/@humanwhocodes%2fretry set size:42348 disposed:false
208 silly fetch manifest globals@16.4.0
209 silly packumentCache full:https://registry.npmjs.org/globals cache-miss
210 http cache https://registry.npmjs.org/escape-string-regexp 5ms (cache hit)
211 silly packumentCache full:https://registry.npmjs.org/escape-string-regexp set size:22244 disposed:false
212 silly fetch manifest typescript-eslint@^8.46.0
213 silly packumentCache full:https://registry.npmjs.org/typescript-eslint cache-miss
214 http cache https://registry.npmjs.org/@eslint%2fconfig-helpers 4ms (cache hit)
215 silly packumentCache full:https://registry.npmjs.org/@eslint%2fconfig-helpers set size:55216 disposed:false
216 silly fetch manifest eslint-plugin-react@^7.37.0
217 silly packumentCache full:https://registry.npmjs.org/eslint-plugin-react cache-miss
218 http cache https://registry.npmjs.org/eslint-visitor-keys 6ms (cache hit)
219 silly packumentCache full:https://registry.npmjs.org/eslint-visitor-keys set size:69949 disposed:false
220 silly fetch manifest eslint-plugin-import@^2.32.0
221 silly packumentCache full:https://registry.npmjs.org/eslint-plugin-import cache-miss
222 http cache https://registry.npmjs.org/@eslint%2fconfig-array 7ms (cache hit)
223 silly packumentCache full:https://registry.npmjs.org/@eslint%2fconfig-array set size:74140 disposed:false
224 silly fetch manifest eslint-plugin-jsx-a11y@^6.10.0
225 silly packumentCache full:https://registry.npmjs.org/eslint-plugin-jsx-a11y cache-miss
226 http cache https://registry.npmjs.org/@eslint-community%2feslint-utils 4ms (cache hit)
227 silly packumentCache full:https://registry.npmjs.org/@eslint-community%2feslint-utils set size:108339 disposed:false
228 silly fetch manifest @next/eslint-plugin-next@16.2.12
229 silly packumentCache full:https://registry.npmjs.org/@next%2feslint-plugin-next cache-miss
230 http cache https://registry.npmjs.org/@humanwhocodes%2fmodule-importer 5ms (cache hit)
231 silly packumentCache full:https://registry.npmjs.org/@humanwhocodes%2fmodule-importer set size:9516 disposed:false
232 silly fetch manifest eslint-plugin-react-hooks@^7.0.0
233 silly packumentCache full:https://registry.npmjs.org/eslint-plugin-react-hooks cache-miss
234 http cache https://registry.npmjs.org/json-stable-stringify-without-jsonify 5ms (cache hit)
235 silly packumentCache full:https://registry.npmjs.org/json-stable-stringify-without-jsonify set size:5808 disposed:false
236 silly fetch manifest eslint-import-resolver-node@^0.3.6
237 silly packumentCache full:https://registry.npmjs.org/eslint-import-resolver-node cache-miss
238 http cache https://registry.npmjs.org/@eslint-community%2fregexpp 7ms (cache hit)
239 silly packumentCache full:https://registry.npmjs.org/@eslint-community%2fregexpp set size:106609 disposed:false
240 silly fetch manifest eslint-import-resolver-typescript@^3.5.2
241 silly packumentCache full:https://registry.npmjs.org/eslint-import-resolver-typescript cache-miss
242 http cache https://registry.npmjs.org/typescript-eslint 9ms (cache hit)
243 silly packumentCache full:https://registry.npmjs.org/typescript-eslint set size:4411573 disposed:false
244 silly fetch manifest postcss@8.4.31
245 silly packumentCache full:https://registry.npmjs.org/postcss cache-miss
246 http cache https://registry.npmjs.org/eslint-plugin-react 17ms (cache hit)
247 silly packumentCache full:https://registry.npmjs.org/eslint-plugin-react set size:646827 disposed:false
248 silly fetch manifest @next/env@16.2.12
249 silly packumentCache full:https://registry.npmjs.org/@next%2fenv cache-miss
250 http cache https://registry.npmjs.org/eslint-plugin-import 18ms (cache hit)
251 silly packumentCache full:https://registry.npmjs.org/eslint-plugin-import set size:484928 disposed:false
252 silly fetch manifest styled-jsx@5.1.6
253 silly packumentCache full:https://registry.npmjs.org/styled-jsx cache-miss
254 http cache https://registry.npmjs.org/globals 21ms (cache hit)
255 silly packumentCache full:https://registry.npmjs.org/globals set size:327383 disposed:false
256 silly fetch manifest @swc/helpers@0.5.15
257 silly packumentCache full:https://registry.npmjs.org/@swc%2fhelpers cache-miss
258 http cache https://registry.npmjs.org/eslint-plugin-jsx-a11y 21ms (cache hit)
259 silly packumentCache full:https://registry.npmjs.org/eslint-plugin-jsx-a11y set size:280052 disposed:false
260 silly fetch manifest caniuse-lite@^1.0.30001579
261 silly packumentCache full:https://registry.npmjs.org/caniuse-lite cache-miss
262 http cache https://registry.npmjs.org/@next%2feslint-plugin-next 25ms (cache hit)
263 silly packumentCache full:https://registry.npmjs.org/@next%2feslint-plugin-next set size:7012251 disposed:false
264 silly fetch manifest baseline-browser-mapping@^2.9.19
265 silly packumentCache full:https://registry.npmjs.org/baseline-browser-mapping cache-miss
266 http cache https://registry.npmjs.org/eslint-plugin-react-hooks 42ms (cache hit)
267 silly packumentCache full:https://registry.npmjs.org/eslint-plugin-react-hooks set size:7641372 disposed:false
268 silly fetch manifest sharp@^0.34.5
269 silly packumentCache full:https://registry.npmjs.org/sharp cache-miss
270 http cache https://registry.npmjs.org/eslint-import-resolver-node 61ms (cache hit)
271 silly packumentCache full:https://registry.npmjs.org/eslint-import-resolver-node set size:39118 disposed:false
272 silly fetch manifest @next/swc-darwin-x64@16.2.12
273 silly packumentCache full:https://registry.npmjs.org/@next%2fswc-darwin-x64 cache-miss
274 http cache https://registry.npmjs.org/eslint-import-resolver-typescript 61ms (cache hit)
275 silly packumentCache full:https://registry.npmjs.org/eslint-import-resolver-typescript set size:337167 disposed:false
276 silly fetch manifest @next/swc-darwin-arm64@16.2.12
277 silly packumentCache full:https://registry.npmjs.org/@next%2fswc-darwin-arm64 cache-miss
278 http cache https://registry.npmjs.org/baseline-browser-mapping 31ms (cache hit)
279 silly packumentCache full:https://registry.npmjs.org/baseline-browser-mapping set size:584948 disposed:false
280 silly fetch manifest @next/swc-linux-x64-gnu@16.2.12
281 silly packumentCache full:https://registry.npmjs.org/@next%2fswc-linux-x64-gnu cache-miss
282 http cache https://registry.npmjs.org/postcss 54ms (cache hit)
283 silly packumentCache full:https://registry.npmjs.org/postcss set size:756623 disposed:false
284 silly fetch manifest @next/swc-linux-x64-musl@16.2.12
285 silly packumentCache full:https://registry.npmjs.org/@next%2fswc-linux-x64-musl cache-miss
286 http cache https://registry.npmjs.org/@next%2fenv 58ms (cache hit)
287 silly packumentCache full:https://registry.npmjs.org/@next%2fenv set size:7503089 disposed:false
288 silly fetch manifest @next/swc-win32-x64-msvc@16.2.12
289 silly packumentCache full:https://registry.npmjs.org/@next%2fswc-win32-x64-msvc cache-miss
290 http cache https://registry.npmjs.org/caniuse-lite 67ms (cache hit)
291 silly packumentCache full:https://registry.npmjs.org/caniuse-lite set size:2306880 disposed:false
292 silly fetch manifest @next/swc-linux-arm64-gnu@16.2.12
293 silly packumentCache full:https://registry.npmjs.org/@next%2fswc-linux-arm64-gnu cache-miss
294 http cache https://registry.npmjs.org/@swc%2fhelpers 72ms (cache hit)
295 silly packumentCache full:https://registry.npmjs.org/@swc%2fhelpers set size:775458 disposed:false
296 silly fetch manifest @next/swc-linux-arm64-musl@16.2.12
297 silly packumentCache full:https://registry.npmjs.org/@next%2fswc-linux-arm64-musl cache-miss
298 http cache https://registry.npmjs.org/styled-jsx 76ms (cache hit)
299 silly packumentCache full:https://registry.npmjs.org/styled-jsx set size:436113 disposed:false
300 silly fetch manifest @next/swc-win32-arm64-msvc@16.2.12
301 silly packumentCache full:https://registry.npmjs.org/@next%2fswc-win32-arm64-msvc cache-miss
302 http cache https://registry.npmjs.org/sharp 41ms (cache hit)
303 silly packumentCache full:https://registry.npmjs.org/sharp set size:1201295 disposed:false
304 silly fetch manifest scheduler@^0.27.0
305 silly packumentCache full:https://registry.npmjs.org/scheduler cache-miss
306 http cache https://registry.npmjs.org/@next%2fswc-darwin-x64 44ms (cache hit)
307 silly packumentCache full:https://registry.npmjs.org/@next%2fswc-darwin-x64 set size:5411357 disposed:false
308 http cache https://registry.npmjs.org/@next%2fswc-darwin-arm64 58ms (cache hit)
309 silly packumentCache full:https://registry.npmjs.org/@next%2fswc-darwin-arm64 set size:5470372 disposed:false
310 http cache https://registry.npmjs.org/@next%2fswc-linux-x64-gnu 68ms (cache hit)
311 silly packumentCache full:https://registry.npmjs.org/@next%2fswc-linux-x64-gnu set size:5522367 disposed:false
312 http cache https://registry.npmjs.org/@next%2fswc-win32-x64-msvc 66ms (cache hit)
313 silly packumentCache full:https://registry.npmjs.org/@next%2fswc-win32-x64-msvc set size:5493425 disposed:false
314 http cache https://registry.npmjs.org/@next%2fswc-linux-x64-musl 102ms (cache hit)
315 silly packumentCache full:https://registry.npmjs.org/@next%2fswc-linux-x64-musl set size:5278086 disposed:false
316 http cache https://registry.npmjs.org/@next%2fswc-linux-arm64-gnu 92ms (cache hit)
317 silly packumentCache full:https://registry.npmjs.org/@next%2fswc-linux-arm64-gnu set size:5326578 disposed:false
318 http cache https://registry.npmjs.org/@next%2fswc-linux-arm64-musl 101ms (cache hit)
319 silly packumentCache full:https://registry.npmjs.org/@next%2fswc-linux-arm64-musl set size:5345546 disposed:false
320 http cache https://registry.npmjs.org/@next%2fswc-win32-arm64-msvc 111ms (cache hit)
321 silly packumentCache full:https://registry.npmjs.org/@next%2fswc-win32-arm64-msvc set size:5308052 disposed:false
322 http cache https://registry.npmjs.org/scheduler 118ms (cache hit)
323 silly packumentCache full:https://registry.npmjs.org/scheduler set size:5663536 disposed:false
324 silly placeDep ROOT undici-types@7.18.2 OK for: @types/node@24.13.3 want: ~7.18.0
325 silly placeDep ROOT csstype@3.2.3 OK for: @types/react@19.2.18 want: ^3.2.2
326 silly fetch manifest eslint@^6.0.0 || ^7.0.0 || >=8.0.0
327 silly packumentCache full:https://registry.npmjs.org/eslint cache-miss
328 http cache https://registry.npmjs.org/eslint 2ms (cache hit)
329 silly packumentCache full:https://registry.npmjs.org/eslint set size:2040662 disposed:false
330 silly placeDep ROOT @eslint-community/eslint-utils@4.10.1 OK for: eslint@9.39.5 want: ^4.8.0
331 silly placeDep ROOT @eslint-community/regexpp@4.12.2 OK for: eslint@9.39.5 want: ^4.12.1
332 silly placeDep ROOT @eslint/config-array@0.21.2 OK for: eslint@9.39.5 want: ^0.21.2
333 silly placeDep ROOT @eslint/config-helpers@0.4.2 OK for: eslint@9.39.5 want: ^0.4.2
334 silly placeDep ROOT @eslint/core@0.17.0 OK for: eslint@9.39.5 want: ^0.17.0
335 silly placeDep ROOT @eslint/eslintrc@3.3.6 OK for: eslint@9.39.5 want: ^3.3.6
336 silly placeDep ROOT @eslint/js@9.39.5 OK for: eslint@9.39.5 want: 9.39.5
337 silly placeDep ROOT @eslint/plugin-kit@0.4.1 OK for: eslint@9.39.5 want: ^0.4.1
338 silly placeDep ROOT @humanfs/node@0.16.8 OK for: eslint@9.39.5 want: ^0.16.6
339 silly placeDep ROOT @humanwhocodes/module-importer@1.0.1 OK for: eslint@9.39.5 want: ^1.0.1
340 silly placeDep ROOT @humanwhocodes/retry@0.4.3 OK for: eslint@9.39.5 want: ^0.4.2
341 silly placeDep ROOT @types/estree@1.0.9 OK for: eslint@9.39.5 want: ^1.0.6
342 silly placeDep ROOT ajv@6.15.0 OK for: eslint@9.39.5 want: ^6.14.0
343 silly placeDep ROOT chalk@4.1.2 OK for: eslint@9.39.5 want: ^4.0.0
344 silly placeDep ROOT cross-spawn@7.0.6 OK for: eslint@9.39.5 want: ^7.0.6
345 silly placeDep ROOT debug@4.4.3 OK for: eslint@9.39.5 want: ^4.3.2
346 silly placeDep ROOT escape-string-regexp@4.0.0 OK for: eslint@9.39.5 want: ^4.0.0
347 silly placeDep ROOT eslint-scope@8.4.0 OK for: eslint@9.39.5 want: ^8.4.0
348 silly placeDep ROOT eslint-visitor-keys@4.2.1 OK for: eslint@9.39.5 want: ^4.2.1
349 silly placeDep ROOT espree@10.4.0 OK for: eslint@9.39.5 want: ^10.4.0
350 silly placeDep ROOT esquery@1.7.0 OK for: eslint@9.39.5 want: ^1.5.0
351 silly placeDep ROOT esutils@2.0.3 OK for: eslint@9.39.5 want: ^2.0.2
352 silly placeDep ROOT fast-deep-equal@3.1.3 OK for: eslint@9.39.5 want: ^3.1.3
353 silly placeDep ROOT file-entry-cache@8.0.0 OK for: eslint@9.39.5 want: ^8.0.0
354 silly placeDep ROOT find-up@5.0.0 OK for: eslint@9.39.5 want: ^5.0.0
355 silly placeDep ROOT glob-parent@6.0.2 OK for: eslint@9.39.5 want: ^6.0.2
356 silly placeDep ROOT ignore@5.3.2 OK for: eslint@9.39.5 want: ^5.2.0
357 silly placeDep ROOT imurmurhash@0.1.4 OK for: eslint@9.39.5 want: ^0.1.4
358 silly placeDep ROOT is-glob@4.0.3 OK for: eslint@9.39.5 want: ^4.0.0
359 silly placeDep ROOT json-stable-stringify-without-jsonify@1.0.1 OK for: eslint@9.39.5 want: ^1.0.1
360 silly placeDep ROOT lodash.merge@4.6.2 OK for: eslint@9.39.5 want: ^4.6.2
361 silly placeDep ROOT minimatch@3.1.5 OK for: eslint@9.39.5 want: ^3.1.5
362 silly placeDep ROOT natural-compare@1.4.0 OK for: eslint@9.39.5 want: ^1.4.0
363 silly placeDep ROOT optionator@0.9.4 OK for: eslint@9.39.5 want: ^0.9.3
364 silly fetch manifest eslint-visitor-keys@^3.4.3
365 silly packumentCache full:https://registry.npmjs.org/eslint-visitor-keys cache-hit
366 silly fetch manifest debug@^4.3.1
367 silly packumentCache full:https://registry.npmjs.org/debug cache-hit
368 silly fetch manifest @eslint/object-schema@^2.1.7
369 silly packumentCache full:https://registry.npmjs.org/@eslint%2fobject-schema cache-miss
370 silly fetch manifest @types/json-schema@^7.0.15
371 silly packumentCache full:https://registry.npmjs.org/@types%2fjson-schema cache-miss
372 silly fetch manifest espree@^10.0.1
373 silly packumentCache full:https://registry.npmjs.org/espree cache-hit
374 silly fetch manifest globals@^14.0.0
375 silly packumentCache full:https://registry.npmjs.org/globals cache-hit
376 silly fetch manifest import-fresh@^3.2.1
377 silly packumentCache full:https://registry.npmjs.org/import-fresh cache-miss
378 silly fetch manifest js-yaml@^4.3.0
379 silly packumentCache full:https://registry.npmjs.org/js-yaml cache-miss
380 silly fetch manifest strip-json-comments@^3.1.1
381 silly packumentCache full:https://registry.npmjs.org/strip-json-comments cache-miss
382 silly fetch manifest levn@^0.4.1
383 silly packumentCache full:https://registry.npmjs.org/levn cache-miss
384 silly fetch manifest @humanwhocodes/retry@^0.4.0
385 silly packumentCache full:https://registry.npmjs.org/@humanwhocodes%2fretry cache-hit
386 silly fetch manifest @humanfs/core@^0.19.2
387 silly packumentCache full:https://registry.npmjs.org/@humanfs%2fcore cache-miss
388 silly fetch manifest @humanfs/types@^0.15.0
389 silly packumentCache full:https://registry.npmjs.org/@humanfs%2ftypes cache-miss
390 silly fetch manifest uri-js@^4.2.2
391 silly packumentCache full:https://registry.npmjs.org/uri-js cache-miss
392 http cache https://registry.npmjs.org/@types%2fjson-schema 4ms (cache hit)
393 silly packumentCache full:https://registry.npmjs.org/@types%2fjson-schema set size:44704 disposed:false
394 silly fetch manifest fast-deep-equal@^3.1.1
395 silly packumentCache full:https://registry.npmjs.org/fast-deep-equal cache-hit
396 silly fetch manifest json-schema-traverse@^0.4.1
397 silly packumentCache full:https://registry.npmjs.org/json-schema-traverse cache-miss
398 http cache https://registry.npmjs.org/strip-json-comments 3ms (cache hit)
399 silly packumentCache full:https://registry.npmjs.org/strip-json-comments set size:43569 disposed:false
400 silly fetch manifest fast-json-stable-stringify@^2.0.0
401 silly packumentCache full:https://registry.npmjs.org/fast-json-stable-stringify cache-miss
402 http cache https://registry.npmjs.org/import-fresh 4ms (cache hit)
403 silly packumentCache full:https://registry.npmjs.org/import-fresh set size:24604 disposed:false
404 silly fetch manifest ansi-styles@^4.1.0
405 silly packumentCache full:https://registry.npmjs.org/ansi-styles cache-miss
406 http cache https://registry.npmjs.org/levn 4ms (cache hit)
407 silly packumentCache full:https://registry.npmjs.org/levn set size:28223 disposed:false
408 silly fetch manifest supports-color@^7.1.0
409 silly packumentCache full:https://registry.npmjs.org/supports-color cache-miss
410 http cache https://registry.npmjs.org/@eslint%2fobject-schema 5ms (cache hit)
411 silly packumentCache full:https://registry.npmjs.org/@eslint%2fobject-schema set size:38535 disposed:false
412 silly fetch manifest which@^2.0.1
413 silly packumentCache full:https://registry.npmjs.org/which cache-miss
414 http cache https://registry.npmjs.org/uri-js 9ms (cache hit)
415 silly packumentCache full:https://registry.npmjs.org/uri-js set size:42559 disposed:false
416 silly fetch manifest path-key@^3.1.0
417 silly packumentCache full:https://registry.npmjs.org/path-key cache-miss
418 http cache https://registry.npmjs.org/@humanfs%2ftypes 11ms (cache hit)
419 silly packumentCache full:https://registry.npmjs.org/@humanfs%2ftypes set size:19212 disposed:false
420 silly fetch manifest shebang-command@^2.0.0
421 silly packumentCache full:https://registry.npmjs.org/shebang-command cache-miss
422 http cache https://registry.npmjs.org/@humanfs%2fcore 12ms (cache hit)
423 silly packumentCache full:https://registry.npmjs.org/@humanfs%2fcore set size:37261 disposed:false
424 silly fetch manifest ms@^2.1.3
425 silly packumentCache full:https://registry.npmjs.org/ms cache-miss
426 http cache https://registry.npmjs.org/js-yaml 13ms (cache hit)
427 silly packumentCache full:https://registry.npmjs.org/js-yaml set size:184624 disposed:false
428 silly fetch manifest esrecurse@^4.3.0
429 silly packumentCache full:https://registry.npmjs.org/esrecurse cache-miss
430 http cache https://registry.npmjs.org/json-schema-traverse 11ms (cache hit)
431 silly packumentCache full:https://registry.npmjs.org/json-schema-traverse set size:23537 disposed:false
432 silly fetch manifest estraverse@^5.2.0
433 silly packumentCache full:https://registry.npmjs.org/estraverse cache-miss
434 http cache https://registry.npmjs.org/fast-json-stable-stringify 11ms (cache hit)
435 silly packumentCache full:https://registry.npmjs.org/fast-json-stable-stringify set size:11337 disposed:false
436 silly fetch manifest acorn@^8.15.0
437 silly packumentCache full:https://registry.npmjs.org/acorn cache-miss
438 http cache https://registry.npmjs.org/ansi-styles 11ms (cache hit)
439 silly packumentCache full:https://registry.npmjs.org/ansi-styles set size:71772 disposed:false
440 silly fetch manifest acorn-jsx@^5.3.2
441 silly packumentCache full:https://registry.npmjs.org/acorn-jsx cache-miss
442 http cache https://registry.npmjs.org/supports-color 11ms (cache hit)
443 silly packumentCache full:https://registry.npmjs.org/supports-color set size:124169 disposed:false
444 silly fetch manifest estraverse@^5.1.0
445 silly packumentCache full:https://registry.npmjs.org/estraverse cache-miss
446 http cache https://registry.npmjs.org/which 11ms (cache hit)
447 silly packumentCache full:https://registry.npmjs.org/which set size:70087 disposed:false
448 silly fetch manifest flat-cache@^4.0.0
449 silly packumentCache full:https://registry.npmjs.org/flat-cache cache-miss
450 http cache https://registry.npmjs.org/path-key 6ms (cache hit)
451 silly packumentCache full:https://registry.npmjs.org/path-key set size:16975 disposed:false
452 silly fetch manifest locate-path@^6.0.0
453 silly packumentCache full:https://registry.npmjs.org/locate-path cache-miss
454 http cache https://registry.npmjs.org/shebang-command 6ms (cache hit)
455 silly packumentCache full:https://registry.npmjs.org/shebang-command set size:8525 disposed:false
456 silly fetch manifest path-exists@^4.0.0
457 silly packumentCache full:https://registry.npmjs.org/path-exists cache-miss
458 http cache https://registry.npmjs.org/ms 6ms (cache hit)
459 silly packumentCache full:https://registry.npmjs.org/ms set size:92208 disposed:false
460 silly fetch manifest is-glob@^4.0.3
461 silly packumentCache full:https://registry.npmjs.org/is-glob cache-hit
462 silly fetch manifest is-extglob@^2.1.1
463 silly packumentCache full:https://registry.npmjs.org/is-extglob cache-miss
464 http cache https://registry.npmjs.org/esrecurse 5ms (cache hit)
465 silly packumentCache full:https://registry.npmjs.org/esrecurse set size:29005 disposed:false
466 silly fetch manifest brace-expansion@^1.1.7
467 silly packumentCache full:https://registry.npmjs.org/brace-expansion cache-miss
468 http cache https://registry.npmjs.org/acorn 5ms (cache hit)
469 silly packumentCache full:https://registry.npmjs.org/acorn set size:383439 disposed:false
470 silly fetch manifest prelude-ls@^1.2.1
471 silly packumentCache full:https://registry.npmjs.org/prelude-ls cache-miss
472 http cache https://registry.npmjs.org/acorn-jsx 6ms (cache hit)
473 silly packumentCache full:https://registry.npmjs.org/acorn-jsx set size:71068 disposed:false
474 silly fetch manifest deep-is@^0.1.3
475 silly packumentCache full:https://registry.npmjs.org/deep-is cache-miss
476 http cache https://registry.npmjs.org/estraverse 7ms (cache hit)
477 silly packumentCache full:https://registry.npmjs.org/estraverse set size:62412 disposed:false
478 silly fetch manifest word-wrap@^1.2.5
479 silly packumentCache full:https://registry.npmjs.org/word-wrap cache-miss
480 http cache https://registry.npmjs.org/estraverse 6ms (cache hit)
481 silly packumentCache full:https://registry.npmjs.org/estraverse set size:62412 disposed:false
482 silly packumentCache full:https://registry.npmjs.org/estraverse dispose
483 silly fetch manifest type-check@^0.4.0
484 silly packumentCache full:https://registry.npmjs.org/type-check cache-miss
485 http cache https://registry.npmjs.org/flat-cache 6ms (cache hit)
486 silly packumentCache full:https://registry.npmjs.org/flat-cache set size:160061 disposed:false
487 silly fetch manifest fast-levenshtein@^2.0.6
488 silly packumentCache full:https://registry.npmjs.org/fast-levenshtein cache-miss
489 http cache https://registry.npmjs.org/locate-path 6ms (cache hit)
490 silly packumentCache full:https://registry.npmjs.org/locate-path set size:31329 disposed:false
491 http cache https://registry.npmjs.org/path-exists 6ms (cache hit)
492 silly packumentCache full:https://registry.npmjs.org/path-exists set size:13704 disposed:false
493 http cache https://registry.npmjs.org/is-extglob 6ms (cache hit)
494 silly packumentCache full:https://registry.npmjs.org/is-extglob set size:11766 disposed:false
495 http cache https://registry.npmjs.org/brace-expansion 6ms (cache hit)
496 silly packumentCache full:https://registry.npmjs.org/brace-expansion set size:101024 disposed:false
497 http cache https://registry.npmjs.org/deep-is 4ms (cache hit)
498 silly packumentCache full:https://registry.npmjs.org/deep-is set size:10205 disposed:false
499 http cache https://registry.npmjs.org/word-wrap 4ms (cache hit)
500 silly packumentCache full:https://registry.npmjs.org/word-wrap set size:37835 disposed:false
501 http cache https://registry.npmjs.org/prelude-ls 5ms (cache hit)
502 silly packumentCache full:https://registry.npmjs.org/prelude-ls set size:25777 disposed:false
503 http cache https://registry.npmjs.org/type-check 5ms (cache hit)
504 silly packumentCache full:https://registry.npmjs.org/type-check set size:21221 disposed:false
505 http cache https://registry.npmjs.org/fast-levenshtein 4ms (cache hit)
506 silly packumentCache full:https://registry.npmjs.org/fast-levenshtein set size:39317 disposed:false
507 silly placeDep node_modules/@eslint-community/eslint-utils eslint-visitor-keys@3.4.3 OK for: @eslint-community/eslint-utils@4.10.1 want: ^3.4.3
508 silly placeDep ROOT @eslint/object-schema@2.1.7 OK for: @eslint/config-array@0.21.2 want: ^2.1.7
509 silly placeDep ROOT @types/json-schema@7.0.15 OK for: @eslint/core@0.17.0 want: ^7.0.15
510 silly placeDep ROOT globals@14.0.0 OK for: @eslint/eslintrc@3.3.6 want: ^14.0.0
511 silly placeDep ROOT import-fresh@3.3.1 OK for: @eslint/eslintrc@3.3.6 want: ^3.2.1
512 silly placeDep ROOT js-yaml@4.3.1 OK for: @eslint/eslintrc@3.3.6 want: ^4.3.0
513 silly placeDep ROOT strip-json-comments@3.1.1 OK for: @eslint/eslintrc@3.3.6 want: ^3.1.1
514 silly fetch manifest resolve-from@^4.0.0
515 silly packumentCache full:https://registry.npmjs.org/resolve-from cache-miss
516 silly fetch manifest parent-module@^1.0.0
517 silly packumentCache full:https://registry.npmjs.org/parent-module cache-miss
518 silly fetch manifest argparse@^2.0.1
519 silly packumentCache full:https://registry.npmjs.org/argparse cache-miss
520 http cache https://registry.npmjs.org/resolve-from 9ms (cache hit)
521 silly packumentCache full:https://registry.npmjs.org/resolve-from set size:12911 disposed:false
522 http cache https://registry.npmjs.org/parent-module 9ms (cache hit)
523 silly packumentCache full:https://registry.npmjs.org/parent-module set size:18255 disposed:false
524 http cache https://registry.npmjs.org/argparse 9ms (cache hit)
525 silly packumentCache full:https://registry.npmjs.org/argparse set size:51348 disposed:false
526 silly placeDep ROOT levn@0.4.1 OK for: @eslint/plugin-kit@0.4.1 want: ^0.4.1
527 silly fetch manifest type-check@~0.4.0
528 silly packumentCache full:https://registry.npmjs.org/type-check cache-hit
529 silly placeDep ROOT @humanfs/core@0.19.2 OK for: @humanfs/node@0.16.8 want: ^0.19.2
530 silly placeDep ROOT @humanfs/types@0.15.0 OK for: @humanfs/node@0.16.8 want: ^0.15.0
531 silly placeDep ROOT fast-json-stable-stringify@2.1.0 OK for: ajv@6.15.0 want: ^2.0.0
532 silly placeDep ROOT json-schema-traverse@0.4.1 OK for: ajv@6.15.0 want: ^0.4.1
533 silly placeDep ROOT uri-js@4.4.1 OK for: ajv@6.15.0 want: ^4.2.2
534 silly fetch manifest punycode@^2.1.0
535 silly packumentCache full:https://registry.npmjs.org/punycode cache-miss
536 http cache https://registry.npmjs.org/punycode 1ms (cache hit)
537 silly packumentCache full:https://registry.npmjs.org/punycode set size:61278 disposed:false
538 silly placeDep ROOT ansi-styles@4.3.0 OK for: chalk@4.1.2 want: ^4.1.0
539 silly placeDep ROOT supports-color@7.2.0 OK for: chalk@4.1.2 want: ^7.1.0
540 silly fetch manifest color-convert@^2.0.1
541 silly packumentCache full:https://registry.npmjs.org/color-convert cache-miss
542 silly fetch manifest has-flag@^4.0.0
543 silly packumentCache full:https://registry.npmjs.org/has-flag cache-miss
544 http cache https://registry.npmjs.org/color-convert 1ms (cache hit)
545 silly packumentCache full:https://registry.npmjs.org/color-convert set size:72663 disposed:false
546 http cache https://registry.npmjs.org/has-flag 2ms (cache hit)
547 silly packumentCache full:https://registry.npmjs.org/has-flag set size:15180 disposed:false
548 silly placeDep ROOT color-convert@2.0.1 OK for: ansi-styles@4.3.0 want: ^2.0.1
549 silly fetch manifest color-name@~1.1.4
550 silly packumentCache full:https://registry.npmjs.org/color-name cache-miss
551 http cache https://registry.npmjs.org/color-name 1ms (cache hit)
552 silly packumentCache full:https://registry.npmjs.org/color-name set size:20968 disposed:false
553 silly placeDep ROOT color-name@1.1.4 OK for: color-convert@2.0.1 want: ~1.1.4
554 silly placeDep ROOT path-key@3.1.1 OK for: cross-spawn@7.0.6 want: ^3.1.0
555 silly placeDep ROOT shebang-command@2.0.0 OK for: cross-spawn@7.0.6 want: ^2.0.0
556 silly placeDep ROOT which@2.0.2 OK for: cross-spawn@7.0.6 want: ^2.0.1
557 silly fetch manifest shebang-regex@^3.0.0
558 silly packumentCache full:https://registry.npmjs.org/shebang-regex cache-miss
559 silly fetch manifest isexe@^2.0.0
560 silly packumentCache full:https://registry.npmjs.org/isexe cache-miss
561 http cache https://registry.npmjs.org/shebang-regex 1ms (cache hit)
562 silly packumentCache full:https://registry.npmjs.org/shebang-regex set size:9763 disposed:false
563 http cache https://registry.npmjs.org/isexe 2ms (cache hit)
564 silly packumentCache full:https://registry.npmjs.org/isexe set size:31756 disposed:false
565 silly placeDep ROOT ms@2.1.3 OK for: debug@4.4.3 want: ^2.1.3
566 silly fetch manifest eslint@>=9.0.0
567 silly packumentCache full:https://registry.npmjs.org/eslint cache-miss
568 http cache https://registry.npmjs.org/eslint 2ms (cache hit)
569 silly packumentCache full:https://registry.npmjs.org/eslint set size:2040662 disposed:false
570 silly fetch manifest typescript@>=3.3.1
571 silly packumentCache full:https://registry.npmjs.org/typescript cache-miss
572 http cache https://registry.npmjs.org/typescript 11ms (cache hit)
573 silly packumentCache full:https://registry.npmjs.org/typescript set size:15505578 disposed:false
574 silly fetch manifest typescript@>=4.8.4 <6.1.0
575 silly packumentCache full:https://registry.npmjs.org/typescript cache-miss
576 http cache https://registry.npmjs.org/typescript 12ms (cache hit)
577 silly packumentCache full:https://registry.npmjs.org/typescript set size:15505578 disposed:false
578 silly fetch manifest eslint@^3 || ^4 || ^5 || ^6 || ^7 || ^8 || ^9.7
579 silly packumentCache full:https://registry.npmjs.org/eslint cache-miss
580 http cache https://registry.npmjs.org/eslint 2ms (cache hit)
581 silly packumentCache full:https://registry.npmjs.org/eslint set size:2040662 disposed:false
582 silly fetch manifest eslint@^2 || ^3 || ^4 || ^5 || ^6 || ^7.2.0 || ^8 || ^9
583 silly packumentCache full:https://registry.npmjs.org/eslint cache-miss
584 http cache https://registry.npmjs.org/eslint 2ms (cache hit)
585 silly packumentCache full:https://registry.npmjs.org/eslint set size:2040662 disposed:false
586 silly fetch manifest eslint@^3 || ^4 || ^5 || ^6 || ^7 || ^8 || ^9
587 silly packumentCache full:https://registry.npmjs.org/eslint cache-miss
588 http cache https://registry.npmjs.org/eslint 2ms (cache hit)
589 silly packumentCache full:https://registry.npmjs.org/eslint set size:2040662 disposed:false
590 silly fetch manifest eslint-plugin-import-x@*
591 silly packumentCache full:https://registry.npmjs.org/eslint-plugin-import-x cache-miss
592 http cache https://registry.npmjs.org/eslint-plugin-import-x 1ms (cache hit)
593 silly packumentCache full:https://registry.npmjs.org/eslint-plugin-import-x set size:276235 disposed:false
594 silly fetch manifest @typescript-eslint/utils@^8.56.0
595 silly packumentCache full:https://registry.npmjs.org/@typescript-eslint%2futils cache-miss
596 http cache https://registry.npmjs.org/@typescript-eslint%2futils 10ms (cache hit)
597 silly packumentCache full:https://registry.npmjs.org/@typescript-eslint%2futils set size:10606852 disposed:false
598 silly placeDep ROOT @next/eslint-plugin-next@16.2.12 OK for: eslint-config-next@16.2.12 want: 16.2.12
599 silly placeDep ROOT eslint-import-resolver-node@0.3.10 OK for: eslint-config-next@16.2.12 want: ^0.3.6
600 silly placeDep ROOT eslint-import-resolver-typescript@3.10.1 OK for: eslint-config-next@16.2.12 want: ^3.5.2
601 silly placeDep ROOT eslint-plugin-import@2.32.0 OK for: eslint-config-next@16.2.12 want: ^2.32.0
602 silly placeDep ROOT eslint-plugin-jsx-a11y@6.10.2 OK for: eslint-config-next@16.2.12 want: ^6.10.0
603 silly placeDep ROOT eslint-plugin-react@7.37.5 OK for: eslint-config-next@16.2.12 want: ^7.37.0
604 silly placeDep ROOT eslint-plugin-react-hooks@7.1.1 OK for: eslint-config-next@16.2.12 want: ^7.0.0
605 silly placeDep node_modules/eslint-config-next globals@16.4.0 OK for: eslint-config-next@16.2.12 want: 16.4.0
606 silly placeDep ROOT typescript-eslint@8.65.0 OK for: eslint-config-next@16.2.12 want: ^8.46.0
607 silly fetch manifest fast-glob@3.3.1
608 silly packumentCache full:https://registry.npmjs.org/fast-glob cache-miss
609 silly fetch manifest debug@^3.2.7
610 silly packumentCache full:https://registry.npmjs.org/debug cache-hit
611 silly fetch manifest resolve@^2.0.0-next.6
612 silly packumentCache full:https://registry.npmjs.org/resolve cache-miss
613 silly fetch manifest is-core-module@^2.16.1
614 silly packumentCache full:https://registry.npmjs.org/is-core-module cache-miss
615 silly fetch manifest tinyglobby@^0.2.13
616 silly packumentCache full:https://registry.npmjs.org/tinyglobby cache-miss
617 silly fetch manifest stable-hash@^0.0.5
618 silly packumentCache full:https://registry.npmjs.org/stable-hash cache-miss
619 silly fetch manifest get-tsconfig@^4.10.0
620 silly packumentCache full:https://registry.npmjs.org/get-tsconfig cache-miss
621 silly fetch manifest is-bun-module@^2.0.0
622 silly packumentCache full:https://registry.npmjs.org/is-bun-module cache-miss
623 silly fetch manifest unrs-resolver@^1.6.2
624 silly packumentCache full:https://registry.npmjs.org/unrs-resolver cache-miss
625 silly fetch manifest @nolyfill/is-core-module@1.0.39
626 silly packumentCache full:https://registry.npmjs.org/@nolyfill%2fis-core-module cache-miss
627 http cache https://registry.npmjs.org/resolve 5ms (cache hit)
628 silly packumentCache full:https://registry.npmjs.org/resolve set size:244568 disposed:false
629 silly fetch manifest @rtsao/scc@^1.1.0
630 silly packumentCache full:https://registry.npmjs.org/@rtsao%2fscc cache-miss
631 http cache https://registry.npmjs.org/stable-hash 6ms (cache hit)
632 silly packumentCache full:https://registry.npmjs.org/stable-hash set size:18359 disposed:false
633 silly fetch manifest array-includes@^3.1.9
634 silly packumentCache full:https://registry.npmjs.org/array-includes cache-miss
635 http cache https://registry.npmjs.org/tinyglobby 6ms (cache hit)
636 silly packumentCache full:https://registry.npmjs.org/tinyglobby set size:54291 disposed:false
637 silly fetch manifest array.prototype.findlastindex@^1.2.6
638 silly packumentCache full:https://registry.npmjs.org/array.prototype.findlastindex cache-miss
639 http cache https://registry.npmjs.org/get-tsconfig 7ms (cache hit)
640 silly packumentCache full:https://registry.npmjs.org/get-tsconfig set size:139099 disposed:false
641 silly fetch manifest array.prototype.flat@^1.3.3
642 silly packumentCache full:https://registry.npmjs.org/array.prototype.flat cache-miss
643 http cache https://registry.npmjs.org/fast-glob 7ms (cache hit)
644 silly packumentCache full:https://registry.npmjs.org/fast-glob set size:220556 disposed:false
645 silly fetch manifest array.prototype.flatmap@^1.3.3
646 silly packumentCache full:https://registry.npmjs.org/array.prototype.flatmap cache-miss
647 http cache https://registry.npmjs.org/@nolyfill%2fis-core-module 7ms (cache hit)
648 silly packumentCache full:https://registry.npmjs.org/@nolyfill%2fis-core-module set size:10461 disposed:false
649 silly fetch manifest doctrine@^2.1.0
650 silly packumentCache full:https://registry.npmjs.org/doctrine cache-miss
651 http cache https://registry.npmjs.org/is-bun-module 8ms (cache hit)
652 silly packumentCache full:https://registry.npmjs.org/is-bun-module set size:19768 disposed:false
653 silly fetch manifest eslint-module-utils@^2.12.1
654 silly packumentCache full:https://registry.npmjs.org/eslint-module-utils cache-miss
655 http cache https://registry.npmjs.org/unrs-resolver 8ms (cache hit)
656 silly packumentCache full:https://registry.npmjs.org/unrs-resolver set size:151128 disposed:false
657 silly fetch manifest hasown@^2.0.2
658 silly packumentCache full:https://registry.npmjs.org/hasown cache-miss
659 http cache https://registry.npmjs.org/is-core-module 9ms (cache hit)
660 silly packumentCache full:https://registry.npmjs.org/is-core-module set size:74378 disposed:false
661 silly fetch manifest object.fromentries@^2.0.8
662 silly packumentCache full:https://registry.npmjs.org/object.fromentries cache-miss
663 http cache https://registry.npmjs.org/array-includes 6ms (cache hit)
664 silly packumentCache full:https://registry.npmjs.org/array-includes set size:77143 disposed:false
665 silly fetch manifest object.groupby@^1.0.3
666 silly packumentCache full:https://registry.npmjs.org/object.groupby cache-miss
667 http cache https://registry.npmjs.org/array.prototype.findlastindex 6ms (cache hit)
668 silly packumentCache full:https://registry.npmjs.org/array.prototype.findlastindex set size:44828 disposed:false
669 silly fetch manifest object.values@^1.2.1
670 silly packumentCache full:https://registry.npmjs.org/object.values cache-miss
671 http cache https://registry.npmjs.org/array.prototype.flat 6ms (cache hit)
672 silly packumentCache full:https://registry.npmjs.org/array.prototype.flat set size:38327 disposed:false
673 silly fetch manifest semver@^6.3.1
674 silly packumentCache full:https://registry.npmjs.org/semver cache-miss
675 http cache https://registry.npmjs.org/@rtsao%2fscc 8ms (cache hit)
676 silly packumentCache full:https://registry.npmjs.org/@rtsao%2fscc set size:6332 disposed:false
677 silly fetch manifest string.prototype.trimend@^1.0.9
678 silly packumentCache full:https://registry.npmjs.org/string.prototype.trimend cache-miss
679 http cache https://registry.npmjs.org/array.prototype.flatmap 6ms (cache hit)
680 silly packumentCache full:https://registry.npmjs.org/array.prototype.flatmap set size:51458 disposed:false
681 silly fetch manifest tsconfig-paths@^3.15.0
682 silly packumentCache full:https://registry.npmjs.org/tsconfig-paths cache-miss
683 http cache https://registry.npmjs.org/doctrine 6ms (cache hit)
684 silly packumentCache full:https://registry.npmjs.org/doctrine set size:64052 disposed:false
685 silly fetch manifest aria-query@^5.3.2
686 silly packumentCache full:https://registry.npmjs.org/aria-query cache-miss
687 http cache https://registry.npmjs.org/object.fromentries 5ms (cache hit)
688 silly packumentCache full:https://registry.npmjs.org/object.fromentries set size:37686 disposed:false
689 silly fetch manifest array-includes@^3.1.8
690 silly packumentCache full:https://registry.npmjs.org/array-includes cache-hit
691 silly fetch manifest array.prototype.flatmap@^1.3.2
692 silly packumentCache full:https://registry.npmjs.org/array.prototype.flatmap cache-hit
693 silly fetch manifest ast-types-flow@^0.0.8
694 silly packumentCache full:https://registry.npmjs.org/ast-types-flow cache-miss
695 http cache https://registry.npmjs.org/eslint-module-utils 8ms (cache hit)
696 silly packumentCache full:https://registry.npmjs.org/eslint-module-utils set size:83654 disposed:false
697 silly fetch manifest axe-core@^4.10.0
698 silly packumentCache full:https://registry.npmjs.org/axe-core cache-miss
699 http cache https://registry.npmjs.org/hasown 7ms (cache hit)
700 silly packumentCache full:https://registry.npmjs.org/hasown set size:18361 disposed:false
701 silly fetch manifest axobject-query@^4.1.0
702 silly packumentCache full:https://registry.npmjs.org/axobject-query cache-miss
703 http cache https://registry.npmjs.org/object.groupby 5ms (cache hit)
704 silly packumentCache full:https://registry.npmjs.org/object.groupby set size:15504 disposed:false
705 silly fetch manifest damerau-levenshtein@^1.0.8
706 silly packumentCache full:https://registry.npmjs.org/damerau-levenshtein cache-miss
707 http cache https://registry.npmjs.org/string.prototype.trimend 4ms (cache hit)
708 silly packumentCache full:https://registry.npmjs.org/string.prototype.trimend set size:44009 disposed:false
709 silly fetch manifest emoji-regex@^9.2.2
710 silly packumentCache full:https://registry.npmjs.org/emoji-regex cache-miss
711 http cache https://registry.npmjs.org/semver 5ms (cache hit)
712 silly packumentCache full:https://registry.npmjs.org/semver set size:246069 disposed:false
713 silly fetch manifest jsx-ast-utils@^3.3.5
714 silly packumentCache full:https://registry.npmjs.org/jsx-ast-utils cache-miss
715 http cache https://registry.npmjs.org/tsconfig-paths 6ms (cache hit)
716 silly packumentCache full:https://registry.npmjs.org/tsconfig-paths set size:192565 disposed:false
717 silly fetch manifest language-tags@^1.0.9
718 silly packumentCache full:https://registry.npmjs.org/language-tags cache-miss
719 http cache https://registry.npmjs.org/aria-query 6ms (cache hit)
720 silly packumentCache full:https://registry.npmjs.org/aria-query set size:98864 disposed:false
721 silly fetch manifest safe-regex-test@^1.0.3
722 silly packumentCache full:https://registry.npmjs.org/safe-regex-test cache-miss
723 http cache https://registry.npmjs.org/object.values 8ms (cache hit)
724 silly packumentCache full:https://registry.npmjs.org/object.values set size:49009 disposed:false
725 silly fetch manifest string.prototype.includes@^2.0.1
726 silly packumentCache full:https://registry.npmjs.org/string.prototype.includes cache-miss
727 http cache https://registry.npmjs.org/axobject-query 6ms (cache hit)
728 silly packumentCache full:https://registry.npmjs.org/axobject-query set size:75032 disposed:false
729 silly fetch manifest array.prototype.findlast@^1.2.5
730 silly packumentCache full:https://registry.npmjs.org/array.prototype.findlast cache-miss
731 http cache https://registry.npmjs.org/ast-types-flow 8ms (cache hit)
732 silly packumentCache full:https://registry.npmjs.org/ast-types-flow set size:15144 disposed:false
733 silly fetch manifest array.prototype.tosorted@^1.1.4
734 silly packumentCache full:https://registry.npmjs.org/array.prototype.tosorted cache-miss
735 http cache https://registry.npmjs.org/axe-core 15ms (cache hit)
736 silly packumentCache full:https://registry.npmjs.org/axe-core set size:9733187 disposed:false
737 silly fetch manifest es-iterator-helpers@^1.2.1
738 silly packumentCache full:https://registry.npmjs.org/es-iterator-helpers cache-miss
739 http cache https://registry.npmjs.org/damerau-levenshtein 28ms (cache hit)
740 silly packumentCache full:https://registry.npmjs.org/damerau-levenshtein set size:23390 disposed:false
741 silly fetch manifest estraverse@^5.3.0
742 silly packumentCache full:https://registry.npmjs.org/estraverse cache-hit
743 silly fetch manifest jsx-ast-utils@^2.4.1 || ^3.0.0
744 silly packumentCache full:https://registry.npmjs.org/jsx-ast-utils cache-miss
745 http cache https://registry.npmjs.org/emoji-regex 29ms (cache hit)
746 silly packumentCache full:https://registry.npmjs.org/emoji-regex set size:89064 disposed:false
747 silly fetch manifest object.entries@^1.1.9
748 silly packumentCache full:https://registry.npmjs.org/object.entries cache-miss
749 http cache https://registry.npmjs.org/jsx-ast-utils 27ms (cache hit)
750 silly packumentCache full:https://registry.npmjs.org/jsx-ast-utils set size:115998 disposed:false
751 silly fetch manifest prop-types@^15.8.1
752 silly packumentCache full:https://registry.npmjs.org/prop-types cache-miss
753 http cache https://registry.npmjs.org/string.prototype.includes 27ms (cache hit)
754 silly packumentCache full:https://registry.npmjs.org/string.prototype.includes set size:10217 disposed:false
755 silly fetch manifest resolve@^2.0.0-next.5
756 silly packumentCache full:https://registry.npmjs.org/resolve cache-hit
757 silly fetch manifest string.prototype.matchall@^4.0.12
758 silly packumentCache full:https://registry.npmjs.org/string.prototype.matchall cache-miss
759 http cache https://registry.npmjs.org/language-tags 29ms (cache hit)
760 silly packumentCache full:https://registry.npmjs.org/language-tags set size:38675 disposed:false
761 silly fetch manifest string.prototype.repeat@^1.0.0
762 silly packumentCache full:https://registry.npmjs.org/string.prototype.repeat cache-miss
763 http cache https://registry.npmjs.org/safe-regex-test 28ms (cache hit)
764 silly packumentCache full:https://registry.npmjs.org/safe-regex-test set size:17412 disposed:false
765 silly fetch manifest zod@^3.25.0 || ^4.0.0
766 silly packumentCache full:https://registry.npmjs.org/zod cache-miss
767 http cache https://registry.npmjs.org/array.prototype.findlast 28ms (cache hit)
768 silly packumentCache full:https://registry.npmjs.org/array.prototype.findlast set size:40323 disposed:false
769 silly fetch manifest @babel/core@^7.24.4
770 silly packumentCache full:https://registry.npmjs.org/@babel%2fcore cache-miss
771 http cache https://registry.npmjs.org/array.prototype.tosorted 28ms (cache hit)
772 silly packumentCache full:https://registry.npmjs.org/array.prototype.tosorted set size:24661 disposed:false
773 silly fetch manifest @babel/parser@^7.24.4
774 silly packumentCache full:https://registry.npmjs.org/@babel%2fparser cache-miss
775 http cache https://registry.npmjs.org/jsx-ast-utils 4ms (cache hit)
776 silly packumentCache full:https://registry.npmjs.org/jsx-ast-utils set size:115998 disposed:false
777 silly packumentCache full:https://registry.npmjs.org/jsx-ast-utils dispose
778 silly fetch manifest hermes-parser@^0.25.1
779 silly packumentCache full:https://registry.npmjs.org/hermes-parser cache-miss
780 http cache https://registry.npmjs.org/es-iterator-helpers 6ms (cache hit)
781 silly packumentCache full:https://registry.npmjs.org/es-iterator-helpers set size:281513 disposed:false
782 silly fetch manifest zod-validation-error@^3.5.0 || ^4.0.0
783 silly packumentCache full:https://registry.npmjs.org/zod-validation-error cache-miss
784 http cache https://registry.npmjs.org/object.entries 6ms (cache hit)
785 silly packumentCache full:https://registry.npmjs.org/object.entries set size:50037 disposed:false
786 silly fetch manifest @typescript-eslint/utils@8.65.0
787 silly packumentCache full:https://registry.npmjs.org/@typescript-eslint%2futils cache-miss
788 http cache https://registry.npmjs.org/prop-types 5ms (cache hit)
789 silly packumentCache full:https://registry.npmjs.org/prop-types set size:76747 disposed:false
790 silly fetch manifest @typescript-eslint/parser@8.65.0
791 silly packumentCache full:https://registry.npmjs.org/@typescript-eslint%2fparser cache-miss
792 http cache https://registry.npmjs.org/string.prototype.repeat 5ms (cache hit)
793 silly packumentCache full:https://registry.npmjs.org/string.prototype.repeat set size:8608 disposed:false
794 silly fetch manifest @typescript-eslint/eslint-plugin@8.65.0
795 silly packumentCache full:https://registry.npmjs.org/@typescript-eslint%2feslint-plugin cache-miss
796 http cache https://registry.npmjs.org/string.prototype.matchall 5ms (cache hit)
797 silly packumentCache full:https://registry.npmjs.org/string.prototype.matchall set size:63239 disposed:false
798 silly fetch manifest @typescript-eslint/typescript-estree@8.65.0
799 silly packumentCache full:https://registry.npmjs.org/@typescript-eslint%2ftypescript-estree cache-miss
800 http cache https://registry.npmjs.org/zod 8ms (cache hit)
801 silly packumentCache full:https://registry.npmjs.org/zod set size:3552562 disposed:false
802 http cache https://registry.npmjs.org/@babel%2fcore 15ms (cache hit)
803 silly packumentCache full:https://registry.npmjs.org/@babel%2fcore set size:788273 disposed:false
804 http cache https://registry.npmjs.org/@babel%2fparser 17ms (cache hit)
805 silly packumentCache full:https://registry.npmjs.org/@babel%2fparser set size:737962 disposed:false
806 http cache https://registry.npmjs.org/hermes-parser 17ms (cache hit)
807 silly packumentCache full:https://registry.npmjs.org/hermes-parser set size:172593 disposed:false
808 http cache https://registry.npmjs.org/zod-validation-error 17ms (cache hit)
809 silly packumentCache full:https://registry.npmjs.org/zod-validation-error set size:178465 disposed:false
810 http cache https://registry.npmjs.org/@typescript-eslint%2futils 25ms (cache hit)
811 silly packumentCache full:https://registry.npmjs.org/@typescript-eslint%2futils set size:10606852 disposed:false
812 http cache https://registry.npmjs.org/@typescript-eslint%2fparser 55ms (cache hit)
813 silly packumentCache full:https://registry.npmjs.org/@typescript-eslint%2fparser set size:15591440 disposed:false
814 http cache https://registry.npmjs.org/@typescript-eslint%2feslint-plugin 99ms (cache hit)
815 silly packumentCache full:https://registry.npmjs.org/@typescript-eslint%2feslint-plugin set size:18478917 disposed:false
816 http cache https://registry.npmjs.org/@typescript-eslint%2ftypescript-estree 141ms (cache hit)
817 silly packumentCache full:https://registry.npmjs.org/@typescript-eslint%2ftypescript-estree set size:16835057 disposed:false
818 silly placeDep ROOT fast-glob@3.3.1 OK for: @next/eslint-plugin-next@16.2.12 want: 3.3.1
819 silly fetch manifest merge2@^1.3.0
820 silly packumentCache full:https://registry.npmjs.org/merge2 cache-miss
821 silly fetch manifest micromatch@^4.0.4
822 silly packumentCache full:https://registry.npmjs.org/micromatch cache-miss
823 silly fetch manifest glob-parent@^5.1.2
824 silly packumentCache full:https://registry.npmjs.org/glob-parent cache-hit
825 silly fetch manifest @nodelib/fs.stat@^2.0.2
826 silly packumentCache full:https://registry.npmjs.org/@nodelib%2ffs.stat cache-miss
827 silly fetch manifest @nodelib/fs.walk@^1.2.3
828 silly packumentCache full:https://registry.npmjs.org/@nodelib%2ffs.walk cache-miss
829 http cache https://registry.npmjs.org/@nodelib%2ffs.walk 2ms (cache hit)
830 silly packumentCache full:https://registry.npmjs.org/@nodelib%2ffs.walk set size:41589 disposed:false
831 http cache https://registry.npmjs.org/merge2 2ms (cache hit)
832 silly packumentCache full:https://registry.npmjs.org/merge2 set size:46159 disposed:false
833 http cache https://registry.npmjs.org/micromatch 3ms (cache hit)
834 silly packumentCache full:https://registry.npmjs.org/micromatch set size:240630 disposed:false
835 http cache https://registry.npmjs.org/@nodelib%2ffs.stat 4ms (cache hit)
836 silly packumentCache full:https://registry.npmjs.org/@nodelib%2ffs.stat set size:36993 disposed:false
837 silly placeDep node_modules/eslint-import-resolver-node debug@3.2.7 OK for: eslint-import-resolver-node@0.3.10 want: ^3.2.7
838 silly placeDep ROOT is-core-module@2.16.2 OK for: eslint-import-resolver-node@0.3.10 want: ^2.16.1
839 silly placeDep ROOT resolve@2.0.0-next.7 OK for: eslint-import-resolver-node@0.3.10 want: ^2.0.0-next.6
840 silly fetch manifest hasown@^2.0.3
841 silly packumentCache full:https://registry.npmjs.org/hasown cache-hit
842 silly fetch manifest es-errors@^1.3.0
843 silly packumentCache full:https://registry.npmjs.org/es-errors cache-miss
844 silly fetch manifest node-exports-info@^1.6.0
845 silly packumentCache full:https://registry.npmjs.org/node-exports-info cache-miss
846 silly fetch manifest object-keys@^1.1.1
847 silly packumentCache full:https://registry.npmjs.org/object-keys cache-miss
848 silly fetch manifest path-parse@^1.0.7
849 silly packumentCache full:https://registry.npmjs.org/path-parse cache-miss
850 silly fetch manifest supports-preserve-symlinks-flag@^1.0.0
851 silly packumentCache full:https://registry.npmjs.org/supports-preserve-symlinks-flag cache-miss
852 http cache https://registry.npmjs.org/es-errors 2ms (cache hit)
853 silly packumentCache full:https://registry.npmjs.org/es-errors set size:16918 disposed:false
854 http cache https://registry.npmjs.org/supports-preserve-symlinks-flag 2ms (cache hit)
855 silly packumentCache full:https://registry.npmjs.org/supports-preserve-symlinks-flag set size:6802 disposed:false
856 http cache https://registry.npmjs.org/path-parse 2ms (cache hit)
857 silly packumentCache full:https://registry.npmjs.org/path-parse set size:14523 disposed:false
858 http cache https://registry.npmjs.org/node-exports-info 2ms (cache hit)
859 silly packumentCache full:https://registry.npmjs.org/node-exports-info set size:69480 disposed:false
860 http cache https://registry.npmjs.org/object-keys 2ms (cache hit)
861 silly packumentCache full:https://registry.npmjs.org/object-keys set size:67744 disposed:false
862 silly placeDep ROOT @nolyfill/is-core-module@1.0.39 OK for: eslint-import-resolver-typescript@3.10.1 want: 1.0.39
863 silly placeDep ROOT get-tsconfig@4.14.1 OK for: eslint-import-resolver-typescript@3.10.1 want: ^4.10.0
864 silly placeDep ROOT is-bun-module@2.0.0 OK for: eslint-import-resolver-typescript@3.10.1 want: ^2.0.0
865 silly placeDep ROOT stable-hash@0.0.5 OK for: eslint-import-resolver-typescript@3.10.1 want: ^0.0.5
866 silly placeDep ROOT tinyglobby@0.2.17 OK for: eslint-import-resolver-typescript@3.10.1 want: ^0.2.13
867 silly placeDep ROOT unrs-resolver@1.12.2 OK for: eslint-import-resolver-typescript@3.10.1 want: ^1.6.2
868 silly fetch manifest resolve-pkg-maps@^1.0.0
869 silly packumentCache full:https://registry.npmjs.org/resolve-pkg-maps cache-miss
870 silly fetch manifest semver@^7.7.1
871 silly packumentCache full:https://registry.npmjs.org/semver cache-hit
872 silly fetch manifest fdir@^6.5.0
873 silly packumentCache full:https://registry.npmjs.org/fdir cache-miss
874 silly fetch manifest picomatch@^4.0.4
875 silly packumentCache full:https://registry.npmjs.org/picomatch cache-miss
876 silly fetch manifest napi-postinstall@^0.3.4
877 silly packumentCache full:https://registry.npmjs.org/napi-postinstall cache-miss
878 silly fetch manifest @unrs/resolver-binding-darwin-arm64@1.12.2
879 silly packumentCache full:https://registry.npmjs.org/@unrs%2fresolver-binding-darwin-arm64 cache-miss
880 silly fetch manifest @unrs/resolver-binding-android-arm64@1.12.2
881 silly packumentCache full:https://registry.npmjs.org/@unrs%2fresolver-binding-android-arm64 cache-miss
882 silly fetch manifest @unrs/resolver-binding-win32-arm64-msvc@1.12.2
883 silly packumentCache full:https://registry.npmjs.org/@unrs%2fresolver-binding-win32-arm64-msvc cache-miss
884 silly fetch manifest @unrs/resolver-binding-linux-arm64-gnu@1.12.2
885 silly packumentCache full:https://registry.npmjs.org/@unrs%2fresolver-binding-linux-arm64-gnu cache-miss
886 silly fetch manifest @unrs/resolver-binding-linux-arm64-musl@1.12.2
887 silly packumentCache full:https://registry.npmjs.org/@unrs%2fresolver-binding-linux-arm64-musl cache-miss
888 http cache https://registry.npmjs.org/resolve-pkg-maps 2ms (cache hit)
889 silly packumentCache full:https://registry.npmjs.org/resolve-pkg-maps set size:11615 disposed:false
890 silly fetch manifest @unrs/resolver-binding-openharmony-arm64@1.12.2
891 silly packumentCache full:https://registry.npmjs.org/@unrs%2fresolver-binding-openharmony-arm64 cache-miss
892 http cache https://registry.npmjs.org/picomatch 3ms (cache hit)
893 silly packumentCache full:https://registry.npmjs.org/picomatch set size:128942 disposed:false
894 silly fetch manifest @unrs/resolver-binding-android-arm-eabi@1.12.2
895 silly packumentCache full:https://registry.npmjs.org/@unrs%2fresolver-binding-android-arm-eabi cache-miss
896 http cache https://registry.npmjs.org/napi-postinstall 3ms (cache hit)
897 silly packumentCache full:https://registry.npmjs.org/napi-postinstall set size:41400 disposed:false
898 silly fetch manifest @unrs/resolver-binding-linux-arm-gnueabihf@1.12.2
899 silly packumentCache full:https://registry.npmjs.org/@unrs%2fresolver-binding-linux-arm-gnueabihf cache-miss
900 http cache https://registry.npmjs.org/@unrs%2fresolver-binding-darwin-arm64 4ms (cache hit)
901 silly packumentCache full:https://registry.npmjs.org/@unrs%2fresolver-binding-darwin-arm64 set size:63676 disposed:false
902 silly fetch manifest @unrs/resolver-binding-linux-arm-musleabihf@1.12.2
903 silly packumentCache full:https://registry.npmjs.org/@unrs%2fresolver-binding-linux-arm-musleabihf cache-miss
904 http cache https://registry.npmjs.org/@unrs%2fresolver-binding-android-arm64 4ms (cache hit)
905 silly packumentCache full:https://registry.npmjs.org/@unrs%2fresolver-binding-android-arm64 set size:17616 disposed:false
906 silly fetch manifest @unrs/resolver-binding-win32-ia32-msvc@1.12.2
907 silly packumentCache full:https://registry.npmjs.org/@unrs%2fresolver-binding-win32-ia32-msvc cache-miss
908 http cache https://registry.npmjs.org/fdir 4ms (cache hit)
909 silly packumentCache full:https://registry.npmjs.org/fdir set size:136182 disposed:false
910 silly fetch manifest @unrs/resolver-binding-linux-loong64-gnu@1.12.2
911 silly packumentCache full:https://registry.npmjs.org/@unrs%2fresolver-binding-linux-loong64-gnu cache-miss
912 http cache https://registry.npmjs.org/@unrs%2fresolver-binding-linux-arm64-gnu 4ms (cache hit)
913 silly packumentCache full:https://registry.npmjs.org/@unrs%2fresolver-binding-linux-arm64-gnu set size:65047 disposed:false
914 silly fetch manifest @unrs/resolver-binding-linux-loong64-musl@1.12.2
915 silly packumentCache full:https://registry.npmjs.org/@unrs%2fresolver-binding-linux-loong64-musl cache-miss
916 http cache https://registry.npmjs.org/@unrs%2fresolver-binding-win32-arm64-msvc 10ms (cache hit)
917 silly packumentCache full:https://registry.npmjs.org/@unrs%2fresolver-binding-win32-arm64-msvc set size:64613 disposed:false
918 silly fetch manifest @unrs/resolver-binding-linux-ppc64-gnu@1.12.2
919 silly packumentCache full:https://registry.npmjs.org/@unrs%2fresolver-binding-linux-ppc64-gnu cache-miss
920 http cache https://registry.npmjs.org/@unrs%2fresolver-binding-openharmony-arm64 10ms (cache hit)
921 silly packumentCache full:https://registry.npmjs.org/@unrs%2fresolver-binding-openharmony-arm64 set size:7350 disposed:false
922 silly fetch manifest @unrs/resolver-binding-linux-riscv64-gnu@1.12.2
923 silly packumentCache full:https://registry.npmjs.org/@unrs%2fresolver-binding-linux-riscv64-gnu cache-miss
924 http cache https://registry.npmjs.org/@unrs%2fresolver-binding-linux-arm64-musl 12ms (cache hit)
925 silly packumentCache full:https://registry.npmjs.org/@unrs%2fresolver-binding-linux-arm64-musl set size:65257 disposed:false
926 silly fetch manifest @unrs/resolver-binding-linux-riscv64-musl@1.12.2
927 silly packumentCache full:https://registry.npmjs.org/@unrs%2fresolver-binding-linux-riscv64-musl cache-miss
928 http cache https://registry.npmjs.org/@unrs%2fresolver-binding-linux-loong64-gnu 8ms (cache hit)
929 silly packumentCache full:https://registry.npmjs.org/@unrs%2fresolver-binding-linux-loong64-gnu set size:4107 disposed:false
930 silly fetch manifest @unrs/resolver-binding-linux-s390x-gnu@1.12.2
931 silly packumentCache full:https://registry.npmjs.org/@unrs%2fresolver-binding-linux-s390x-gnu cache-miss
932 http cache https://registry.npmjs.org/@unrs%2fresolver-binding-linux-loong64-musl 8ms (cache hit)
933 silly packumentCache full:https://registry.npmjs.org/@unrs%2fresolver-binding-linux-loong64-musl set size:4124 disposed:false
934 silly fetch manifest @unrs/resolver-binding-wasm32-wasi@1.12.2
935 silly packumentCache full:https://registry.npmjs.org/@unrs%2fresolver-binding-wasm32-wasi cache-miss
936 http cache https://registry.npmjs.org/@unrs%2fresolver-binding-linux-arm-gnueabihf 10ms (cache hit)
937 silly packumentCache full:https://registry.npmjs.org/@unrs%2fresolver-binding-linux-arm-gnueabihf set size:65279 disposed:false
938 silly fetch manifest @unrs/resolver-binding-darwin-x64@1.12.2
939 silly packumentCache full:https://registry.npmjs.org/@unrs%2fresolver-binding-darwin-x64 cache-miss
940 http cache https://registry.npmjs.org/@unrs%2fresolver-binding-android-arm-eabi 11ms (cache hit)
941 silly packumentCache full:https://registry.npmjs.org/@unrs%2fresolver-binding-android-arm-eabi set size:17797 disposed:false
942 silly fetch manifest @unrs/resolver-binding-win32-x64-msvc@1.12.2
943 silly packumentCache full:https://registry.npmjs.org/@unrs%2fresolver-binding-win32-x64-msvc cache-miss
944 http cache https://registry.npmjs.org/@unrs%2fresolver-binding-linux-ppc64-gnu 4ms (cache hit)
945 silly packumentCache full:https://registry.npmjs.org/@unrs%2fresolver-binding-linux-ppc64-gnu set size:65057 disposed:false
946 silly fetch manifest @unrs/resolver-binding-freebsd-x64@1.12.2
947 silly packumentCache full:https://registry.npmjs.org/@unrs%2fresolver-binding-freebsd-x64 cache-miss
948 http cache https://registry.npmjs.org/@unrs%2fresolver-binding-linux-arm-musleabihf 10ms (cache hit)
949 silly packumentCache full:https://registry.npmjs.org/@unrs%2fresolver-binding-linux-arm-musleabihf set size:65533 disposed:false
950 silly fetch manifest @unrs/resolver-binding-linux-x64-gnu@1.12.2
951 silly packumentCache full:https://registry.npmjs.org/@unrs%2fresolver-binding-linux-x64-gnu cache-miss
952 http cache https://registry.npmjs.org/@unrs%2fresolver-binding-win32-ia32-msvc 10ms (cache hit)
953 silly packumentCache full:https://registry.npmjs.org/@unrs%2fresolver-binding-win32-ia32-msvc set size:64317 disposed:false
954 silly fetch manifest @unrs/resolver-binding-linux-x64-musl@1.12.2
955 silly packumentCache full:https://registry.npmjs.org/@unrs%2fresolver-binding-linux-x64-musl cache-miss
956 http cache https://registry.npmjs.org/@unrs%2fresolver-binding-linux-riscv64-gnu 3ms (cache hit)
957 silly packumentCache full:https://registry.npmjs.org/@unrs%2fresolver-binding-linux-riscv64-gnu set size:56387 disposed:false
958 http cache https://registry.npmjs.org/@unrs%2fresolver-binding-win32-x64-msvc 3ms (cache hit)
959 silly packumentCache full:https://registry.npmjs.org/@unrs%2fresolver-binding-win32-x64-msvc set size:64034 disposed:false
960 http cache https://registry.npmjs.org/@unrs%2fresolver-binding-freebsd-x64 3ms (cache hit)
961 silly packumentCache full:https://registry.npmjs.org/@unrs%2fresolver-binding-freebsd-x64 set size:63388 disposed:false
962 http cache https://registry.npmjs.org/@unrs%2fresolver-binding-darwin-x64 3ms (cache hit)
963 silly packumentCache full:https://registry.npmjs.org/@unrs%2fresolver-binding-darwin-x64 set size:63092 disposed:false
964 http cache https://registry.npmjs.org/@unrs%2fresolver-binding-linux-riscv64-musl 4ms (cache hit)
965 silly packumentCache full:https://registry.npmjs.org/@unrs%2fresolver-binding-linux-riscv64-musl set size:45710 disposed:false
966 http cache https://registry.npmjs.org/@unrs%2fresolver-binding-linux-s390x-gnu 4ms (cache hit)
967 silly packumentCache full:https://registry.npmjs.org/@unrs%2fresolver-binding-linux-s390x-gnu set size:65047 disposed:false
968 http cache https://registry.npmjs.org/@unrs%2fresolver-binding-linux-x64-gnu 4ms (cache hit)
969 silly packumentCache full:https://registry.npmjs.org/@unrs%2fresolver-binding-linux-x64-gnu set size:64469 disposed:false
970 http cache https://registry.npmjs.org/@unrs%2fresolver-binding-wasm32-wasi 5ms (cache hit)
971 silly packumentCache full:https://registry.npmjs.org/@unrs%2fresolver-binding-wasm32-wasi set size:67358 disposed:false
972 http cache https://registry.npmjs.org/@unrs%2fresolver-binding-linux-x64-musl 3ms (cache hit)
973 silly packumentCache full:https://registry.npmjs.org/@unrs%2fresolver-binding-linux-x64-musl set size:64685 disposed:false
974 silly placeDep ROOT @rtsao/scc@1.1.0 OK for: eslint-plugin-import@2.32.0 want: ^1.1.0
975 silly placeDep ROOT array-includes@3.1.9 OK for: eslint-plugin-import@2.32.0 want: ^3.1.9
976 silly placeDep ROOT array.prototype.findlastindex@1.2.6 OK for: eslint-plugin-import@2.32.0 want: ^1.2.6
977 silly placeDep ROOT array.prototype.flat@1.3.3 OK for: eslint-plugin-import@2.32.0 want: ^1.3.3
978 silly placeDep ROOT array.prototype.flatmap@1.3.3 OK for: eslint-plugin-import@2.32.0 want: ^1.3.3
979 silly placeDep node_modules/eslint-plugin-import debug@3.2.7 OK for: eslint-plugin-import@2.32.0 want: ^3.2.7
980 silly placeDep ROOT doctrine@2.1.0 OK for: eslint-plugin-import@2.32.0 want: ^2.1.0
981 silly placeDep ROOT eslint-module-utils@2.14.0 OK for: eslint-plugin-import@2.32.0 want: ^2.12.1
982 silly placeDep ROOT hasown@2.0.4 OK for: eslint-plugin-import@2.32.0 want: ^2.0.2
983 silly placeDep ROOT object.fromentries@2.0.8 OK for: eslint-plugin-import@2.32.0 want: ^2.0.8
984 silly placeDep ROOT object.groupby@1.0.3 OK for: eslint-plugin-import@2.32.0 want: ^1.0.3
985 silly placeDep ROOT object.values@1.2.1 OK for: eslint-plugin-import@2.32.0 want: ^1.2.1
986 silly placeDep ROOT semver@6.3.1 OK for: eslint-plugin-import@2.32.0 want: ^6.3.1
987 silly placeDep ROOT string.prototype.trimend@1.0.10 OK for: eslint-plugin-import@2.32.0 want: ^1.0.9
988 silly placeDep ROOT tsconfig-paths@3.15.0 OK for: eslint-plugin-import@2.32.0 want: ^3.15.0
989 silly fetch manifest call-bind@^1.0.8
990 silly packumentCache full:https://registry.npmjs.org/call-bind cache-miss
991 silly fetch manifest call-bound@^1.0.4
992 silly packumentCache full:https://registry.npmjs.org/call-bound cache-miss
993 silly fetch manifest define-properties@^1.2.1
994 silly packumentCache full:https://registry.npmjs.org/define-properties cache-miss
995 silly fetch manifest es-abstract@^1.24.0
996 silly packumentCache full:https://registry.npmjs.org/es-abstract cache-miss
997 silly fetch manifest es-object-atoms@^1.1.1
998 silly packumentCache full:https://registry.npmjs.org/es-object-atoms cache-miss
999 silly fetch manifest get-intrinsic@^1.3.0
1000 silly packumentCache full:https://registry.npmjs.org/get-intrinsic cache-miss
1001 silly fetch manifest is-string@^1.1.1
1002 silly packumentCache full:https://registry.npmjs.org/is-string cache-miss
1003 silly fetch manifest math-intrinsics@^1.1.0
1004 silly packumentCache full:https://registry.npmjs.org/math-intrinsics cache-miss
1005 silly fetch manifest call-bind@^1.0.8
1006 silly packumentCache full:https://registry.npmjs.org/call-bind cache-miss
1007 http cache https://registry.npmjs.org/define-properties 7ms (cache hit)
1008 silly packumentCache full:https://registry.npmjs.org/define-properties set size:31491 disposed:false
1009 silly fetch manifest call-bound@^1.0.4
1010 silly packumentCache full:https://registry.npmjs.org/call-bound cache-miss
1011 http cache https://registry.npmjs.org/call-bind 7ms (cache hit)
1012 silly packumentCache full:https://registry.npmjs.org/call-bind set size:32985 disposed:false
1013 silly fetch manifest es-abstract@^1.23.9
1014 silly packumentCache full:https://registry.npmjs.org/es-abstract cache-miss
1015 http cache https://registry.npmjs.org/call-bound 8ms (cache hit)
1016 silly packumentCache full:https://registry.npmjs.org/call-bound set size:15317 disposed:false
1017 silly fetch manifest es-object-atoms@^1.1.1
1018 silly packumentCache full:https://registry.npmjs.org/es-object-atoms cache-miss
1019 http cache https://registry.npmjs.org/get-intrinsic 8ms (cache hit)
1020 silly packumentCache full:https://registry.npmjs.org/get-intrinsic set size:60985 disposed:false
1021 silly fetch manifest es-shim-unscopables@^1.1.0
1022 silly packumentCache full:https://registry.npmjs.org/es-shim-unscopables cache-miss
1023 http cache https://registry.npmjs.org/is-string 8ms (cache hit)
1024 silly packumentCache full:https://registry.npmjs.org/is-string set size:29636 disposed:false
1025 silly fetch manifest es-abstract@^1.23.5
1026 silly packumentCache full:https://registry.npmjs.org/es-abstract cache-miss
1027 http cache https://registry.npmjs.org/call-bind 9ms (cache hit)
1028 silly packumentCache full:https://registry.npmjs.org/call-bind set size:32985 disposed:false
1029 silly packumentCache full:https://registry.npmjs.org/call-bind dispose
1030 silly fetch manifest es-shim-unscopables@^1.0.2
1031 silly packumentCache full:https://registry.npmjs.org/es-shim-unscopables cache-miss
1032 http cache https://registry.npmjs.org/math-intrinsics 9ms (cache hit)
1033 silly packumentCache full:https://registry.npmjs.org/math-intrinsics set size:9265 disposed:false
1034 silly fetch manifest es-abstract@^1.23.5
1035 silly packumentCache full:https://registry.npmjs.org/es-abstract cache-miss
1036 http cache https://registry.npmjs.org/es-object-atoms 10ms (cache hit)
1037 silly packumentCache full:https://registry.npmjs.org/es-object-atoms set size:18278 disposed:false
1038 silly fetch manifest es-shim-unscopables@^1.0.2
1039 silly packumentCache full:https://registry.npmjs.org/es-shim-unscopables cache-miss
1040 http cache https://registry.npmjs.org/es-abstract 10ms (cache hit)
1041 silly packumentCache full:https://registry.npmjs.org/es-abstract set size:384124 disposed:false
1042 silly fetch manifest function-bind@^1.1.2
1043 silly packumentCache full:https://registry.npmjs.org/function-bind cache-miss
1044 http cache https://registry.npmjs.org/call-bound 5ms (cache hit)
1045 silly packumentCache full:https://registry.npmjs.org/call-bound set size:15317 disposed:false
1046 silly packumentCache full:https://registry.npmjs.org/call-bound dispose
1047 silly fetch manifest call-bind@^1.0.7
1048 silly packumentCache full:https://registry.npmjs.org/call-bind cache-hit
1049 silly fetch manifest es-abstract@^1.23.2
1050 silly packumentCache full:https://registry.npmjs.org/es-abstract cache-hit
1051 silly fetch manifest es-object-atoms@^1.0.0
1052 silly packumentCache full:https://registry.npmjs.org/es-object-atoms cache-hit
1053 silly fetch manifest call-bound@^1.0.3
1054 silly packumentCache full:https://registry.npmjs.org/call-bound cache-hit
1055 silly fetch manifest call-bind@^1.0.9
1056 silly packumentCache full:https://registry.npmjs.org/call-bind cache-hit
1057 silly fetch manifest es-object-atoms@^1.1.2
1058 silly packumentCache full:https://registry.npmjs.org/es-object-atoms cache-hit
1059 silly fetch manifest json5@^1.0.2
1060 silly packumentCache full:https://registry.npmjs.org/json5 cache-miss
1061 http cache https://registry.npmjs.org/es-abstract 6ms (cache hit)
1062 silly packumentCache full:https://registry.npmjs.org/es-abstract set size:384124 disposed:false
1063 silly packumentCache full:https://registry.npmjs.org/es-abstract dispose
1064 silly fetch manifest minimist@^1.2.6
1065 silly packumentCache full:https://registry.npmjs.org/minimist cache-miss
1066 http cache https://registry.npmjs.org/es-object-atoms 6ms (cache hit)
1067 silly packumentCache full:https://registry.npmjs.org/es-object-atoms set size:18278 disposed:false
1068 silly packumentCache full:https://registry.npmjs.org/es-object-atoms dispose
1069 silly fetch manifest strip-bom@^3.0.0
1070 silly packumentCache full:https://registry.npmjs.org/strip-bom cache-miss
1071 http cache https://registry.npmjs.org/es-abstract 7ms (cache hit)
1072 silly packumentCache full:https://registry.npmjs.org/es-abstract set size:384124 disposed:true
1073 silly packumentCache full:https://registry.npmjs.org/es-abstract dispose
1074 silly fetch manifest @types/json5@^0.0.29
1075 silly packumentCache full:https://registry.npmjs.org/@types%2fjson5 cache-miss
1076 http cache https://registry.npmjs.org/es-shim-unscopables 7ms (cache hit)
1077 silly packumentCache full:https://registry.npmjs.org/es-shim-unscopables set size:13965 disposed:false
1078 http cache https://registry.npmjs.org/es-shim-unscopables 7ms (cache hit)
1079 silly packumentCache full:https://registry.npmjs.org/es-shim-unscopables set size:13965 disposed:false
1080 silly packumentCache full:https://registry.npmjs.org/es-shim-unscopables dispose
1081 http cache https://registry.npmjs.org/es-abstract 7ms (cache hit)
1082 silly packumentCache full:https://registry.npmjs.org/es-abstract set size:384124 disposed:true
1083 silly packumentCache full:https://registry.npmjs.org/es-abstract dispose
1084 http cache https://registry.npmjs.org/es-shim-unscopables 7ms (cache hit)
1085 silly packumentCache full:https://registry.npmjs.org/es-shim-unscopables set size:13965 disposed:true
1086 silly packumentCache full:https://registry.npmjs.org/es-shim-unscopables dispose
1087 http cache https://registry.npmjs.org/function-bind 6ms (cache hit)
1088 silly packumentCache full:https://registry.npmjs.org/function-bind set size:15733 disposed:false
1089 http cache https://registry.npmjs.org/@types%2fjson5 3ms (cache hit)
1090 silly packumentCache full:https://registry.npmjs.org/@types%2fjson5 set size:19581 disposed:false
1091 http cache https://registry.npmjs.org/strip-bom 4ms (cache hit)
1092 silly packumentCache full:https://registry.npmjs.org/strip-bom set size:19359 disposed:false
1093 http cache https://registry.npmjs.org/json5 5ms (cache hit)
1094 silly packumentCache full:https://registry.npmjs.org/json5 set size:86136 disposed:false
1095 http cache https://registry.npmjs.org/minimist 5ms (cache hit)
1096 silly packumentCache full:https://registry.npmjs.org/minimist set size:77063 disposed:false
1097 silly placeDep ROOT call-bind@1.0.9 OK for: array-includes@3.1.9 want: ^1.0.8
1098 silly placeDep ROOT call-bound@1.0.4 OK for: array-includes@3.1.9 want: ^1.0.4
1099 silly placeDep ROOT define-properties@1.2.1 OK for: array-includes@3.1.9 want: ^1.2.1
1100 silly placeDep ROOT es-abstract@1.24.2 OK for: array-includes@3.1.9 want: ^1.24.0
1101 silly placeDep ROOT es-object-atoms@1.1.2 OK for: array-includes@3.1.9 want: ^1.1.1
1102 silly placeDep ROOT get-intrinsic@1.3.0 OK for: array-includes@3.1.9 want: ^1.3.0
1103 silly placeDep ROOT is-string@1.1.1 OK for: array-includes@3.1.9 want: ^1.1.1
1104 silly placeDep ROOT math-intrinsics@1.1.0 OK for: array-includes@3.1.9 want: ^1.1.0
1105 silly fetch manifest call-bind-apply-helpers@^1.0.2
1106 silly packumentCache full:https://registry.npmjs.org/call-bind-apply-helpers cache-miss
1107 silly fetch manifest es-define-property@^1.0.1
1108 silly packumentCache full:https://registry.npmjs.org/es-define-property cache-miss
1109 silly fetch manifest set-function-length@^1.2.2
1110 silly packumentCache full:https://registry.npmjs.org/set-function-length cache-miss
1111 silly fetch manifest call-bind-apply-helpers@^1.0.2
1112 silly packumentCache full:https://registry.npmjs.org/call-bind-apply-helpers cache-miss
1113 silly fetch manifest define-data-property@^1.0.1
1114 silly packumentCache full:https://registry.npmjs.org/define-data-property cache-miss
1115 silly fetch manifest has-property-descriptors@^1.0.0
1116 silly packumentCache full:https://registry.npmjs.org/has-property-descriptors cache-miss
1117 silly fetch manifest array-buffer-byte-length@^1.0.2
1118 silly packumentCache full:https://registry.npmjs.org/array-buffer-byte-length cache-miss
1119 silly fetch manifest arraybuffer.prototype.slice@^1.0.4
1120 silly packumentCache full:https://registry.npmjs.org/arraybuffer.prototype.slice cache-miss
1121 silly fetch manifest available-typed-arrays@^1.0.7
1122 silly packumentCache full:https://registry.npmjs.org/available-typed-arrays cache-miss
1123 http cache https://registry.npmjs.org/call-bind-apply-helpers 3ms (cache hit)
1124 silly packumentCache full:https://registry.npmjs.org/call-bind-apply-helpers set size:12744 disposed:false
1125 silly fetch manifest data-view-buffer@^1.0.2
1126 silly packumentCache full:https://registry.npmjs.org/data-view-buffer cache-miss
1127 http cache https://registry.npmjs.org/array-buffer-byte-length 4ms (cache hit)
1128 silly packumentCache full:https://registry.npmjs.org/array-buffer-byte-length set size:13099 disposed:false
1129 silly fetch manifest data-view-byte-length@^1.0.2
1130 silly packumentCache full:https://registry.npmjs.org/data-view-byte-length cache-miss
1131 http cache https://registry.npmjs.org/set-function-length 4ms (cache hit)
1132 silly packumentCache full:https://registry.npmjs.org/set-function-length set size:24261 disposed:false
1133 silly fetch manifest data-view-byte-offset@^1.0.1
1134 silly packumentCache full:https://registry.npmjs.org/data-view-byte-offset cache-miss
1135 http cache https://registry.npmjs.org/available-typed-arrays 3ms (cache hit)
1136 silly packumentCache full:https://registry.npmjs.org/available-typed-arrays set size:31390 disposed:false
1137 silly fetch manifest es-define-property@^1.0.1
1138 silly packumentCache full:https://registry.npmjs.org/es-define-property cache-miss
1139 http cache https://registry.npmjs.org/define-data-property 5ms (cache hit)
1140 silly packumentCache full:https://registry.npmjs.org/define-data-property set size:28048 disposed:false
1141 silly fetch manifest es-set-tostringtag@^2.1.0
1142 silly packumentCache full:https://registry.npmjs.org/es-set-tostringtag cache-miss
1143 http cache https://registry.npmjs.org/arraybuffer.prototype.slice 4ms (cache hit)
1144 silly packumentCache full:https://registry.npmjs.org/arraybuffer.prototype.slice set size:20917 disposed:false
1145 silly fetch manifest es-to-primitive@^1.3.0
1146 silly packumentCache full:https://registry.npmjs.org/es-to-primitive cache-miss
1147 http cache https://registry.npmjs.org/call-bind-apply-helpers 5ms (cache hit)
1148 silly packumentCache full:https://registry.npmjs.org/call-bind-apply-helpers set size:12744 disposed:false
1149 silly packumentCache full:https://registry.npmjs.org/call-bind-apply-helpers dispose
1150 silly fetch manifest function.prototype.name@^1.1.8
1151 silly packumentCache full:https://registry.npmjs.org/function.prototype.name cache-miss
1152 http cache https://registry.npmjs.org/es-define-property 5ms (cache hit)
1153 silly packumentCache full:https://registry.npmjs.org/es-define-property set size:8542 disposed:false
1154 silly fetch manifest get-proto@^1.0.1
1155 silly packumentCache full:https://registry.npmjs.org/get-proto cache-miss
1156 http cache https://registry.npmjs.org/has-property-descriptors 5ms (cache hit)
1157 silly packumentCache full:https://registry.npmjs.org/has-property-descriptors set size:12452 disposed:false
1158 silly fetch manifest get-symbol-description@^1.1.0
1159 silly packumentCache full:https://registry.npmjs.org/get-symbol-description cache-miss
1160 http cache https://registry.npmjs.org/es-define-property 3ms (cache hit)
1161 silly packumentCache full:https://registry.npmjs.org/es-define-property set size:8542 disposed:false
1162 silly packumentCache full:https://registry.npmjs.org/es-define-property dispose
1163 silly fetch manifest globalthis@^1.0.4
1164 silly packumentCache full:https://registry.npmjs.org/globalthis cache-miss
1165 http cache https://registry.npmjs.org/data-view-buffer 3ms (cache hit)
1166 silly packumentCache full:https://registry.npmjs.org/data-view-buffer set size:11789 disposed:false
1167 silly fetch manifest gopd@^1.2.0
1168 silly packumentCache full:https://registry.npmjs.org/gopd cache-miss
1169 http cache https://registry.npmjs.org/es-set-tostringtag 3ms (cache hit)
1170 silly packumentCache full:https://registry.npmjs.org/es-set-tostringtag set size:22094 disposed:false
1171 silly fetch manifest has-property-descriptors@^1.0.2
1172 silly packumentCache full:https://registry.npmjs.org/has-property-descriptors cache-hit
1173 silly fetch manifest has-proto@^1.2.0
1174 silly packumentCache full:https://registry.npmjs.org/has-proto cache-miss
1175 http cache https://registry.npmjs.org/data-view-byte-length 4ms (cache hit)
1176 silly packumentCache full:https://registry.npmjs.org/data-view-byte-length set size:12269 disposed:false
1177 silly fetch manifest has-symbols@^1.1.0
1178 silly packumentCache full:https://registry.npmjs.org/has-symbols cache-miss
1179 http cache https://registry.npmjs.org/data-view-byte-offset 4ms (cache hit)
1180 silly packumentCache full:https://registry.npmjs.org/data-view-byte-offset set size:9200 disposed:false
1181 silly fetch manifest internal-slot@^1.1.0
1182 silly packumentCache full:https://registry.npmjs.org/internal-slot cache-miss
1183 http cache https://registry.npmjs.org/function.prototype.name 3ms (cache hit)
1184 silly packumentCache full:https://registry.npmjs.org/function.prototype.name set size:48566 disposed:false
1185 silly fetch manifest is-array-buffer@^3.0.5
1186 silly packumentCache full:https://registry.npmjs.org/is-array-buffer cache-miss
1187 http cache https://registry.npmjs.org/get-proto 4ms (cache hit)
1188 silly packumentCache full:https://registry.npmjs.org/get-proto set size:8300 disposed:false
1189 silly fetch manifest is-callable@^1.2.7
1190 silly packumentCache full:https://registry.npmjs.org/is-callable cache-miss
1191 http cache https://registry.npmjs.org/es-to-primitive 4ms (cache hit)
1192 silly packumentCache full:https://registry.npmjs.org/es-to-primitive set size:35315 disposed:false
1193 silly fetch manifest is-data-view@^1.0.2
1194 silly packumentCache full:https://registry.npmjs.org/is-data-view cache-miss
1195 http cache https://registry.npmjs.org/get-symbol-description 3ms (cache hit)
1196 silly packumentCache full:https://registry.npmjs.org/get-symbol-description set size:15540 disposed:false
1197 silly fetch manifest is-negative-zero@^2.0.3
1198 silly packumentCache full:https://registry.npmjs.org/is-negative-zero cache-miss
1199 http cache https://registry.npmjs.org/gopd 3ms (cache hit)
1200 silly packumentCache full:https://registry.npmjs.org/gopd set size:11483 disposed:false
1201 silly fetch manifest is-regex@^1.2.1
1202 silly packumentCache full:https://registry.npmjs.org/is-regex cache-miss
1203 http cache https://registry.npmjs.org/globalthis 5ms (cache hit)
1204 silly packumentCache full:https://registry.npmjs.org/globalthis set size:22522 disposed:false
1205 silly fetch manifest is-set@^2.0.3
1206 silly packumentCache full:https://registry.npmjs.org/is-set cache-miss
1207 http cache https://registry.npmjs.org/has-proto 4ms (cache hit)
1208 silly packumentCache full:https://registry.npmjs.org/has-proto set size:21527 disposed:false
1209 silly fetch manifest is-shared-array-buffer@^1.0.4
1210 silly packumentCache full:https://registry.npmjs.org/is-shared-array-buffer cache-miss
1211 http cache https://registry.npmjs.org/internal-slot 5ms (cache hit)
1212 silly packumentCache full:https://registry.npmjs.org/internal-slot set size:30267 disposed:false
1213 silly fetch manifest is-typed-array@^1.1.15
1214 silly packumentCache full:https://registry.npmjs.org/is-typed-array cache-miss
1215 http cache https://registry.npmjs.org/has-symbols 5ms (cache hit)
1216 silly packumentCache full:https://registry.npmjs.org/has-symbols set size:21550 disposed:false
1217 silly fetch manifest is-weakref@^1.1.1
1218 silly packumentCache full:https://registry.npmjs.org/is-weakref cache-miss
1219 http cache https://registry.npmjs.org/is-negative-zero 4ms (cache hit)
1220 silly packumentCache full:https://registry.npmjs.org/is-negative-zero set size:22152 disposed:false
1221 silly fetch manifest object-inspect@^1.13.4
1222 silly packumentCache full:https://registry.npmjs.org/object-inspect cache-miss
1223 http cache https://registry.npmjs.org/is-array-buffer 5ms (cache hit)
1224 silly packumentCache full:https://registry.npmjs.org/is-array-buffer set size:33562 disposed:false
1225 silly fetch manifest object.assign@^4.1.7
1226 silly packumentCache full:https://registry.npmjs.org/object.assign cache-miss
1227 http cache https://registry.npmjs.org/is-callable 5ms (cache hit)
1228 silly packumentCache full:https://registry.npmjs.org/is-callable set size:66606 disposed:false
1229 silly fetch manifest own-keys@^1.0.1
1230 silly packumentCache full:https://registry.npmjs.org/own-keys cache-miss
1231 http cache https://registry.npmjs.org/is-regex 3ms (cache hit)
1232 silly packumentCache full:https://registry.npmjs.org/is-regex set size:42924 disposed:false
1233 silly fetch manifest regexp.prototype.flags@^1.5.4
1234 silly packumentCache full:https://registry.npmjs.org/regexp.prototype.flags cache-miss
1235 http cache https://registry.npmjs.org/is-data-view 7ms (cache hit)
1236 silly packumentCache full:https://registry.npmjs.org/is-data-view set size:13756 disposed:false
1237 silly fetch manifest safe-array-concat@^1.1.3
1238 silly packumentCache full:https://registry.npmjs.org/safe-array-concat cache-miss
1239 http cache https://registry.npmjs.org/is-typed-array 3ms (cache hit)
1240 silly packumentCache full:https://registry.npmjs.org/is-typed-array set size:79965 disposed:false
1241 silly fetch manifest safe-push-apply@^1.0.0
1242 silly packumentCache full:https://registry.npmjs.org/safe-push-apply cache-miss
1243 http cache https://registry.npmjs.org/is-set 5ms (cache hit)
1244 silly packumentCache full:https://registry.npmjs.org/is-set set size:16614 disposed:false
1245 silly fetch manifest safe-regex-test@^1.1.0
1246 silly packumentCache full:https://registry.npmjs.org/safe-regex-test cache-hit
1247 silly fetch manifest set-proto@^1.0.0
1248 silly packumentCache full:https://registry.npmjs.org/set-proto cache-miss
1249 http cache https://registry.npmjs.org/is-shared-array-buffer 4ms (cache hit)
1250 silly packumentCache full:https://registry.npmjs.org/is-shared-array-buffer set size:19880 disposed:false
1251 silly fetch manifest stop-iteration-iterator@^1.1.0
1252 silly packumentCache full:https://registry.npmjs.org/stop-iteration-iterator cache-miss
1253 http cache https://registry.npmjs.org/is-weakref 4ms (cache hit)
1254 silly packumentCache full:https://registry.npmjs.org/is-weakref set size:18473 disposed:false
1255 silly fetch manifest string.prototype.trim@^1.2.10
1256 silly packumentCache full:https://registry.npmjs.org/string.prototype.trim cache-miss
1257 http cache https://registry.npmjs.org/object-inspect 4ms (cache hit)
1258 silly packumentCache full:https://registry.npmjs.org/object-inspect set size:101927 disposed:false
1259 silly fetch manifest string.prototype.trimstart@^1.0.8
1260 silly packumentCache full:https://registry.npmjs.org/string.prototype.trimstart cache-miss
1261 http cache https://registry.npmjs.org/object.assign 4ms (cache hit)
1262 silly packumentCache full:https://registry.npmjs.org/object.assign set size:85907 disposed:false
1263 silly fetch manifest typed-array-buffer@^1.0.3
1264 silly packumentCache full:https://registry.npmjs.org/typed-array-buffer cache-miss
1265 http cache https://registry.npmjs.org/own-keys 6ms (cache hit)
1266 silly packumentCache full:https://registry.npmjs.org/own-keys set size:11888 disposed:false
1267 silly fetch manifest typed-array-byte-length@^1.0.3
1268 silly packumentCache full:https://registry.npmjs.org/typed-array-byte-length cache-miss
1269 http cache https://registry.npmjs.org/regexp.prototype.flags 4ms (cache hit)
1270 silly packumentCache full:https://registry.npmjs.org/regexp.prototype.flags set size:60621 disposed:false
1271 silly fetch manifest typed-array-byte-offset@^1.0.4
1272 silly packumentCache full:https://registry.npmjs.org/typed-array-byte-offset cache-miss
1273 http cache https://registry.npmjs.org/set-proto 4ms (cache hit)
1274 silly packumentCache full:https://registry.npmjs.org/set-proto set size:5334 disposed:false
1275 silly fetch manifest typed-array-length@^1.0.7
1276 silly packumentCache full:https://registry.npmjs.org/typed-array-length cache-miss
1277 http cache https://registry.npmjs.org/safe-array-concat 5ms (cache hit)
1278 silly packumentCache full:https://registry.npmjs.org/safe-array-concat set size:25516 disposed:false
1279 silly fetch manifest unbox-primitive@^1.1.0
1280 silly packumentCache full:https://registry.npmjs.org/unbox-primitive cache-miss
1281 http cache https://registry.npmjs.org/safe-push-apply 4ms (cache hit)
1282 silly packumentCache full:https://registry.npmjs.org/safe-push-apply set size:5759 disposed:false
1283 silly fetch manifest which-typed-array@^1.1.19
1284 silly packumentCache full:https://registry.npmjs.org/which-typed-array cache-miss
1285 http cache https://registry.npmjs.org/string.prototype.trim 3ms (cache hit)
1286 silly packumentCache full:https://registry.npmjs.org/string.prototype.trim set size:57416 disposed:false
1287 silly fetch manifest has-tostringtag@^1.0.2
1288 silly packumentCache full:https://registry.npmjs.org/has-tostringtag cache-miss
1289 http cache https://registry.npmjs.org/stop-iteration-iterator 5ms (cache hit)
1290 silly packumentCache full:https://registry.npmjs.org/stop-iteration-iterator set size:9160 disposed:false
1291 http cache https://registry.npmjs.org/string.prototype.trimstart 4ms (cache hit)
1292 silly packumentCache full:https://registry.npmjs.org/string.prototype.trimstart set size:38291 disposed:false
1293 http cache https://registry.npmjs.org/typed-array-buffer 3ms (cache hit)
1294 silly packumentCache full:https://registry.npmjs.org/typed-array-buffer set size:14045 disposed:false
1295 http cache https://registry.npmjs.org/typed-array-byte-length 3ms (cache hit)
1296 silly packumentCache full:https://registry.npmjs.org/typed-array-byte-length set size:18382 disposed:false
1297 http cache https://registry.npmjs.org/typed-array-length 2ms (cache hit)
1298 silly packumentCache full:https://registry.npmjs.org/typed-array-length set size:35665 disposed:false
1299 http cache https://registry.npmjs.org/typed-array-byte-offset 3ms (cache hit)
1300 silly packumentCache full:https://registry.npmjs.org/typed-array-byte-offset set size:21714 disposed:false
1301 http cache https://registry.npmjs.org/unbox-primitive 3ms (cache hit)
1302 silly packumentCache full:https://registry.npmjs.org/unbox-primitive set size:15669 disposed:false
1303 http cache https://registry.npmjs.org/which-typed-array 3ms (cache hit)
1304 silly packumentCache full:https://registry.npmjs.org/which-typed-array set size:101551 disposed:false
1305 http cache https://registry.npmjs.org/has-tostringtag 3ms (cache hit)
1306 silly packumentCache full:https://registry.npmjs.org/has-tostringtag set size:13945 disposed:false
1307 silly placeDep ROOT es-errors@1.3.0 OK for: array.prototype.findlastindex@1.2.6 want: ^1.3.0
1308 silly placeDep ROOT es-shim-unscopables@1.1.0 OK for: array.prototype.findlastindex@1.2.6 want: ^1.1.0
1309 silly placeDep ROOT call-bind-apply-helpers@1.0.2 OK for: call-bind@1.0.9 want: ^1.0.2
1310 silly placeDep ROOT es-define-property@1.0.1 OK for: call-bind@1.0.9 want: ^1.0.1
1311 silly placeDep ROOT set-function-length@1.2.2 OK for: call-bind@1.0.9 want: ^1.2.2
1312 silly fetch manifest define-data-property@^1.1.4
1313 silly packumentCache full:https://registry.npmjs.org/define-data-property cache-hit
1314 silly fetch manifest gopd@^1.0.1
1315 silly packumentCache full:https://registry.npmjs.org/gopd cache-hit
1316 silly placeDep ROOT function-bind@1.1.2 OK for: call-bind-apply-helpers@1.0.2 want: ^1.1.2
1317 silly placeDep ROOT define-data-property@1.1.4 OK for: define-properties@1.2.1 want: ^1.0.1
1318 silly placeDep ROOT has-property-descriptors@1.0.2 OK for: define-properties@1.2.1 want: ^1.0.0
1319 silly placeDep ROOT object-keys@1.1.1 OK for: define-properties@1.2.1 want: ^1.1.1
1320 silly placeDep ROOT gopd@1.2.0 OK for: define-data-property@1.1.4 want: ^1.0.1
1321 silly placeDep ROOT array-buffer-byte-length@1.0.2 OK for: es-abstract@1.24.2 want: ^1.0.2
1322 silly placeDep ROOT arraybuffer.prototype.slice@1.0.4 OK for: es-abstract@1.24.2 want: ^1.0.4
1323 silly placeDep ROOT available-typed-arrays@1.0.7 OK for: es-abstract@1.24.2 want: ^1.0.7
1324 silly placeDep ROOT data-view-buffer@1.0.2 OK for: es-abstract@1.24.2 want: ^1.0.2
1325 silly placeDep ROOT data-view-byte-length@1.0.2 OK for: es-abstract@1.24.2 want: ^1.0.2
1326 silly placeDep ROOT data-view-byte-offset@1.0.1 OK for: es-abstract@1.24.2 want: ^1.0.1
1327 silly placeDep ROOT es-set-tostringtag@2.1.0 OK for: es-abstract@1.24.2 want: ^2.1.0
1328 silly placeDep ROOT es-to-primitive@1.3.4 OK for: es-abstract@1.24.2 want: ^1.3.0
1329 silly placeDep ROOT function.prototype.name@1.2.0 OK for: es-abstract@1.24.2 want: ^1.1.8
1330 silly placeDep ROOT get-proto@1.0.1 OK for: es-abstract@1.24.2 want: ^1.0.1
1331 silly placeDep ROOT get-symbol-description@1.1.0 OK for: es-abstract@1.24.2 want: ^1.1.0
1332 silly placeDep ROOT globalthis@1.0.4 OK for: es-abstract@1.24.2 want: ^1.0.4
1333 silly placeDep ROOT has-proto@1.2.0 OK for: es-abstract@1.24.2 want: ^1.2.0
1334 silly placeDep ROOT has-symbols@1.1.0 OK for: es-abstract@1.24.2 want: ^1.1.0
1335 silly placeDep ROOT internal-slot@1.1.0 OK for: es-abstract@1.24.2 want: ^1.1.0
1336 silly placeDep ROOT is-array-buffer@3.0.5 OK for: es-abstract@1.24.2 want: ^3.0.5
1337 silly placeDep ROOT is-callable@1.2.7 OK for: es-abstract@1.24.2 want: ^1.2.7
1338 silly placeDep ROOT is-data-view@1.0.2 OK for: es-abstract@1.24.2 want: ^1.0.2
1339 silly placeDep ROOT is-negative-zero@2.0.3 OK for: es-abstract@1.24.2 want: ^2.0.3
1340 silly placeDep ROOT is-regex@1.2.1 OK for: es-abstract@1.24.2 want: ^1.2.1
1341 silly placeDep ROOT is-set@2.0.3 OK for: es-abstract@1.24.2 want: ^2.0.3
1342 silly placeDep ROOT is-shared-array-buffer@1.0.4 OK for: es-abstract@1.24.2 want: ^1.0.4
1343 silly placeDep ROOT is-typed-array@1.1.15 OK for: es-abstract@1.24.2 want: ^1.1.15
1344 silly placeDep ROOT is-weakref@1.1.1 OK for: es-abstract@1.24.2 want: ^1.1.1
1345 silly placeDep ROOT object-inspect@1.13.4 OK for: es-abstract@1.24.2 want: ^1.13.4
1346 silly placeDep ROOT object.assign@4.1.7 OK for: es-abstract@1.24.2 want: ^4.1.7
1347 silly placeDep ROOT own-keys@1.0.2 OK for: es-abstract@1.24.2 want: ^1.0.1
1348 silly placeDep ROOT regexp.prototype.flags@1.5.4 OK for: es-abstract@1.24.2 want: ^1.5.4
1349 silly placeDep ROOT safe-array-concat@1.1.4 OK for: es-abstract@1.24.2 want: ^1.1.3
1350 silly placeDep ROOT safe-push-apply@1.0.0 OK for: es-abstract@1.24.2 want: ^1.0.0
1351 silly placeDep ROOT safe-regex-test@1.1.0 OK for: es-abstract@1.24.2 want: ^1.1.0
1352 silly placeDep ROOT set-proto@1.0.0 OK for: es-abstract@1.24.2 want: ^1.0.0
1353 silly placeDep ROOT stop-iteration-iterator@1.1.0 OK for: es-abstract@1.24.2 want: ^1.1.0
1354 silly placeDep ROOT string.prototype.trim@1.2.11 OK for: es-abstract@1.24.2 want: ^1.2.10
1355 silly placeDep ROOT string.prototype.trimstart@1.0.8 OK for: es-abstract@1.24.2 want: ^1.0.8
1356 silly placeDep ROOT typed-array-buffer@1.0.3 OK for: es-abstract@1.24.2 want: ^1.0.3
1357 silly placeDep ROOT typed-array-byte-length@1.0.3 OK for: es-abstract@1.24.2 want: ^1.0.3
1358 silly placeDep ROOT typed-array-byte-offset@1.0.4 OK for: es-abstract@1.24.2 want: ^1.0.4
1359 silly placeDep ROOT typed-array-length@1.0.8 OK for: es-abstract@1.24.2 want: ^1.0.7
1360 silly placeDep ROOT unbox-primitive@1.1.0 OK for: es-abstract@1.24.2 want: ^1.1.0
1361 silly placeDep ROOT which-typed-array@1.1.22 OK for: es-abstract@1.24.2 want: ^1.1.19
1362 silly fetch manifest is-array-buffer@^3.0.4
1363 silly packumentCache full:https://registry.npmjs.org/is-array-buffer cache-hit
1364 silly fetch manifest possible-typed-array-names@^1.0.0
1365 silly packumentCache full:https://registry.npmjs.org/possible-typed-array-names cache-miss
1366 silly fetch manifest is-data-view@^1.0.1
1367 silly packumentCache full:https://registry.npmjs.org/is-data-view cache-hit
1368 silly fetch manifest is-symbol@^1.1.1
1369 silly packumentCache full:https://registry.npmjs.org/is-symbol cache-miss
1370 silly fetch manifest is-date-object@^1.1.0
1371 silly packumentCache full:https://registry.npmjs.org/is-date-object cache-miss
1372 silly fetch manifest es-abstract-get@^1.0.0
1373 silly packumentCache full:https://registry.npmjs.org/es-abstract-get cache-miss
1374 silly fetch manifest is-document.all@^1.0.0
1375 silly packumentCache full:https://registry.npmjs.org/is-document.all cache-miss
1376 silly fetch manifest functions-have-names@^1.2.3
1377 silly packumentCache full:https://registry.npmjs.org/functions-have-names cache-miss
1378 silly fetch manifest dunder-proto@^1.0.1
1379 silly packumentCache full:https://registry.npmjs.org/dunder-proto cache-miss
1380 silly fetch manifest dunder-proto@^1.0.0
1381 silly packumentCache full:https://registry.npmjs.org/dunder-proto cache-miss
1382 silly fetch manifest side-channel@^1.1.0
1383 silly packumentCache full:https://registry.npmjs.org/side-channel cache-miss
1384 http cache https://registry.npmjs.org/dunder-proto 3ms (cache hit)
1385 silly packumentCache full:https://registry.npmjs.org/dunder-proto set size:8256 disposed:false
1386 silly fetch manifest is-typed-array@^1.1.13
1387 silly packumentCache full:https://registry.npmjs.org/is-typed-array cache-hit
1388 silly fetch manifest which-typed-array@^1.1.16
1389 silly packumentCache full:https://registry.npmjs.org/which-typed-array cache-hit
1390 silly fetch manifest set-function-name@^2.0.2
1391 silly packumentCache full:https://registry.npmjs.org/set-function-name cache-miss
1392 http cache https://registry.npmjs.org/dunder-proto 3ms (cache hit)
1393 silly packumentCache full:https://registry.npmjs.org/dunder-proto set size:8256 disposed:false
1394 silly packumentCache full:https://registry.npmjs.org/dunder-proto dispose
1395 silly fetch manifest isarray@^2.0.5
1396 silly packumentCache full:https://registry.npmjs.org/isarray cache-miss
1397 http cache https://registry.npmjs.org/is-symbol 3ms (cache hit)
1398 silly packumentCache full:https://registry.npmjs.org/is-symbol set size:22675 disposed:false
1399 silly fetch manifest isarray@^2.0.5
1400 silly packumentCache full:https://registry.npmjs.org/isarray cache-miss
1401 http cache https://registry.npmjs.org/is-date-object 4ms (cache hit)
1402 silly packumentCache full:https://registry.npmjs.org/is-date-object set size:25050 disposed:false
1403 silly fetch manifest for-each@^0.3.3
1404 silly packumentCache full:https://registry.npmjs.org/for-each cache-miss
1405 http cache https://registry.npmjs.org/side-channel 4ms (cache hit)
1406 silly packumentCache full:https://registry.npmjs.org/side-channel set size:27650 disposed:false
1407 silly fetch manifest for-each@^0.3.3
1408 silly packumentCache full:https://registry.npmjs.org/for-each cache-miss
1409 http cache https://registry.npmjs.org/es-abstract-get 4ms (cache hit)
1410 silly packumentCache full:https://registry.npmjs.org/es-abstract-get set size:7156 disposed:false
1411 silly fetch manifest reflect.getprototypeof@^1.0.9
1412 silly packumentCache full:https://registry.npmjs.org/reflect.getprototypeof cache-miss
1413 http cache https://registry.npmjs.org/functions-have-names 4ms (cache hit)
1414 silly packumentCache full:https://registry.npmjs.org/functions-have-names set size:24196 disposed:false
1415 silly fetch manifest for-each@^0.3.5
1416 silly packumentCache full:https://registry.npmjs.org/for-each cache-miss
1417 http cache https://registry.npmjs.org/is-document.all 5ms (cache hit)
1418 silly packumentCache full:https://registry.npmjs.org/is-document.all set size:5283 disposed:false
1419 silly fetch manifest possible-typed-array-names@^1.1.0
1420 silly packumentCache full:https://registry.npmjs.org/possible-typed-array-names cache-miss
1421 http cache https://registry.npmjs.org/possible-typed-array-names 5ms (cache hit)
1422 silly packumentCache full:https://registry.npmjs.org/possible-typed-array-names set size:9167 disposed:false
1423 silly fetch manifest reflect.getprototypeof@^1.0.10
1424 silly packumentCache full:https://registry.npmjs.org/reflect.getprototypeof cache-miss
1425 http cache https://registry.npmjs.org/isarray 5ms (cache hit)
1426 silly packumentCache full:https://registry.npmjs.org/isarray set size:17392 disposed:false
1427 silly fetch manifest has-bigints@^1.0.2
1428 silly packumentCache full:https://registry.npmjs.org/has-bigints cache-miss
1429 http cache https://registry.npmjs.org/set-function-name 5ms (cache hit)
1430 silly packumentCache full:https://registry.npmjs.org/set-function-name set size:13766 disposed:false
1431 silly fetch manifest which-boxed-primitive@^1.1.1
1432 silly packumentCache full:https://registry.npmjs.org/which-boxed-primitive cache-miss
1433 http cache https://registry.npmjs.org/for-each 4ms (cache hit)
1434 silly packumentCache full:https://registry.npmjs.org/for-each set size:14327 disposed:false
1435 silly fetch manifest for-each@^0.3.5
1436 silly packumentCache full:https://registry.npmjs.org/for-each cache-hit
1437 http cache https://registry.npmjs.org/for-each 5ms (cache hit)
1438 silly packumentCache full:https://registry.npmjs.org/for-each set size:14327 disposed:false
1439 silly packumentCache full:https://registry.npmjs.org/for-each dispose
1440 http cache https://registry.npmjs.org/isarray 6ms (cache hit)
1441 silly packumentCache full:https://registry.npmjs.org/isarray set size:17392 disposed:false
1442 silly packumentCache full:https://registry.npmjs.org/isarray dispose
1443 http cache https://registry.npmjs.org/reflect.getprototypeof 5ms (cache hit)
1444 silly packumentCache full:https://registry.npmjs.org/reflect.getprototypeof set size:44083 disposed:false
1445 http cache https://registry.npmjs.org/for-each 5ms (cache hit)
1446 silly packumentCache full:https://registry.npmjs.org/for-each set size:14327 disposed:true
1447 silly packumentCache full:https://registry.npmjs.org/for-each dispose
1448 http cache https://registry.npmjs.org/possible-typed-array-names 4ms (cache hit)
1449 silly packumentCache full:https://registry.npmjs.org/possible-typed-array-names set size:9167 disposed:false
1450 silly packumentCache full:https://registry.npmjs.org/possible-typed-array-names dispose
1451 http cache https://registry.npmjs.org/reflect.getprototypeof 4ms (cache hit)
1452 silly packumentCache full:https://registry.npmjs.org/reflect.getprototypeof set size:44083 disposed:false
1453 silly packumentCache full:https://registry.npmjs.org/reflect.getprototypeof dispose
1454 http cache https://registry.npmjs.org/has-bigints 2ms (cache hit)
1455 silly packumentCache full:https://registry.npmjs.org/has-bigints set size:14176 disposed:false
1456 http cache https://registry.npmjs.org/which-boxed-primitive 2ms (cache hit)
1457 silly packumentCache full:https://registry.npmjs.org/which-boxed-primitive set size:19407 disposed:false
1458 silly placeDep ROOT possible-typed-array-names@1.1.0 OK for: available-typed-arrays@1.0.7 want: ^1.0.0
1459 silly placeDep ROOT has-tostringtag@1.0.2 OK for: es-set-tostringtag@2.1.0 want: ^1.0.2
1460 silly placeDep ROOT es-abstract-get@1.0.0 OK for: es-to-primitive@1.3.4 want: ^1.0.0
1461 silly placeDep ROOT is-date-object@1.1.0 OK for: es-to-primitive@1.3.4 want: ^1.1.0
1462 silly placeDep ROOT is-symbol@1.1.1 OK for: es-to-primitive@1.3.4 want: ^1.1.1
1463 silly placeDep node_modules/eslint-module-utils debug@3.2.7 OK for: eslint-module-utils@2.14.0 want: ^3.2.7
1464 silly placeDep ROOT aria-query@5.3.2 OK for: eslint-plugin-jsx-a11y@6.10.2 want: ^5.3.2
1465 silly placeDep ROOT ast-types-flow@0.0.8 OK for: eslint-plugin-jsx-a11y@6.10.2 want: ^0.0.8
1466 silly placeDep ROOT axe-core@4.12.1 OK for: eslint-plugin-jsx-a11y@6.10.2 want: ^4.10.0
1467 silly placeDep ROOT axobject-query@4.1.0 OK for: eslint-plugin-jsx-a11y@6.10.2 want: ^4.1.0
1468 silly placeDep ROOT damerau-levenshtein@1.0.8 OK for: eslint-plugin-jsx-a11y@6.10.2 want: ^1.0.8
1469 silly placeDep ROOT emoji-regex@9.2.2 OK for: eslint-plugin-jsx-a11y@6.10.2 want: ^9.2.2
1470 silly placeDep ROOT jsx-ast-utils@3.3.5 OK for: eslint-plugin-jsx-a11y@6.10.2 want: ^3.3.5
1471 silly placeDep ROOT language-tags@1.0.9 OK for: eslint-plugin-jsx-a11y@6.10.2 want: ^1.0.9
1472 silly placeDep ROOT string.prototype.includes@2.0.1 OK for: eslint-plugin-jsx-a11y@6.10.2 want: ^2.0.1
1473 silly fetch manifest language-subtag-registry@^0.3.20
1474 silly packumentCache full:https://registry.npmjs.org/language-subtag-registry cache-miss
1475 http cache https://registry.npmjs.org/language-subtag-registry 1ms (cache hit)
1476 silly packumentCache full:https://registry.npmjs.org/language-subtag-registry set size:46437 disposed:false
1477 silly placeDep ROOT array.prototype.findlast@1.2.5 OK for: eslint-plugin-react@7.37.5 want: ^1.2.5
1478 silly placeDep ROOT array.prototype.tosorted@1.1.4 OK for: eslint-plugin-react@7.37.5 want: ^1.1.4
1479 silly placeDep ROOT es-iterator-helpers@1.4.0 OK for: eslint-plugin-react@7.37.5 want: ^1.2.1
1480 silly placeDep ROOT estraverse@5.3.0 OK for: eslint-plugin-react@7.37.5 want: ^5.3.0
1481 silly placeDep ROOT object.entries@1.1.9 OK for: eslint-plugin-react@7.37.5 want: ^1.1.9
1482 silly placeDep ROOT prop-types@15.8.1 OK for: eslint-plugin-react@7.37.5 want: ^15.8.1
1483 silly placeDep ROOT string.prototype.matchall@4.0.12 OK for: eslint-plugin-react@7.37.5 want: ^4.0.12
1484 silly placeDep ROOT string.prototype.repeat@1.0.0 OK for: eslint-plugin-react@7.37.5 want: ^1.0.0
1485 silly fetch manifest iterator.prototype@^1.1.5
1486 silly packumentCache full:https://registry.npmjs.org/iterator.prototype cache-miss
1487 silly fetch manifest loose-envify@^1.4.0
1488 silly packumentCache full:https://registry.npmjs.org/loose-envify cache-miss
1489 silly fetch manifest object-assign@^4.1.1
1490 silly packumentCache full:https://registry.npmjs.org/object-assign cache-miss
1491 silly fetch manifest react-is@^16.13.1
1492 silly packumentCache full:https://registry.npmjs.org/react-is cache-miss
1493 http cache https://registry.npmjs.org/loose-envify 1ms (cache hit)
1494 silly packumentCache full:https://registry.npmjs.org/loose-envify set size:12559 disposed:false
1495 http cache https://registry.npmjs.org/iterator.prototype 2ms (cache hit)
1496 silly packumentCache full:https://registry.npmjs.org/iterator.prototype set size:26870 disposed:false
1497 http cache https://registry.npmjs.org/object-assign 3ms (cache hit)
1498 silly packumentCache full:https://registry.npmjs.org/object-assign set size:28988 disposed:false
1499 http cache https://registry.npmjs.org/react-is 8ms (cache hit)
1500 silly packumentCache full:https://registry.npmjs.org/react-is set size:5549877 disposed:false
1501 silly placeDep ROOT iterator.prototype@1.1.5 OK for: es-iterator-helpers@1.4.0 want: ^1.1.5
1502 silly placeDep ROOT @babel/core@7.29.7 OK for: eslint-plugin-react-hooks@7.1.1 want: ^7.24.4
1503 silly placeDep ROOT @babel/parser@7.29.8 OK for: eslint-plugin-react-hooks@7.1.1 want: ^7.24.4
1504 silly placeDep ROOT hermes-parser@0.25.1 OK for: eslint-plugin-react-hooks@7.1.1 want: ^0.25.1
1505 silly placeDep ROOT zod@4.4.3 OK for: eslint-plugin-react-hooks@7.1.1 want: ^3.25.0 || ^4.0.0
1506 silly placeDep ROOT zod-validation-error@4.0.2 OK for: eslint-plugin-react-hooks@7.1.1 want: ^3.5.0 || ^4.0.0
1507 silly fetch manifest json5@^2.2.3
1508 silly packumentCache full:https://registry.npmjs.org/json5 cache-hit
1509 silly fetch manifest gensync@^1.0.0-beta.2
1510 silly packumentCache full:https://registry.npmjs.org/gensync cache-miss
1511 silly fetch manifest @babel/types@^7.29.7
1512 silly packumentCache full:https://registry.npmjs.org/@babel%2ftypes cache-miss
1513 silly fetch manifest @babel/parser@^7.29.7
1514 silly packumentCache full:https://registry.npmjs.org/@babel%2fparser cache-hit
1515 silly fetch manifest @babel/helpers@^7.29.7
1516 silly packumentCache full:https://registry.npmjs.org/@babel%2fhelpers cache-miss
1517 silly fetch manifest @babel/template@^7.29.7
1518 silly packumentCache full:https://registry.npmjs.org/@babel%2ftemplate cache-miss
1519 silly fetch manifest @babel/traverse@^7.29.7
1520 silly packumentCache full:https://registry.npmjs.org/@babel%2ftraverse cache-miss
1521 silly fetch manifest @babel/generator@^7.29.7
1522 silly packumentCache full:https://registry.npmjs.org/@babel%2fgenerator cache-miss
1523 silly fetch manifest @babel/code-frame@^7.29.7
1524 silly packumentCache full:https://registry.npmjs.org/@babel%2fcode-frame cache-miss
1525 silly fetch manifest convert-source-map@^2.0.0
1526 silly packumentCache full:https://registry.npmjs.org/convert-source-map cache-miss
1527 silly fetch manifest @jridgewell/remapping@^2.3.5
1528 silly packumentCache full:https://registry.npmjs.org/@jridgewell%2fremapping cache-miss
1529 http cache https://registry.npmjs.org/gensync 3ms (cache hit)
1530 silly packumentCache full:https://registry.npmjs.org/gensync set size:15068 disposed:false
1531 silly fetch manifest @babel/helper-module-transforms@^7.29.7
1532 silly packumentCache full:https://registry.npmjs.org/@babel%2fhelper-module-transforms cache-miss
1533 http cache https://registry.npmjs.org/@babel%2ftemplate 3ms (cache hit)
1534 silly packumentCache full:https://registry.npmjs.org/@babel%2ftemplate set size:237074 disposed:false
1535 silly fetch manifest @babel/helper-compilation-targets@^7.29.7
1536 silly packumentCache full:https://registry.npmjs.org/@babel%2fhelper-compilation-targets cache-miss
1537 http cache https://registry.npmjs.org/@babel%2fhelpers 5ms (cache hit)
1538 silly packumentCache full:https://registry.npmjs.org/@babel%2fhelpers set size:398496 disposed:false
1539 silly fetch manifest @babel/types@^7.29.8
1540 silly packumentCache full:https://registry.npmjs.org/@babel%2ftypes cache-miss
1541 http cache https://registry.npmjs.org/@babel%2fcode-frame 5ms (cache hit)
1542 silly packumentCache full:https://registry.npmjs.org/@babel%2fcode-frame set size:206617 disposed:false
1543 silly fetch manifest hermes-estree@0.25.1
1544 silly packumentCache full:https://registry.npmjs.org/hermes-estree cache-miss
1545 http cache https://registry.npmjs.org/@babel%2ftypes 7ms (cache hit)
1546 silly packumentCache full:https://registry.npmjs.org/@babel%2ftypes set size:502939 disposed:false
1547 http cache https://registry.npmjs.org/@jridgewell%2fremapping 7ms (cache hit)
1548 silly packumentCache full:https://registry.npmjs.org/@jridgewell%2fremapping set size:23809 disposed:false
1549 http cache https://registry.npmjs.org/@babel%2ftraverse 8ms (cache hit)
1550 silly packumentCache full:https://registry.npmjs.org/@babel%2ftraverse set size:564760 disposed:false
1551 http cache https://registry.npmjs.org/convert-source-map 9ms (cache hit)
1552 silly packumentCache full:https://registry.npmjs.org/convert-source-map set size:66997 disposed:false
1553 http cache https://registry.npmjs.org/@babel%2ftypes 5ms (cache hit)
1554 silly packumentCache full:https://registry.npmjs.org/@babel%2ftypes set size:502939 disposed:false
1555 silly packumentCache full:https://registry.npmjs.org/@babel%2ftypes dispose
1556 http cache https://registry.npmjs.org/@babel%2fgenerator 11ms (cache hit)
1557 silly packumentCache full:https://registry.npmjs.org/@babel%2fgenerator set size:522842 disposed:false
1558 http cache https://registry.npmjs.org/@babel%2fhelper-module-transforms 11ms (cache hit)
1559 silly packumentCache full:https://registry.npmjs.org/@babel%2fhelper-module-transforms set size:346454 disposed:false
1560 http cache https://registry.npmjs.org/@babel%2fhelper-compilation-targets 11ms (cache hit)
1561 silly packumentCache full:https://registry.npmjs.org/@babel%2fhelper-compilation-targets set size:229541 disposed:false
1562 http cache https://registry.npmjs.org/hermes-estree 9ms (cache hit)
1563 silly packumentCache full:https://registry.npmjs.org/hermes-estree set size:132569 disposed:false
1564 silly fetch manifest @babel/core@^7.0.0
1565 silly packumentCache full:https://registry.npmjs.org/@babel%2fcore cache-hit
1566 silly placeDep ROOT @babel/code-frame@7.29.7 OK for: @babel/core@7.29.7 want: ^7.29.7
1567 silly placeDep ROOT @babel/generator@7.29.8 OK for: @babel/core@7.29.7 want: ^7.29.7
1568 silly placeDep ROOT @babel/helper-compilation-targets@7.29.7 OK for: @babel/core@7.29.7 want: ^7.29.7
1569 silly placeDep ROOT @babel/helper-module-transforms@7.29.7 OK for: @babel/core@7.29.7 want: ^7.29.7
1570 silly placeDep ROOT @babel/helpers@7.29.7 OK for: @babel/core@7.29.7 want: ^7.29.7
1571 silly placeDep ROOT @babel/template@7.29.7 OK for: @babel/core@7.29.7 want: ^7.29.7
1572 silly placeDep ROOT @babel/traverse@7.29.8 OK for: @babel/core@7.29.7 want: ^7.29.7
1573 silly placeDep ROOT @babel/types@7.29.8 OK for: @babel/core@7.29.7 want: ^7.29.7
1574 silly placeDep ROOT @jridgewell/remapping@2.3.5 OK for: @babel/core@7.29.7 want: ^2.3.5
1575 silly placeDep ROOT convert-source-map@2.0.0 OK for: @babel/core@7.29.7 want: ^2.0.0
1576 silly placeDep ROOT gensync@1.0.0-beta.2 OK for: @babel/core@7.29.7 want: ^1.0.0-beta.2
1577 silly placeDep ROOT json5@2.2.3 OK for: @babel/core@7.29.7 want: ^2.2.3
1578 silly fetch manifest js-tokens@^4.0.0
1579 silly packumentCache full:https://registry.npmjs.org/js-tokens cache-miss
1580 silly fetch manifest picocolors@^1.1.1
1581 silly packumentCache full:https://registry.npmjs.org/picocolors cache-miss
1582 silly fetch manifest @babel/helper-validator-identifier@^7.29.7
1583 silly packumentCache full:https://registry.npmjs.org/@babel%2fhelper-validator-identifier cache-miss
1584 silly fetch manifest jsesc@^3.0.2
1585 silly packumentCache full:https://registry.npmjs.org/jsesc cache-miss
1586 silly fetch manifest @jridgewell/gen-mapping@^0.3.12
1587 silly packumentCache full:https://registry.npmjs.org/@jridgewell%2fgen-mapping cache-miss
1588 silly fetch manifest @jridgewell/trace-mapping@^0.3.28
1589 silly packumentCache full:https://registry.npmjs.org/@jridgewell%2ftrace-mapping cache-miss
1590 silly fetch manifest lru-cache@^5.1.1
1591 silly packumentCache full:https://registry.npmjs.org/lru-cache cache-miss
1592 silly fetch manifest browserslist@^4.24.0
1593 silly packumentCache full:https://registry.npmjs.org/browserslist cache-miss
1594 silly fetch manifest @babel/compat-data@^7.29.7
1595 silly packumentCache full:https://registry.npmjs.org/@babel%2fcompat-data cache-miss
1596 http cache https://registry.npmjs.org/js-tokens 3ms (cache hit)
1597 silly packumentCache full:https://registry.npmjs.org/js-tokens set size:41947 disposed:false
1598 silly fetch manifest @babel/helper-validator-option@^7.29.7
1599 silly packumentCache full:https://registry.npmjs.org/@babel%2fhelper-validator-option cache-miss
1600 http cache https://registry.npmjs.org/jsesc 2ms (cache hit)
1601 silly packumentCache full:https://registry.npmjs.org/jsesc set size:61512 disposed:false
1602 silly fetch manifest @babel/helper-module-imports@^7.29.7
1603 silly packumentCache full:https://registry.npmjs.org/@babel%2fhelper-module-imports cache-miss
1604 http cache https://registry.npmjs.org/@jridgewell%2fgen-mapping 3ms (cache hit)
1605 silly packumentCache full:https://registry.npmjs.org/@jridgewell%2fgen-mapping set size:75941 disposed:false
1606 silly fetch manifest @babel/helper-validator-identifier@^7.29.7
1607 silly packumentCache full:https://registry.npmjs.org/@babel%2fhelper-validator-identifier cache-miss
1608 http cache https://registry.npmjs.org/@babel%2fhelper-validator-identifier 3ms (cache hit)
1609 silly packumentCache full:https://registry.npmjs.org/@babel%2fhelper-validator-identifier set size:130133 disposed:false
1610 silly fetch manifest @babel/helper-globals@^7.29.7
1611 silly packumentCache full:https://registry.npmjs.org/@babel%2fhelper-globals cache-miss
1612 http cache https://registry.npmjs.org/picocolors 5ms (cache hit)
1613 silly packumentCache full:https://registry.npmjs.org/picocolors set size:16648 disposed:false
1614 silly fetch manifest @babel/helper-string-parser@^7.29.7
1615 silly packumentCache full:https://registry.npmjs.org/@babel%2fhelper-string-parser cache-miss
1616 http cache https://registry.npmjs.org/lru-cache 4ms (cache hit)
1617 silly packumentCache full:https://registry.npmjs.org/lru-cache set size:460407 disposed:false
1618 silly fetch manifest @jridgewell/gen-mapping@^0.3.5
1619 silly packumentCache full:https://registry.npmjs.org/@jridgewell%2fgen-mapping cache-hit
1620 silly fetch manifest @jridgewell/trace-mapping@^0.3.24
1621 silly packumentCache full:https://registry.npmjs.org/@jridgewell%2ftrace-mapping cache-miss
1622 http cache https://registry.npmjs.org/@babel%2fcompat-data 6ms (cache hit)
1623 silly packumentCache full:https://registry.npmjs.org/@babel%2fcompat-data set size:318807 disposed:false
1624 http cache https://registry.npmjs.org/@jridgewell%2ftrace-mapping 7ms (cache hit)
1625 silly packumentCache full:https://registry.npmjs.org/@jridgewell%2ftrace-mapping set size:170909 disposed:false
1626 http cache https://registry.npmjs.org/browserslist 8ms (cache hit)
1627 silly packumentCache full:https://registry.npmjs.org/browserslist set size:516369 disposed:false
1628 http cache https://registry.npmjs.org/@babel%2fhelper-validator-identifier 7ms (cache hit)
1629 silly packumentCache full:https://registry.npmjs.org/@babel%2fhelper-validator-identifier set size:130133 disposed:false
1630 silly packumentCache full:https://registry.npmjs.org/@babel%2fhelper-validator-identifier dispose
1631 http cache https://registry.npmjs.org/@babel%2fhelper-validator-option 8ms (cache hit)
1632 silly packumentCache full:https://registry.npmjs.org/@babel%2fhelper-validator-option set size:101303 disposed:false
1633 http cache https://registry.npmjs.org/@babel%2fhelper-module-imports 8ms (cache hit)
1634 silly packumentCache full:https://registry.npmjs.org/@babel%2fhelper-module-imports set size:203392 disposed:false
1635 http cache https://registry.npmjs.org/@jridgewell%2ftrace-mapping 6ms (cache hit)
1636 silly packumentCache full:https://registry.npmjs.org/@jridgewell%2ftrace-mapping set size:170909 disposed:false
1637 silly packumentCache full:https://registry.npmjs.org/@jridgewell%2ftrace-mapping dispose
1638 http cache https://registry.npmjs.org/@babel%2fhelper-globals 8ms (cache hit)
1639 silly packumentCache full:https://registry.npmjs.org/@babel%2fhelper-globals set size:25155 disposed:false
1640 http cache https://registry.npmjs.org/@babel%2fhelper-string-parser 8ms (cache hit)
1641 silly packumentCache full:https://registry.npmjs.org/@babel%2fhelper-string-parser set size:91563 disposed:false
1642 silly placeDep ROOT @babel/helper-validator-identifier@7.29.7 OK for: @babel/code-frame@7.29.7 want: ^7.29.7
1643 silly placeDep ROOT js-tokens@4.0.0 OK for: @babel/code-frame@7.29.7 want: ^4.0.0
1644 silly placeDep ROOT picocolors@1.1.1 OK for: @babel/code-frame@7.29.7 want: ^1.1.1
1645 silly placeDep ROOT @jridgewell/gen-mapping@0.3.13 OK for: @babel/generator@7.29.8 want: ^0.3.12
1646 silly placeDep ROOT @jridgewell/trace-mapping@0.3.31 OK for: @babel/generator@7.29.8 want: ^0.3.28
1647 silly placeDep ROOT jsesc@3.1.0 OK for: @babel/generator@7.29.8 want: ^3.0.2
1648 silly fetch manifest @jridgewell/sourcemap-codec@^1.5.0
1649 silly packumentCache full:https://registry.npmjs.org/@jridgewell%2fsourcemap-codec cache-miss
1650 silly fetch manifest @jridgewell/resolve-uri@^3.1.0
1651 silly packumentCache full:https://registry.npmjs.org/@jridgewell%2fresolve-uri cache-miss
1652 silly fetch manifest @jridgewell/sourcemap-codec@^1.4.14
1653 silly packumentCache full:https://registry.npmjs.org/@jridgewell%2fsourcemap-codec cache-miss
1654 http cache https://registry.npmjs.org/@jridgewell%2fsourcemap-codec 5ms (cache hit)
1655 silly packumentCache full:https://registry.npmjs.org/@jridgewell%2fsourcemap-codec set size:51856 disposed:false
1656 http cache https://registry.npmjs.org/@jridgewell%2fresolve-uri 5ms (cache hit)
1657 silly packumentCache full:https://registry.npmjs.org/@jridgewell%2fresolve-uri set size:57361 disposed:false
1658 http cache https://registry.npmjs.org/@jridgewell%2fsourcemap-codec 5ms (cache hit)
1659 silly packumentCache full:https://registry.npmjs.org/@jridgewell%2fsourcemap-codec set size:51856 disposed:false
1660 silly packumentCache full:https://registry.npmjs.org/@jridgewell%2fsourcemap-codec dispose
1661 silly placeDep ROOT @babel/compat-data@7.29.7 OK for: @babel/helper-compilation-targets@7.29.7 want: ^7.29.7
1662 silly placeDep ROOT @babel/helper-validator-option@7.29.7 OK for: @babel/helper-compilation-targets@7.29.7 want: ^7.29.7
1663 silly placeDep ROOT browserslist@4.28.7 OK for: @babel/helper-compilation-targets@7.29.7 want: ^4.24.0
1664 silly placeDep ROOT lru-cache@5.1.1 OK for: @babel/helper-compilation-targets@7.29.7 want: ^5.1.1
1665 silly fetch manifest caniuse-lite@^1.0.30001806
1666 silly packumentCache full:https://registry.npmjs.org/caniuse-lite cache-miss
1667 silly fetch manifest node-releases@^2.0.51
1668 silly packumentCache full:https://registry.npmjs.org/node-releases cache-miss
1669 silly fetch manifest electron-to-chromium@^1.5.393
1670 silly packumentCache full:https://registry.npmjs.org/electron-to-chromium cache-miss
1671 silly fetch manifest update-browserslist-db@^1.2.3
1672 silly packumentCache full:https://registry.npmjs.org/update-browserslist-db cache-miss
1673 silly fetch manifest baseline-browser-mapping@^2.10.44
1674 silly packumentCache full:https://registry.npmjs.org/baseline-browser-mapping cache-hit
1675 silly fetch manifest yallist@^3.0.2
1676 silly packumentCache full:https://registry.npmjs.org/yallist cache-miss
1677 http cache https://registry.npmjs.org/caniuse-lite 3ms (cache hit)
1678 silly packumentCache full:https://registry.npmjs.org/caniuse-lite set size:2306880 disposed:false
1679 http cache https://registry.npmjs.org/node-releases 8ms (cache hit)
1680 silly packumentCache full:https://registry.npmjs.org/node-releases set size:290209 disposed:false
1681 http cache https://registry.npmjs.org/yallist 8ms (cache hit)
1682 silly packumentCache full:https://registry.npmjs.org/yallist set size:34610 disposed:false
1683 http cache https://registry.npmjs.org/update-browserslist-db 8ms (cache hit)
1684 silly packumentCache full:https://registry.npmjs.org/update-browserslist-db set size:62000 disposed:false
1685 http cache https://registry.npmjs.org/electron-to-chromium 12ms (cache hit)
1686 silly packumentCache full:https://registry.npmjs.org/electron-to-chromium set size:4881497 disposed:false
1687 silly placeDep ROOT @babel/helper-module-imports@7.29.7 OK for: @babel/helper-module-transforms@7.29.7 want: ^7.29.7
1688 silly placeDep ROOT @babel/helper-globals@7.29.7 OK for: @babel/traverse@7.29.8 want: ^7.29.7
1689 silly placeDep ROOT @babel/helper-string-parser@7.29.7 OK for: @babel/types@7.29.8 want: ^7.29.7
1690 silly placeDep ROOT @jridgewell/sourcemap-codec@1.5.5 OK for: @jridgewell/gen-mapping@0.3.13 want: ^1.5.0
1691 silly placeDep ROOT @jridgewell/resolve-uri@3.1.2 OK for: @jridgewell/trace-mapping@0.3.31 want: ^3.1.0
1692 silly fetch manifest browserslist@>= 4.21.0
1693 silly packumentCache full:https://registry.npmjs.org/browserslist cache-hit
1694 silly placeDep ROOT baseline-browser-mapping@2.11.11 OK for: browserslist@4.28.7 want: ^2.10.44
1695 silly placeDep ROOT caniuse-lite@1.0.30001806 OK for: browserslist@4.28.7 want: ^1.0.30001806
1696 silly placeDep ROOT electron-to-chromium@1.5.399 OK for: browserslist@4.28.7 want: ^1.5.393
1697 silly placeDep ROOT node-releases@2.0.51 OK for: browserslist@4.28.7 want: ^2.0.51
1698 silly placeDep ROOT update-browserslist-db@1.2.3 OK for: browserslist@4.28.7 want: ^1.2.3
1699 silly fetch manifest escalade@^3.2.0
1700 silly packumentCache full:https://registry.npmjs.org/escalade cache-miss
1701 http cache https://registry.npmjs.org/escalade 4ms (cache hit)
1702 silly packumentCache full:https://registry.npmjs.org/escalade set size:33724 disposed:false
1703 silly placeDep ROOT esrecurse@4.3.0 OK for: eslint-scope@8.4.0 want: ^4.3.0
1704 silly placeDep ROOT acorn@8.18.0 OK for: espree@10.4.0 want: ^8.15.0
1705 silly placeDep ROOT acorn-jsx@5.3.2 OK for: espree@10.4.0 want: ^5.3.2
1706 silly placeDep ROOT @nodelib/fs.stat@2.0.5 OK for: fast-glob@3.3.1 want: ^2.0.2
1707 silly placeDep ROOT @nodelib/fs.walk@1.2.8 OK for: fast-glob@3.3.1 want: ^1.2.3
1708 silly placeDep node_modules/fast-glob glob-parent@5.1.2 OK for: fast-glob@3.3.1 want: ^5.1.2
1709 silly placeDep ROOT merge2@1.4.1 OK for: fast-glob@3.3.1 want: ^1.3.0
1710 silly placeDep ROOT micromatch@4.0.8 OK for: fast-glob@3.3.1 want: ^4.0.4
1711 silly fetch manifest fastq@^1.6.0
1712 silly packumentCache full:https://registry.npmjs.org/fastq cache-miss
1713 silly fetch manifest @nodelib/fs.scandir@2.1.5
1714 silly packumentCache full:https://registry.npmjs.org/@nodelib%2ffs.scandir cache-miss
1715 silly fetch manifest braces@^3.0.3
1716 silly packumentCache full:https://registry.npmjs.org/braces cache-miss
1717 silly fetch manifest picomatch@^2.3.1
1718 silly packumentCache full:https://registry.npmjs.org/picomatch cache-hit
1719 http cache https://registry.npmjs.org/@nodelib%2ffs.scandir 1ms (cache hit)
1720 silly packumentCache full:https://registry.npmjs.org/@nodelib%2ffs.scandir set size:49256 disposed:false
1721 http cache https://registry.npmjs.org/braces 1ms (cache hit)
1722 silly packumentCache full:https://registry.npmjs.org/braces set size:114529 disposed:false
1723 http cache https://registry.npmjs.org/fastq 2ms (cache hit)
1724 silly packumentCache full:https://registry.npmjs.org/fastq set size:78301 disposed:false
1725 silly placeDep ROOT @nodelib/fs.scandir@2.1.5 OK for: @nodelib/fs.walk@1.2.8 want: 2.1.5
1726 silly placeDep ROOT fastq@1.20.1 OK for: @nodelib/fs.walk@1.2.8 want: ^1.6.0
1727 silly fetch manifest run-parallel@^1.1.9
1728 silly packumentCache full:https://registry.npmjs.org/run-parallel cache-miss
1729 silly fetch manifest reusify@^1.0.4
1730 silly packumentCache full:https://registry.npmjs.org/reusify cache-miss
1731 http cache https://registry.npmjs.org/reusify 1ms (cache hit)
1732 silly packumentCache full:https://registry.npmjs.org/reusify set size:14249 disposed:false
1733 http cache https://registry.npmjs.org/run-parallel 1ms (cache hit)
1734 silly packumentCache full:https://registry.npmjs.org/run-parallel set size:35172 disposed:false
1735 silly placeDep ROOT run-parallel@1.2.0 OK for: @nodelib/fs.scandir@2.1.5 want: ^1.1.9
1736 silly fetch manifest queue-microtask@^1.2.2
1737 silly packumentCache full:https://registry.npmjs.org/queue-microtask cache-miss
1738 http cache https://registry.npmjs.org/queue-microtask 0ms (cache hit)
1739 silly packumentCache full:https://registry.npmjs.org/queue-microtask set size:36088 disposed:false
1740 silly placeDep ROOT reusify@1.1.0 OK for: fastq@1.20.1 want: ^1.0.4
1741 silly placeDep ROOT flat-cache@4.0.1 OK for: file-entry-cache@8.0.0 want: ^4.0.0
1742 silly fetch manifest keyv@^4.5.4
1743 silly packumentCache full:https://registry.npmjs.org/keyv cache-miss
1744 silly fetch manifest flatted@^3.2.9
1745 silly packumentCache full:https://registry.npmjs.org/flatted cache-miss
1746 http cache https://registry.npmjs.org/flatted 1ms (cache hit)
1747 silly packumentCache full:https://registry.npmjs.org/flatted set size:143283 disposed:false
1748 http cache https://registry.npmjs.org/keyv 2ms (cache hit)
1749 silly packumentCache full:https://registry.npmjs.org/keyv set size:224095 disposed:false
1750 silly placeDep ROOT locate-path@6.0.0 OK for: find-up@5.0.0 want: ^6.0.0
1751 silly placeDep ROOT path-exists@4.0.0 OK for: find-up@5.0.0 want: ^4.0.0
1752 silly fetch manifest p-locate@^5.0.0
1753 silly packumentCache full:https://registry.npmjs.org/p-locate cache-miss
1754 http cache https://registry.npmjs.org/p-locate 1ms (cache hit)
1755 silly packumentCache full:https://registry.npmjs.org/p-locate set size:22488 disposed:false
1756 silly placeDep ROOT flatted@3.4.4 OK for: flat-cache@4.0.1 want: ^3.2.9
1757 silly placeDep ROOT keyv@4.5.4 OK for: flat-cache@4.0.1 want: ^4.5.4
1758 silly fetch manifest json-buffer@3.0.1
1759 silly packumentCache full:https://registry.npmjs.org/json-buffer cache-miss
1760 http cache https://registry.npmjs.org/json-buffer 1ms (cache hit)
1761 silly packumentCache full:https://registry.npmjs.org/json-buffer set size:23474 disposed:false
1762 silly placeDep ROOT functions-have-names@1.2.3 OK for: function.prototype.name@1.2.0 want: ^1.2.3
1763 silly placeDep ROOT is-document.all@1.0.0 OK for: function.prototype.name@1.2.0 want: ^1.0.0
1764 silly placeDep ROOT dunder-proto@1.0.1 OK for: get-proto@1.0.1 want: ^1.0.1
1765 silly placeDep ROOT resolve-pkg-maps@1.0.0 OK for: get-tsconfig@4.14.1 want: ^1.0.0
1766 silly placeDep ROOT hermes-estree@0.25.1 OK for: hermes-parser@0.25.1 want: 0.25.1
1767 silly placeDep ROOT parent-module@1.0.1 OK for: import-fresh@3.3.1 want: ^1.0.0
1768 silly placeDep ROOT resolve-from@4.0.0 OK for: import-fresh@3.3.1 want: ^4.0.0
1769 silly fetch manifest callsites@^3.0.0
1770 silly packumentCache full:https://registry.npmjs.org/callsites cache-miss
1771 http cache https://registry.npmjs.org/callsites 1ms (cache hit)
1772 silly packumentCache full:https://registry.npmjs.org/callsites set size:21349 disposed:false
1773 silly placeDep ROOT side-channel@1.1.1 OK for: internal-slot@1.1.0 want: ^1.1.0
1774 silly fetch manifest side-channel-list@^1.0.1
1775 silly packumentCache full:https://registry.npmjs.org/side-channel-list cache-miss
1776 silly fetch manifest side-channel-map@^1.0.1
1777 silly packumentCache full:https://registry.npmjs.org/side-channel-map cache-miss
1778 silly fetch manifest side-channel-weakmap@^1.0.2
1779 silly packumentCache full:https://registry.npmjs.org/side-channel-weakmap cache-miss
1780 http cache https://registry.npmjs.org/side-channel-map 2ms (cache hit)
1781 silly packumentCache full:https://registry.npmjs.org/side-channel-map set size:9126 disposed:false
1782 http cache https://registry.npmjs.org/side-channel-weakmap 2ms (cache hit)
1783 silly packumentCache full:https://registry.npmjs.org/side-channel-weakmap set size:12620 disposed:false
1784 http cache https://registry.npmjs.org/side-channel-list 2ms (cache hit)
1785 silly packumentCache full:https://registry.npmjs.org/side-channel-list set size:9021 disposed:false
1786 silly placeDep node_modules/is-bun-module semver@7.8.5 OK for: is-bun-module@2.0.0 want: ^7.7.1
1787 silly placeDep ROOT is-extglob@2.1.1 OK for: is-glob@4.0.3 want: ^2.1.1
1788 silly placeDep ROOT set-function-name@2.0.2 OK for: iterator.prototype@1.1.5 want: ^2.0.2
1789 silly placeDep ROOT argparse@2.0.1 OK for: js-yaml@4.3.1 want: ^2.0.1
1790 silly placeDep ROOT json-buffer@3.0.1 OK for: keyv@4.5.4 want: 3.0.1
1791 silly placeDep ROOT language-subtag-registry@0.3.23 OK for: language-tags@1.0.9 want: ^0.3.20
1792 silly placeDep ROOT prelude-ls@1.2.1 OK for: levn@0.4.1 want: ^1.2.1
1793 silly placeDep ROOT type-check@0.4.0 OK for: levn@0.4.1 want: ~0.4.0
1794 silly placeDep ROOT p-locate@5.0.0 OK for: locate-path@6.0.0 want: ^5.0.0
1795 silly fetch manifest p-limit@^3.0.2
1796 silly packumentCache full:https://registry.npmjs.org/p-limit cache-miss
1797 http cache https://registry.npmjs.org/p-limit 0ms (cache hit)
1798 silly packumentCache full:https://registry.npmjs.org/p-limit set size:63850 disposed:false
1799 silly placeDep ROOT yallist@3.1.1 OK for: lru-cache@5.1.1 want: ^3.0.2
1800 silly placeDep ROOT braces@3.0.3 OK for: micromatch@4.0.8 want: ^3.0.3
1801 silly placeDep ROOT picomatch@2.3.2 OK for: micromatch@4.0.8 want: ^2.3.1
1802 silly fetch manifest fill-range@^7.1.1
1803 silly packumentCache full:https://registry.npmjs.org/fill-range cache-miss
1804 http cache https://registry.npmjs.org/fill-range 3ms (cache hit)
1805 silly packumentCache full:https://registry.npmjs.org/fill-range set size:90162 disposed:false
1806 silly placeDep ROOT fill-range@7.1.1 OK for: braces@3.0.3 want: ^7.1.1
1807 silly fetch manifest to-regex-range@^5.0.1
1808 silly packumentCache full:https://registry.npmjs.org/to-regex-range cache-miss
1809 http cache https://registry.npmjs.org/to-regex-range 1ms (cache hit)
1810 silly packumentCache full:https://registry.npmjs.org/to-regex-range set size:61569 disposed:false
1811 silly placeDep ROOT to-regex-range@5.0.1 OK for: fill-range@7.1.1 want: ^5.0.1
1812 silly fetch manifest is-number@^7.0.0
1813 silly packumentCache full:https://registry.npmjs.org/is-number cache-miss
1814 http cache https://registry.npmjs.org/is-number 1ms (cache hit)
1815 silly packumentCache full:https://registry.npmjs.org/is-number set size:36183 disposed:false
1816 silly placeDep ROOT brace-expansion@1.1.18 OK for: minimatch@3.1.5 want: ^1.1.7
1817 silly fetch manifest concat-map@0.0.1
1818 silly packumentCache full:https://registry.npmjs.org/concat-map cache-miss
1819 silly fetch manifest balanced-match@^1.0.0
1820 silly packumentCache full:https://registry.npmjs.org/balanced-match cache-miss
1821 http cache https://registry.npmjs.org/balanced-match 1ms (cache hit)
1822 silly packumentCache full:https://registry.npmjs.org/balanced-match set size:39082 disposed:false
1823 http cache https://registry.npmjs.org/concat-map 2ms (cache hit)
1824 silly packumentCache full:https://registry.npmjs.org/concat-map set size:9290 disposed:false
1825 silly placeDep ROOT balanced-match@1.0.2 OK for: brace-expansion@1.1.18 want: ^1.0.0
1826 silly placeDep ROOT concat-map@0.0.1 OK for: brace-expansion@1.1.18 want: 0.0.1
1827 silly fetch manifest react@^18.2.0 || 19.0.0-rc-de68d2f4-20241204 || ^19.0.0
1828 silly packumentCache full:https://registry.npmjs.org/react cache-miss
1829 http cache https://registry.npmjs.org/react 4ms (cache hit)
1830 silly packumentCache full:https://registry.npmjs.org/react set size:6859098 disposed:false
1831 silly placeDep ROOT @next/env@16.2.12 OK for: next@16.2.12 want: 16.2.12
1832 silly placeDep ROOT @next/swc-darwin-arm64@16.2.12 OK for: next@16.2.12 want: 16.2.12
1833 silly placeDep ROOT @next/swc-darwin-x64@16.2.12 OK for: next@16.2.12 want: 16.2.12
1834 silly placeDep ROOT @next/swc-linux-arm64-gnu@16.2.12 OK for: next@16.2.12 want: 16.2.12
1835 silly placeDep ROOT @next/swc-linux-arm64-musl@16.2.12 OK for: next@16.2.12 want: 16.2.12
1836 silly placeDep ROOT @next/swc-linux-x64-gnu@16.2.12 OK for: next@16.2.12 want: 16.2.12
1837 silly placeDep ROOT @next/swc-linux-x64-musl@16.2.12 OK for: next@16.2.12 want: 16.2.12
1838 silly placeDep ROOT @next/swc-win32-arm64-msvc@16.2.12 OK for: next@16.2.12 want: 16.2.12
1839 silly placeDep ROOT @next/swc-win32-x64-msvc@16.2.12 OK for: next@16.2.12 want: 16.2.12
1840 silly placeDep ROOT @swc/helpers@0.5.15 OK for: next@16.2.12 want: 0.5.15
1841 silly placeDep ROOT postcss@8.4.31 OK for: next@16.2.12 want: 8.4.31
1842 silly placeDep ROOT sharp@0.34.5 OK for: next@16.2.12 want: ^0.34.5
1843 silly placeDep ROOT styled-jsx@5.1.6 OK for: next@16.2.12 want: 5.1.6
1844 silly fetch manifest tslib@^2.8.0
1845 silly packumentCache full:https://registry.npmjs.org/tslib cache-miss
1846 silly fetch manifest nanoid@^3.3.6
1847 silly packumentCache full:https://registry.npmjs.org/nanoid cache-miss
1848 silly fetch manifest source-map-js@^1.0.2
1849 silly packumentCache full:https://registry.npmjs.org/source-map-js cache-miss
1850 silly fetch manifest semver@^7.7.3
1851 silly packumentCache full:https://registry.npmjs.org/semver cache-hit
1852 silly fetch manifest @img/colour@^1.0.0
1853 silly packumentCache full:https://registry.npmjs.org/@img%2fcolour cache-miss
1854 silly fetch manifest detect-libc@^2.1.2
1855 silly packumentCache full:https://registry.npmjs.org/detect-libc cache-miss
1856 silly fetch manifest @img/sharp-wasm32@0.34.5
1857 silly packumentCache full:https://registry.npmjs.org/@img%2fsharp-wasm32 cache-miss
1858 silly fetch manifest @img/sharp-linux-arm@0.34.5
1859 silly packumentCache full:https://registry.npmjs.org/@img%2fsharp-linux-arm cache-miss
1860 silly fetch manifest @img/sharp-linux-x64@0.34.5
1861 silly packumentCache full:https://registry.npmjs.org/@img%2fsharp-linux-x64 cache-miss
1862 silly fetch manifest @img/sharp-win32-x64@0.34.5
1863 silly packumentCache full:https://registry.npmjs.org/@img%2fsharp-win32-x64 cache-miss
1864 http cache https://registry.npmjs.org/tslib 3ms (cache hit)
1865 silly packumentCache full:https://registry.npmjs.org/tslib set size:108843 disposed:false
1866 silly fetch manifest @img/sharp-darwin-x64@0.34.5
1867 silly packumentCache full:https://registry.npmjs.org/@img%2fsharp-darwin-x64 cache-miss
1868 http cache https://registry.npmjs.org/@img%2fsharp-wasm32 4ms (cache hit)
1869 silly packumentCache full:https://registry.npmjs.org/@img%2fsharp-wasm32 set size:99309 disposed:false
1870 silly fetch manifest @img/sharp-win32-ia32@0.34.5
1871 silly packumentCache full:https://registry.npmjs.org/@img%2fsharp-win32-ia32 cache-miss
1872 http cache https://registry.npmjs.org/nanoid 5ms (cache hit)
1873 silly packumentCache full:https://registry.npmjs.org/nanoid set size:335912 disposed:false
1874 silly fetch manifest @img/sharp-linux-arm64@0.34.5
1875 silly packumentCache full:https://registry.npmjs.org/@img%2fsharp-linux-arm64 cache-miss
1876 http cache https://registry.npmjs.org/source-map-js 6ms (cache hit)
1877 silly packumentCache full:https://registry.npmjs.org/source-map-js set size:62640 disposed:false
1878 silly fetch manifest @img/sharp-linux-ppc64@0.34.5
1879 silly packumentCache full:https://registry.npmjs.org/@img%2fsharp-linux-ppc64 cache-miss
1880 http cache https://registry.npmjs.org/detect-libc 6ms (cache hit)
1881 silly packumentCache full:https://registry.npmjs.org/detect-libc set size:47861 disposed:false
1882 silly fetch manifest @img/sharp-linux-s390x@0.34.5
1883 silly packumentCache full:https://registry.npmjs.org/@img%2fsharp-linux-s390x cache-miss
1884 http cache https://registry.npmjs.org/@img%2fcolour 7ms (cache hit)
1885 silly packumentCache full:https://registry.npmjs.org/@img%2fcolour set size:9701 disposed:false
1886 silly fetch manifest @img/sharp-win32-arm64@0.34.5
1887 silly packumentCache full:https://registry.npmjs.org/@img%2fsharp-win32-arm64 cache-miss
1888 http cache https://registry.npmjs.org/@img%2fsharp-linux-arm 7ms (cache hit)
1889 silly packumentCache full:https://registry.npmjs.org/@img%2fsharp-linux-arm set size:102715 disposed:false
1890 silly fetch manifest @img/sharp-darwin-arm64@0.34.5
1891 silly packumentCache full:https://registry.npmjs.org/@img%2fsharp-darwin-arm64 cache-miss
1892 http cache https://registry.npmjs.org/@img%2fsharp-linux-x64 7ms (cache hit)
1893 silly packumentCache full:https://registry.npmjs.org/@img%2fsharp-linux-x64 set size:102218 disposed:false
1894 silly fetch manifest @img/sharp-linux-riscv64@0.34.5
1895 silly packumentCache full:https://registry.npmjs.org/@img%2fsharp-linux-riscv64 cache-miss
1896 http cache https://registry.npmjs.org/@img%2fsharp-win32-x64 7ms (cache hit)
1897 silly packumentCache full:https://registry.npmjs.org/@img%2fsharp-win32-x64 set size:103513 disposed:false
1898 silly fetch manifest @img/sharp-linuxmusl-x64@0.34.5
1899 silly packumentCache full:https://registry.npmjs.org/@img%2fsharp-linuxmusl-x64 cache-miss
1900 http cache https://registry.npmjs.org/@img%2fsharp-linux-s390x 4ms (cache hit)
1901 silly packumentCache full:https://registry.npmjs.org/@img%2fsharp-linux-s390x set size:101430 disposed:false
1902 silly fetch manifest @img/sharp-linuxmusl-arm64@0.34.5
1903 silly packumentCache full:https://registry.npmjs.org/@img%2fsharp-linuxmusl-arm64 cache-miss
1904 http cache https://registry.npmjs.org/@img%2fsharp-linux-arm64 4ms (cache hit)
1905 silly packumentCache full:https://registry.npmjs.org/@img%2fsharp-linux-arm64 set size:103552 disposed:false
1906 silly fetch manifest @img/sharp-libvips-linux-arm@1.2.4
1907 silly packumentCache full:https://registry.npmjs.org/@img%2fsharp-libvips-linux-arm cache-miss
1908 http cache https://registry.npmjs.org/@img%2fsharp-linux-ppc64 5ms (cache hit)
1909 silly packumentCache full:https://registry.npmjs.org/@img%2fsharp-linux-ppc64 set size:68168 disposed:false
1910 silly fetch manifest @img/sharp-libvips-linux-x64@1.2.4
1911 silly packumentCache full:https://registry.npmjs.org/@img%2fsharp-libvips-linux-x64 cache-miss
1912 http cache https://registry.npmjs.org/@img%2fsharp-win32-ia32 7ms (cache hit)
1913 silly packumentCache full:https://registry.npmjs.org/@img%2fsharp-win32-ia32 set size:104482 disposed:false
1914 silly fetch manifest @img/sharp-libvips-darwin-x64@1.2.4
1915 silly packumentCache full:https://registry.npmjs.org/@img%2fsharp-libvips-darwin-x64 cache-miss
1916 http cache https://registry.npmjs.org/@img%2fsharp-darwin-x64 7ms (cache hit)
1917 silly packumentCache full:https://registry.npmjs.org/@img%2fsharp-darwin-x64 set size:104467 disposed:false
1918 silly fetch manifest @img/sharp-libvips-linux-arm64@1.2.4
1919 silly packumentCache full:https://registry.npmjs.org/@img%2fsharp-libvips-linux-arm64 cache-miss
1920 http cache https://registry.npmjs.org/@img%2fsharp-win32-arm64 5ms (cache hit)
1921 silly packumentCache full:https://registry.npmjs.org/@img%2fsharp-win32-arm64 set size:63462 disposed:false
1922 silly fetch manifest @img/sharp-libvips-linux-ppc64@1.2.4
1923 silly packumentCache full:https://registry.npmjs.org/@img%2fsharp-libvips-linux-ppc64 cache-miss
1924 http cache https://registry.npmjs.org/@img%2fsharp-linux-riscv64 4ms (cache hit)
1925 silly packumentCache full:https://registry.npmjs.org/@img%2fsharp-linux-riscv64 set size:45681 disposed:false
1926 silly fetch manifest @img/sharp-libvips-linux-s390x@1.2.4
1927 silly packumentCache full:https://registry.npmjs.org/@img%2fsharp-libvips-linux-s390x cache-miss
1928 http cache https://registry.npmjs.org/@img%2fsharp-darwin-arm64 6ms (cache hit)
1929 silly packumentCache full:https://registry.npmjs.org/@img%2fsharp-darwin-arm64 set size:105848 disposed:false
1930 silly fetch manifest @img/sharp-libvips-darwin-arm64@1.2.4
1931 silly packumentCache full:https://registry.npmjs.org/@img%2fsharp-libvips-darwin-arm64 cache-miss
1932 http cache https://registry.npmjs.org/@img%2fsharp-linuxmusl-x64 6ms (cache hit)
1933 silly packumentCache full:https://registry.npmjs.org/@img%2fsharp-linuxmusl-x64 set size:103818 disposed:false
1934 silly fetch manifest @img/sharp-libvips-linux-riscv64@1.2.4
1935 silly packumentCache full:https://registry.npmjs.org/@img%2fsharp-libvips-linux-riscv64 cache-miss
1936 http cache https://registry.npmjs.org/@img%2fsharp-linuxmusl-arm64 6ms (cache hit)
1937 silly packumentCache full:https://registry.npmjs.org/@img%2fsharp-linuxmusl-arm64 set size:105157 disposed:false
1938 silly fetch manifest @img/sharp-libvips-linuxmusl-x64@1.2.4
1939 silly packumentCache full:https://registry.npmjs.org/@img%2fsharp-libvips-linuxmusl-x64 cache-miss
1940 http cache https://registry.npmjs.org/@img%2fsharp-libvips-linux-arm 5ms (cache hit)
1941 silly packumentCache full:https://registry.npmjs.org/@img%2fsharp-libvips-linux-arm set size:90480 disposed:false
1942 silly fetch manifest @img/sharp-libvips-linuxmusl-arm64@1.2.4
1943 silly packumentCache full:https://registry.npmjs.org/@img%2fsharp-libvips-linuxmusl-arm64 cache-miss
1944 http cache https://registry.npmjs.org/@img%2fsharp-libvips-linux-ppc64 5ms (cache hit)
1945 silly packumentCache full:https://registry.npmjs.org/@img%2fsharp-libvips-linux-ppc64 set size:72601 disposed:false
1946 silly fetch manifest client-only@0.0.1
1947 silly packumentCache full:https://registry.npmjs.org/client-only cache-miss
1948 http cache https://registry.npmjs.org/@img%2fsharp-libvips-linux-arm64 5ms (cache hit)
1949 silly packumentCache full:https://registry.npmjs.org/@img%2fsharp-libvips-linux-arm64 set size:87554 disposed:false
1950 http cache https://registry.npmjs.org/@img%2fsharp-libvips-darwin-arm64 4ms (cache hit)
1951 silly packumentCache full:https://registry.npmjs.org/@img%2fsharp-libvips-darwin-arm64 set size:83997 disposed:false
1952 http cache https://registry.npmjs.org/@img%2fsharp-libvips-linux-x64 7ms (cache hit)
1953 silly packumentCache full:https://registry.npmjs.org/@img%2fsharp-libvips-linux-x64 set size:86327 disposed:false
1954 http cache https://registry.npmjs.org/@img%2fsharp-libvips-linux-s390x 6ms (cache hit)
1955 silly packumentCache full:https://registry.npmjs.org/@img%2fsharp-libvips-linux-s390x set size:81565 disposed:false
1956 http cache https://registry.npmjs.org/@img%2fsharp-libvips-darwin-x64 7ms (cache hit)
1957 silly packumentCache full:https://registry.npmjs.org/@img%2fsharp-libvips-darwin-x64 set size:83096 disposed:false
1958 http cache https://registry.npmjs.org/@img%2fsharp-libvips-linux-riscv64 4ms (cache hit)
1959 silly packumentCache full:https://registry.npmjs.org/@img%2fsharp-libvips-linux-riscv64 set size:58803 disposed:false
1960 http cache https://registry.npmjs.org/client-only 3ms (cache hit)
1961 silly packumentCache full:https://registry.npmjs.org/client-only set size:2750 disposed:false
1962 http cache https://registry.npmjs.org/@img%2fsharp-libvips-linuxmusl-x64 4ms (cache hit)
1963 silly packumentCache full:https://registry.npmjs.org/@img%2fsharp-libvips-linuxmusl-x64 set size:83650 disposed:false
1964 http cache https://registry.npmjs.org/@img%2fsharp-libvips-linuxmusl-arm64 3ms (cache hit)
1965 silly packumentCache full:https://registry.npmjs.org/@img%2fsharp-libvips-linuxmusl-arm64 set size:86720 disposed:false
1966 silly placeDep ROOT tslib@2.8.1 OK for: @swc/helpers@0.5.15 want: ^2.8.0
1967 silly placeDep ROOT deep-is@0.1.4 OK for: optionator@0.9.4 want: ^0.1.3
1968 silly placeDep ROOT fast-levenshtein@2.0.6 OK for: optionator@0.9.4 want: ^2.0.6
1969 silly placeDep ROOT word-wrap@1.2.5 OK for: optionator@0.9.4 want: ^1.2.5
1970 silly placeDep ROOT p-limit@3.1.0 OK for: p-locate@5.0.0 want: ^3.0.2
1971 silly fetch manifest yocto-queue@^0.1.0
1972 silly packumentCache full:https://registry.npmjs.org/yocto-queue cache-miss
1973 http cache https://registry.npmjs.org/yocto-queue 0ms (cache hit)
1974 silly packumentCache full:https://registry.npmjs.org/yocto-queue set size:20256 disposed:false
1975 silly placeDep ROOT yocto-queue@0.1.0 OK for: p-limit@3.1.0 want: ^0.1.0
1976 silly placeDep ROOT callsites@3.1.0 OK for: parent-module@1.0.1 want: ^3.0.0
1977 silly placeDep ROOT nanoid@3.3.16 OK for: postcss@8.4.31 want: ^3.3.6
1978 silly placeDep ROOT source-map-js@1.2.1 OK for: postcss@8.4.31 want: ^1.0.2
1979 silly placeDep ROOT loose-envify@1.4.0 OK for: prop-types@15.8.1 want: ^1.4.0
1980 silly placeDep ROOT object-assign@4.1.1 OK for: prop-types@15.8.1 want: ^4.1.1
1981 silly placeDep ROOT react-is@16.13.1 OK for: prop-types@15.8.1 want: ^16.13.1
1982 silly placeDep ROOT scheduler@0.27.0 OK for: react-dom@19.2.0 want: ^0.27.0
1983 silly placeDep ROOT node-exports-info@1.6.2 OK for: resolve@2.0.0-next.7 want: ^1.6.0
1984 silly placeDep ROOT path-parse@1.0.7 OK for: resolve@2.0.0-next.7 want: ^1.0.7
1985 silly placeDep ROOT supports-preserve-symlinks-flag@1.0.0 OK for: resolve@2.0.0-next.7 want: ^1.0.0
1986 silly placeDep ROOT queue-microtask@1.2.3 OK for: run-parallel@1.2.0 want: ^1.2.2
1987 silly placeDep ROOT isarray@2.0.5 OK for: safe-array-concat@1.1.4 want: ^2.0.5
1988 silly placeDep ROOT @img/colour@1.1.0 OK for: sharp@0.34.5 want: ^1.0.0
1989 silly placeDep ROOT @img/sharp-darwin-arm64@0.34.5 OK for: sharp@0.34.5 want: 0.34.5
1990 silly placeDep ROOT @img/sharp-darwin-x64@0.34.5 OK for: sharp@0.34.5 want: 0.34.5
1991 silly placeDep ROOT @img/sharp-libvips-darwin-arm64@1.2.4 OK for: sharp@0.34.5 want: 1.2.4
1992 silly placeDep ROOT @img/sharp-libvips-darwin-x64@1.2.4 OK for: sharp@0.34.5 want: 1.2.4
1993 silly placeDep ROOT @img/sharp-libvips-linux-arm@1.2.4 OK for: sharp@0.34.5 want: 1.2.4
1994 silly placeDep ROOT @img/sharp-libvips-linux-arm64@1.2.4 OK for: sharp@0.34.5 want: 1.2.4
1995 silly placeDep ROOT @img/sharp-libvips-linux-ppc64@1.2.4 OK for: sharp@0.34.5 want: 1.2.4
1996 silly placeDep ROOT @img/sharp-libvips-linux-riscv64@1.2.4 OK for: sharp@0.34.5 want: 1.2.4
1997 silly placeDep ROOT @img/sharp-libvips-linux-s390x@1.2.4 OK for: sharp@0.34.5 want: 1.2.4
1998 silly placeDep ROOT @img/sharp-libvips-linux-x64@1.2.4 OK for: sharp@0.34.5 want: 1.2.4
1999 silly placeDep ROOT @img/sharp-libvips-linuxmusl-arm64@1.2.4 OK for: sharp@0.34.5 want: 1.2.4
2000 silly placeDep ROOT @img/sharp-libvips-linuxmusl-x64@1.2.4 OK for: sharp@0.34.5 want: 1.2.4
2001 silly placeDep ROOT @img/sharp-linux-arm@0.34.5 OK for: sharp@0.34.5 want: 0.34.5
2002 silly placeDep ROOT @img/sharp-linux-arm64@0.34.5 OK for: sharp@0.34.5 want: 0.34.5
2003 silly placeDep ROOT @img/sharp-linux-ppc64@0.34.5 OK for: sharp@0.34.5 want: 0.34.5
2004 silly placeDep ROOT @img/sharp-linux-riscv64@0.34.5 OK for: sharp@0.34.5 want: 0.34.5
2005 silly placeDep ROOT @img/sharp-linux-s390x@0.34.5 OK for: sharp@0.34.5 want: 0.34.5
2006 silly placeDep ROOT @img/sharp-linux-x64@0.34.5 OK for: sharp@0.34.5 want: 0.34.5
2007 silly placeDep ROOT @img/sharp-linuxmusl-arm64@0.34.5 OK for: sharp@0.34.5 want: 0.34.5
2008 silly placeDep ROOT @img/sharp-linuxmusl-x64@0.34.5 OK for: sharp@0.34.5 want: 0.34.5
2009 silly placeDep ROOT @img/sharp-wasm32@0.34.5 OK for: sharp@0.34.5 want: 0.34.5
2010 silly placeDep ROOT @img/sharp-win32-arm64@0.34.5 OK for: sharp@0.34.5 want: 0.34.5
2011 silly placeDep ROOT @img/sharp-win32-ia32@0.34.5 OK for: sharp@0.34.5 want: 0.34.5
2012 silly placeDep ROOT @img/sharp-win32-x64@0.34.5 OK for: sharp@0.34.5 want: 0.34.5
2013 silly placeDep ROOT detect-libc@2.1.2 OK for: sharp@0.34.5 want: ^2.1.2
2014 silly placeDep node_modules/sharp semver@7.8.5 OK for: sharp@0.34.5 want: ^7.7.3
2015 silly fetch manifest @emnapi/runtime@^1.7.0
2016 silly packumentCache full:https://registry.npmjs.org/@emnapi%2fruntime cache-miss
2017 http cache https://registry.npmjs.org/@emnapi%2fruntime 1ms (cache hit)
2018 silly packumentCache full:https://registry.npmjs.org/@emnapi%2fruntime set size:122916 disposed:false
2019 silly placeDep ROOT @emnapi/runtime@1.11.3 OK for: @img/sharp-wasm32@0.34.5 want: ^1.7.0
2020 silly placeDep ROOT shebang-regex@3.0.0 OK for: shebang-command@2.0.0 want: ^3.0.0
2021 silly placeDep ROOT side-channel-list@1.0.1 OK for: side-channel@1.1.1 want: ^1.0.1
2022 silly placeDep ROOT side-channel-map@1.0.1 OK for: side-channel@1.1.1 want: ^1.0.1
2023 silly placeDep ROOT side-channel-weakmap@1.0.2 OK for: side-channel@1.1.1 want: ^1.0.2
2024 silly placeDep ROOT client-only@0.0.1 OK for: styled-jsx@5.1.6 want: 0.0.1
2025 silly placeDep ROOT has-flag@4.0.0 OK for: supports-color@7.2.0 want: ^4.0.0
2026 silly placeDep node_modules/tinyglobby fdir@6.5.0 OK for: tinyglobby@0.2.17 want: ^6.5.0
2027 silly placeDep node_modules/tinyglobby picomatch@4.0.5 OK for: fdir@6.5.0 want: ^3 || ^4
2028 silly placeDep ROOT is-number@7.0.0 OK for: to-regex-range@5.0.1 want: ^7.0.0
2029 silly placeDep ROOT @types/json5@0.0.29 OK for: tsconfig-paths@3.15.0 want: ^0.0.29
2030 silly placeDep node_modules/tsconfig-paths json5@1.0.2 OK for: tsconfig-paths@3.15.0 want: ^1.0.2
2031 silly placeDep ROOT minimist@1.2.8 OK for: tsconfig-paths@3.15.0 want: ^1.2.6
2032 silly placeDep ROOT strip-bom@3.0.0 OK for: tsconfig-paths@3.15.0 want: ^3.0.0
2033 silly fetch manifest minimist@^1.2.0
2034 silly packumentCache full:https://registry.npmjs.org/minimist cache-hit
2035 silly placeDep ROOT for-each@0.3.5 OK for: typed-array-byte-length@1.0.3 want: ^0.3.3
2036 silly placeDep ROOT reflect.getprototypeof@1.0.10 OK for: typed-array-byte-offset@1.0.4 want: ^1.0.9
2037 silly fetch manifest which-builtin-type@^1.2.1
2038 silly packumentCache full:https://registry.npmjs.org/which-builtin-type cache-miss
2039 http cache https://registry.npmjs.org/which-builtin-type 2ms (cache hit)
2040 silly packumentCache full:https://registry.npmjs.org/which-builtin-type set size:39107 disposed:false
2041 silly placeDep ROOT which-builtin-type@1.2.1 OK for: reflect.getprototypeof@1.0.10 want: ^1.2.1
2042 silly fetch manifest is-async-function@^2.0.0
2043 silly packumentCache full:https://registry.npmjs.org/is-async-function cache-miss
2044 silly fetch manifest is-finalizationregistry@^1.1.0
2045 silly packumentCache full:https://registry.npmjs.org/is-finalizationregistry cache-miss
2046 silly fetch manifest is-generator-function@^1.0.10
2047 silly packumentCache full:https://registry.npmjs.org/is-generator-function cache-miss
2048 silly fetch manifest which-boxed-primitive@^1.1.0
2049 silly packumentCache full:https://registry.npmjs.org/which-boxed-primitive cache-hit
2050 silly fetch manifest which-collection@^1.0.2
2051 silly packumentCache full:https://registry.npmjs.org/which-collection cache-miss
2052 http cache https://registry.npmjs.org/is-finalizationregistry 2ms (cache hit)
2053 silly packumentCache full:https://registry.npmjs.org/is-finalizationregistry set size:19800 disposed:false
2054 http cache https://registry.npmjs.org/is-async-function 2ms (cache hit)
2055 silly packumentCache full:https://registry.npmjs.org/is-async-function set size:51614 disposed:false
2056 http cache https://registry.npmjs.org/which-collection 3ms (cache hit)
2057 silly packumentCache full:https://registry.npmjs.org/which-collection set size:13607 disposed:false
2058 http cache https://registry.npmjs.org/is-generator-function 3ms (cache hit)
2059 silly packumentCache full:https://registry.npmjs.org/is-generator-function set size:44643 disposed:false
2060 silly fetch manifest eslint@^8.57.0 || ^9.0.0 || ^10.0.0
2061 silly packumentCache full:https://registry.npmjs.org/eslint cache-miss
2062 http cache https://registry.npmjs.org/eslint 2ms (cache hit)
2063 silly packumentCache full:https://registry.npmjs.org/eslint set size:2040662 disposed:false
2064 silly placeDep ROOT @typescript-eslint/eslint-plugin@8.65.0 OK for: typescript-eslint@8.65.0 want: 8.65.0
2065 silly placeDep ROOT @typescript-eslint/parser@8.65.0 OK for: @typescript-eslint/eslint-plugin@8.65.0 want: ^8.65.0
2066 silly placeDep ROOT @typescript-eslint/typescript-estree@8.65.0 OK for: typescript-eslint@8.65.0 want: 8.65.0
2067 silly placeDep ROOT @typescript-eslint/utils@8.65.0 OK for: typescript-eslint@8.65.0 want: 8.65.0
2068 silly fetch manifest ignore@^7.0.5
2069 silly packumentCache full:https://registry.npmjs.org/ignore cache-hit
2070 silly fetch manifest ts-api-utils@^2.5.0
2071 silly packumentCache full:https://registry.npmjs.org/ts-api-utils cache-miss
2072 silly fetch manifest @typescript-eslint/type-utils@8.65.0
2073 silly packumentCache full:https://registry.npmjs.org/@typescript-eslint%2ftype-utils cache-miss
2074 silly fetch manifest @typescript-eslint/visitor-keys@8.65.0
2075 silly packumentCache full:https://registry.npmjs.org/@typescript-eslint%2fvisitor-keys cache-miss
2076 silly fetch manifest @typescript-eslint/scope-manager@8.65.0
2077 silly packumentCache full:https://registry.npmjs.org/@typescript-eslint%2fscope-manager cache-miss
2078 silly fetch manifest @typescript-eslint/types@8.65.0
2079 silly packumentCache full:https://registry.npmjs.org/@typescript-eslint%2ftypes cache-miss
2080 silly fetch manifest @typescript-eslint/visitor-keys@8.65.0
2081 silly packumentCache full:https://registry.npmjs.org/@typescript-eslint%2fvisitor-keys cache-miss
2082 silly fetch manifest @typescript-eslint/scope-manager@8.65.0
2083 silly packumentCache full:https://registry.npmjs.org/@typescript-eslint%2fscope-manager cache-miss
2084 silly fetch manifest minimatch@^10.2.2
2085 silly packumentCache full:https://registry.npmjs.org/minimatch cache-hit
2086 silly fetch manifest ts-api-utils@^2.5.0
2087 silly packumentCache full:https://registry.npmjs.org/ts-api-utils cache-miss
2088 silly fetch manifest @typescript-eslint/types@8.65.0
2089 silly packumentCache full:https://registry.npmjs.org/@typescript-eslint%2ftypes cache-miss
2090 http cache https://registry.npmjs.org/ts-api-utils 3ms (cache hit)
2091 silly packumentCache full:https://registry.npmjs.org/ts-api-utils set size:226785 disposed:false
2092 silly fetch manifest @typescript-eslint/visitor-keys@8.65.0
2093 silly packumentCache full:https://registry.npmjs.org/@typescript-eslint%2fvisitor-keys cache-miss
2094 http cache https://registry.npmjs.org/@typescript-eslint%2fvisitor-keys 17ms (cache hit)
2095 silly packumentCache full:https://registry.npmjs.org/@typescript-eslint%2fvisitor-keys set size:12213865 disposed:false
2096 silly fetch manifest @typescript-eslint/tsconfig-utils@8.65.0
2097 silly packumentCache full:https://registry.npmjs.org/@typescript-eslint%2ftsconfig-utils cache-miss
2098 http cache https://registry.npmjs.org/@typescript-eslint%2fvisitor-keys 50ms (cache hit)
2099 silly packumentCache full:https://registry.npmjs.org/@typescript-eslint%2fvisitor-keys set size:12213865 disposed:false
2100 silly fetch manifest @typescript-eslint/project-service@8.65.0
2101 silly packumentCache full:https://registry.npmjs.org/@typescript-eslint%2fproject-service cache-miss
2102 http cache https://registry.npmjs.org/ts-api-utils 69ms (cache hit)
2103 silly packumentCache full:https://registry.npmjs.org/ts-api-utils set size:226785 disposed:false
2104 silly packumentCache full:https://registry.npmjs.org/ts-api-utils dispose
2105 silly fetch manifest @typescript-eslint/types@8.65.0
2106 silly packumentCache full:https://registry.npmjs.org/@typescript-eslint%2ftypes cache-miss
2107 http cache https://registry.npmjs.org/@typescript-eslint%2ftype-utils 76ms (cache hit)
2108 silly packumentCache full:https://registry.npmjs.org/@typescript-eslint%2ftype-utils set size:9717836 disposed:false
2109 silly fetch manifest @typescript-eslint/scope-manager@8.65.0
2110 silly packumentCache full:https://registry.npmjs.org/@typescript-eslint%2fscope-manager cache-miss
2111 http cache https://registry.npmjs.org/@typescript-eslint%2fscope-manager 99ms (cache hit)
2112 silly packumentCache full:https://registry.npmjs.org/@typescript-eslint%2fscope-manager set size:12844515 disposed:false
2113 http cache https://registry.npmjs.org/@typescript-eslint%2ftypes 126ms (cache hit)
2114 silly packumentCache full:https://registry.npmjs.org/@typescript-eslint%2ftypes set size:12664635 disposed:false
2115 http cache https://registry.npmjs.org/@typescript-eslint%2ftypes 160ms (cache hit)
2116 silly packumentCache full:https://registry.npmjs.org/@typescript-eslint%2ftypes set size:12664635 disposed:false
2117 http cache https://registry.npmjs.org/@typescript-eslint%2fscope-manager 216ms (cache hit)
2118 silly packumentCache full:https://registry.npmjs.org/@typescript-eslint%2fscope-manager set size:12844515 disposed:false
2119 http cache https://registry.npmjs.org/@typescript-eslint%2fvisitor-keys 241ms (cache hit)
2120 silly packumentCache full:https://registry.npmjs.org/@typescript-eslint%2fvisitor-keys set size:12213865 disposed:false
2121 http cache https://registry.npmjs.org/@typescript-eslint%2ftypes 201ms (cache hit)
2122 silly packumentCache full:https://registry.npmjs.org/@typescript-eslint%2ftypes set size:12664635 disposed:false
2123 http cache https://registry.npmjs.org/@typescript-eslint%2fproject-service 230ms (cache hit)
2124 silly packumentCache full:https://registry.npmjs.org/@typescript-eslint%2fproject-service set size:1732761 disposed:false
2125 http cache https://registry.npmjs.org/@typescript-eslint%2ftsconfig-utils 263ms (cache hit)
2126 silly packumentCache full:https://registry.npmjs.org/@typescript-eslint%2ftsconfig-utils set size:1630572 disposed:false
2127 http cache https://registry.npmjs.org/@typescript-eslint%2fscope-manager 222ms (cache hit)
2128 silly packumentCache full:https://registry.npmjs.org/@typescript-eslint%2fscope-manager set size:12844515 disposed:false
2129 silly placeDep ROOT @typescript-eslint/scope-manager@8.65.0 OK for: @typescript-eslint/eslint-plugin@8.65.0 want: 8.65.0
2130 silly placeDep ROOT @typescript-eslint/type-utils@8.65.0 OK for: @typescript-eslint/eslint-plugin@8.65.0 want: 8.65.0
2131 silly placeDep ROOT @typescript-eslint/visitor-keys@8.65.0 OK for: @typescript-eslint/eslint-plugin@8.65.0 want: 8.65.0
2132 silly placeDep node_modules/@typescript-eslint/eslint-plugin ignore@7.0.6 OK for: @typescript-eslint/eslint-plugin@8.65.0 want: ^7.0.5
2133 silly placeDep ROOT ts-api-utils@2.5.0 OK for: @typescript-eslint/eslint-plugin@8.65.0 want: ^2.5.0
2134 silly fetch manifest eslint-visitor-keys@^5.0.0
2135 silly packumentCache full:https://registry.npmjs.org/eslint-visitor-keys cache-hit
2136 silly placeDep ROOT @typescript-eslint/types@8.65.0 OK for: @typescript-eslint/parser@8.65.0 want: 8.65.0
2137 silly placeDep ROOT @typescript-eslint/project-service@8.65.0 OK for: @typescript-eslint/typescript-estree@8.65.0 want: 8.65.0
2138 silly placeDep ROOT @typescript-eslint/tsconfig-utils@8.65.0 OK for: @typescript-eslint/typescript-estree@8.65.0 want: 8.65.0
2139 silly placeDep node_modules/@typescript-eslint/typescript-estree minimatch@10.2.6 OK for: @typescript-eslint/typescript-estree@8.65.0 want: ^10.2.2
2140 silly placeDep node_modules/@typescript-eslint/typescript-estree semver@7.8.5 OK for: @typescript-eslint/typescript-estree@8.65.0 want: ^7.7.3
2141 silly fetch manifest @typescript-eslint/tsconfig-utils@^8.65.0
2142 silly packumentCache full:https://registry.npmjs.org/@typescript-eslint%2ftsconfig-utils cache-miss
2143 silly fetch manifest brace-expansion@^5.0.8
2144 silly packumentCache full:https://registry.npmjs.org/brace-expansion cache-hit
2145 http cache https://registry.npmjs.org/@typescript-eslint%2ftsconfig-utils 2ms (cache hit)
2146 silly packumentCache full:https://registry.npmjs.org/@typescript-eslint%2ftsconfig-utils set size:1630572 disposed:false
2147 silly placeDep node_modules/@typescript-eslint/visitor-keys eslint-visitor-keys@5.0.1 OK for: @typescript-eslint/visitor-keys@8.65.0 want: ^5.0.0
2148 silly placeDep ROOT has-bigints@1.1.0 OK for: unbox-primitive@1.1.0 want: ^1.0.2
2149 silly placeDep ROOT which-boxed-primitive@1.1.1 OK for: unbox-primitive@1.1.0 want: ^1.1.1
2150 silly fetch manifest is-bigint@^1.1.0
2151 silly packumentCache full:https://registry.npmjs.org/is-bigint cache-miss
2152 silly fetch manifest is-boolean-object@^1.2.1
2153 silly packumentCache full:https://registry.npmjs.org/is-boolean-object cache-miss
2154 silly fetch manifest is-number-object@^1.1.1
2155 silly packumentCache full:https://registry.npmjs.org/is-number-object cache-miss
2156 http cache https://registry.npmjs.org/is-bigint 1ms (cache hit)
2157 silly packumentCache full:https://registry.npmjs.org/is-bigint set size:20283 disposed:false
2158 http cache https://registry.npmjs.org/is-boolean-object 2ms (cache hit)
2159 silly packumentCache full:https://registry.npmjs.org/is-boolean-object set size:31341 disposed:false
2160 http cache https://registry.npmjs.org/is-number-object 2ms (cache hit)
2161 silly packumentCache full:https://registry.npmjs.org/is-number-object set size:31189 disposed:false
2162 silly placeDep ROOT @unrs/resolver-binding-android-arm-eabi@1.12.2 OK for: unrs-resolver@1.12.2 want: 1.12.2
2163 silly placeDep ROOT @unrs/resolver-binding-android-arm64@1.12.2 OK for: unrs-resolver@1.12.2 want: 1.12.2
2164 silly placeDep ROOT @unrs/resolver-binding-darwin-arm64@1.12.2 OK for: unrs-resolver@1.12.2 want: 1.12.2
2165 silly placeDep ROOT @unrs/resolver-binding-darwin-x64@1.12.2 OK for: unrs-resolver@1.12.2 want: 1.12.2
2166 silly placeDep ROOT @unrs/resolver-binding-freebsd-x64@1.12.2 OK for: unrs-resolver@1.12.2 want: 1.12.2
2167 silly placeDep ROOT @unrs/resolver-binding-linux-arm-gnueabihf@1.12.2 OK for: unrs-resolver@1.12.2 want: 1.12.2
2168 silly placeDep ROOT @unrs/resolver-binding-linux-arm-musleabihf@1.12.2 OK for: unrs-resolver@1.12.2 want: 1.12.2
2169 silly placeDep ROOT @unrs/resolver-binding-linux-arm64-gnu@1.12.2 OK for: unrs-resolver@1.12.2 want: 1.12.2
2170 silly placeDep ROOT @unrs/resolver-binding-linux-arm64-musl@1.12.2 OK for: unrs-resolver@1.12.2 want: 1.12.2
2171 silly placeDep ROOT @unrs/resolver-binding-linux-loong64-gnu@1.12.2 OK for: unrs-resolver@1.12.2 want: 1.12.2
2172 silly placeDep ROOT @unrs/resolver-binding-linux-loong64-musl@1.12.2 OK for: unrs-resolver@1.12.2 want: 1.12.2
2173 silly placeDep ROOT @unrs/resolver-binding-linux-ppc64-gnu@1.12.2 OK for: unrs-resolver@1.12.2 want: 1.12.2
2174 silly placeDep ROOT @unrs/resolver-binding-linux-riscv64-gnu@1.12.2 OK for: unrs-resolver@1.12.2 want: 1.12.2
2175 silly placeDep ROOT @unrs/resolver-binding-linux-riscv64-musl@1.12.2 OK for: unrs-resolver@1.12.2 want: 1.12.2
2176 silly placeDep ROOT @unrs/resolver-binding-linux-s390x-gnu@1.12.2 OK for: unrs-resolver@1.12.2 want: 1.12.2
2177 silly placeDep ROOT @unrs/resolver-binding-linux-x64-gnu@1.12.2 OK for: unrs-resolver@1.12.2 want: 1.12.2
2178 silly placeDep ROOT @unrs/resolver-binding-linux-x64-musl@1.12.2 OK for: unrs-resolver@1.12.2 want: 1.12.2
2179 silly placeDep ROOT @unrs/resolver-binding-openharmony-arm64@1.12.2 OK for: unrs-resolver@1.12.2 want: 1.12.2
2180 silly placeDep ROOT @unrs/resolver-binding-wasm32-wasi@1.12.2 OK for: unrs-resolver@1.12.2 want: 1.12.2
2181 silly placeDep ROOT @unrs/resolver-binding-win32-arm64-msvc@1.12.2 OK for: unrs-resolver@1.12.2 want: 1.12.2
2182 silly placeDep ROOT @unrs/resolver-binding-win32-ia32-msvc@1.12.2 OK for: unrs-resolver@1.12.2 want: 1.12.2
2183 silly placeDep ROOT @unrs/resolver-binding-win32-x64-msvc@1.12.2 OK for: unrs-resolver@1.12.2 want: 1.12.2
2184 silly placeDep ROOT napi-postinstall@0.3.4 OK for: unrs-resolver@1.12.2 want: ^0.3.4
2185 silly fetch manifest @napi-rs/wasm-runtime@^1.1.4
2186 silly packumentCache full:https://registry.npmjs.org/@napi-rs%2fwasm-runtime cache-miss
2187 silly fetch manifest @emnapi/core@1.10.0
2188 silly packumentCache full:https://registry.npmjs.org/@emnapi%2fcore cache-miss
2189 silly fetch manifest @emnapi/runtime@1.10.0
2190 silly packumentCache full:https://registry.npmjs.org/@emnapi%2fruntime cache-hit
2191 http cache https://registry.npmjs.org/@emnapi%2fcore 1ms (cache hit)
2192 silly packumentCache full:https://registry.npmjs.org/@emnapi%2fcore set size:121716 disposed:false
2193 http cache https://registry.npmjs.org/@napi-rs%2fwasm-runtime 1ms (cache hit)
2194 silly packumentCache full:https://registry.npmjs.org/@napi-rs%2fwasm-runtime set size:85153 disposed:false
2195 silly placeDep ROOT @emnapi/core@1.10.0 OK for: @unrs/resolver-binding-wasm32-wasi@1.12.2 want: 1.10.0
2196 silly placeDep node_modules/@unrs/resolver-binding-wasm32-wasi @emnapi/runtime@1.10.0 OK for: @unrs/resolver-binding-wasm32-wasi@1.12.2 want: 1.10.0
2197 silly placeDep ROOT @napi-rs/wasm-runtime@1.2.2 OK for: @unrs/resolver-binding-wasm32-wasi@1.12.2 want: ^1.1.4
2198 silly fetch manifest @emnapi/wasi-threads@1.2.1
2199 silly packumentCache full:https://registry.npmjs.org/@emnapi%2fwasi-threads cache-miss
2200 silly fetch manifest @tybys/wasm-util@^0.10.3
2201 silly packumentCache full:https://registry.npmjs.org/@tybys%2fwasm-util cache-miss
2202 http cache https://registry.npmjs.org/@emnapi%2fwasi-threads 0ms (cache hit)
2203 silly packumentCache full:https://registry.npmjs.org/@emnapi%2fwasi-threads set size:27058 disposed:false
2204 http cache https://registry.npmjs.org/@tybys%2fwasm-util 1ms (cache hit)
2205 silly packumentCache full:https://registry.npmjs.org/@tybys%2fwasm-util set size:60108 disposed:false
2206 silly placeDep ROOT @emnapi/wasi-threads@1.2.1 OK for: @emnapi/core@1.10.0 want: 1.2.1
2207 silly placeDep ROOT @tybys/wasm-util@0.10.3 OK for: @napi-rs/wasm-runtime@1.2.2 want: ^0.10.3
2208 silly placeDep ROOT escalade@3.2.0 OK for: update-browserslist-db@1.2.3 want: ^3.2.0
2209 silly placeDep ROOT punycode@2.3.1 OK for: uri-js@4.4.1 want: ^2.1.0
2210 silly placeDep ROOT isexe@2.0.0 OK for: which@2.0.2 want: ^2.0.0
2211 silly placeDep ROOT is-bigint@1.1.0 OK for: which-boxed-primitive@1.1.1 want: ^1.1.0
2212 silly placeDep ROOT is-boolean-object@1.2.2 OK for: which-boxed-primitive@1.1.1 want: ^1.2.1
2213 silly placeDep ROOT is-number-object@1.1.1 OK for: which-boxed-primitive@1.1.1 want: ^1.1.1
2214 silly placeDep ROOT is-async-function@2.1.1 OK for: which-builtin-type@1.2.1 want: ^2.0.0
2215 silly placeDep ROOT is-finalizationregistry@1.1.1 OK for: which-builtin-type@1.2.1 want: ^1.1.0
2216 silly placeDep ROOT is-generator-function@1.1.2 OK for: which-builtin-type@1.2.1 want: ^1.0.10
2217 silly placeDep ROOT which-collection@1.0.2 OK for: which-builtin-type@1.2.1 want: ^1.0.2
2218 silly fetch manifest async-function@^1.0.0
2219 silly packumentCache full:https://registry.npmjs.org/async-function cache-miss
2220 silly fetch manifest generator-function@^2.0.0
2221 silly packumentCache full:https://registry.npmjs.org/generator-function cache-miss
2222 silly fetch manifest is-map@^2.0.3
2223 silly packumentCache full:https://registry.npmjs.org/is-map cache-miss
2224 silly fetch manifest is-weakmap@^2.0.2
2225 silly packumentCache full:https://registry.npmjs.org/is-weakmap cache-miss
2226 silly fetch manifest is-weakset@^2.0.3
2227 silly packumentCache full:https://registry.npmjs.org/is-weakset cache-miss
2228 http cache https://registry.npmjs.org/is-map 1ms (cache hit)
2229 silly packumentCache full:https://registry.npmjs.org/is-map set size:18079 disposed:false
2230 http cache https://registry.npmjs.org/generator-function 1ms (cache hit)
2231 silly packumentCache full:https://registry.npmjs.org/generator-function set size:10401 disposed:false
2232 http cache https://registry.npmjs.org/async-function 2ms (cache hit)
2233 silly packumentCache full:https://registry.npmjs.org/async-function set size:7150 disposed:false
2234 http cache https://registry.npmjs.org/is-weakset 2ms (cache hit)
2235 silly packumentCache full:https://registry.npmjs.org/is-weakset set size:21965 disposed:false
2236 http cache https://registry.npmjs.org/is-weakmap 2ms (cache hit)
2237 silly packumentCache full:https://registry.npmjs.org/is-weakmap set size:15163 disposed:false
2238 silly placeDep ROOT async-function@1.0.0 OK for: is-async-function@2.1.1 want: ^1.0.0
2239 silly placeDep ROOT generator-function@2.0.1 OK for: is-generator-function@1.1.2 want: ^2.0.0
2240 silly placeDep ROOT is-map@2.0.3 OK for: which-collection@1.0.2 want: ^2.0.3
2241 silly placeDep ROOT is-weakmap@2.0.2 OK for: which-collection@1.0.2 want: ^2.0.2
2242 silly placeDep ROOT is-weakset@2.0.4 OK for: which-collection@1.0.2 want: ^2.0.3
2243 silly placeDep node_modules/@typescript-eslint/typescript-estree brace-expansion@5.0.9 OK for: minimatch@10.2.6 want: ^5.0.8
2244 silly fetch manifest balanced-match@^4.0.2
2245 silly packumentCache full:https://registry.npmjs.org/balanced-match cache-hit
2246 silly placeDep node_modules/@typescript-eslint/typescript-estree balanced-match@4.0.4 OK for: brace-expansion@5.0.9 want: ^4.0.2
2247 silly reify moves {}
2248 silly audit bulk request {
2248 silly audit   '@types/node': [ '24.13.3' ],
2248 silly audit   '@types/react': [ '19.2.18' ],
2248 silly audit   '@types/react-dom': [ '19.2.4' ],
2248 silly audit   eslint: [ '9.39.5' ],
2248 silly audit   'eslint-config-next': [ '16.2.12' ],
2248 silly audit   next: [ '16.2.12' ],
2248 silly audit   react: [ '19.2.0' ],
2248 silly audit   'react-dom': [ '19.2.0' ],
2248 silly audit   typescript: [ '5.9.3' ],
2248 silly audit   'undici-types': [ '7.18.2' ],
2248 silly audit   csstype: [ '3.2.3' ],
2248 silly audit   '@eslint-community/eslint-utils': [ '4.10.1' ],
2248 silly audit   '@eslint-community/regexpp': [ '4.12.2' ],
2248 silly audit   '@eslint/config-array': [ '0.21.2' ],
2248 silly audit   '@eslint/config-helpers': [ '0.4.2' ],
2248 silly audit   '@eslint/core': [ '0.17.0' ],
2248 silly audit   '@eslint/eslintrc': [ '3.3.6' ],
2248 silly audit   '@eslint/js': [ '9.39.5' ],
2248 silly audit   '@eslint/plugin-kit': [ '0.4.1' ],
2248 silly audit   '@humanfs/node': [ '0.16.8' ],
2248 silly audit   '@humanwhocodes/module-importer': [ '1.0.1' ],
2248 silly audit   '@humanwhocodes/retry': [ '0.4.3' ],
2248 silly audit   '@types/estree': [ '1.0.9' ],
2248 silly audit   ajv: [ '6.15.0' ],
2248 silly audit   chalk: [ '4.1.2' ],
2248 silly audit   'cross-spawn': [ '7.0.6' ],
2248 silly audit   debug: [ '4.4.3', '3.2.7' ],
2248 silly audit   'escape-string-regexp': [ '4.0.0' ],
2248 silly audit   'eslint-scope': [ '8.4.0' ],
2248 silly audit   'eslint-visitor-keys': [ '4.2.1', '3.4.3', '5.0.1' ],
2248 silly audit   espree: [ '10.4.0' ],
2248 silly audit   esquery: [ '1.7.0' ],
2248 silly audit   esutils: [ '2.0.3' ],
2248 silly audit   'fast-deep-equal': [ '3.1.3' ],
2248 silly audit   'file-entry-cache': [ '8.0.0' ],
2248 silly audit   'find-up': [ '5.0.0' ],
2248 silly audit   'glob-parent': [ '6.0.2', '5.1.2' ],
2248 silly audit   ignore: [ '5.3.2', '7.0.6' ],
2248 silly audit   imurmurhash: [ '0.1.4' ],
2248 silly audit   'is-glob': [ '4.0.3' ],
2248 silly audit   'json-stable-stringify-without-jsonify': [ '1.0.1' ],
2248 silly audit   'lodash.merge': [ '4.6.2' ],
2248 silly audit   minimatch: [ '3.1.5', '10.2.6' ],
2248 silly audit   'natural-compare': [ '1.4.0' ],
2248 silly audit   optionator: [ '0.9.4' ],
2248 silly audit   '@eslint/object-schema': [ '2.1.7' ],
2248 silly audit   '@types/json-schema': [ '7.0.15' ],
2248 silly audit   globals: [ '14.0.0', '16.4.0' ],
2248 silly audit   'import-fresh': [ '3.3.1' ],
2248 silly audit   'js-yaml': [ '4.3.1' ],
2248 silly audit   'strip-json-comments': [ '3.1.1' ],
2248 silly audit   levn: [ '0.4.1' ],
2248 silly audit   '@humanfs/core': [ '0.19.2' ],
2248 silly audit   '@humanfs/types': [ '0.15.0' ],
2248 silly audit   'fast-json-stable-stringify': [ '2.1.0' ],
2248 silly audit   'json-schema-traverse': [ '0.4.1' ],
2248 silly audit   'uri-js': [ '4.4.1' ],
2248 silly audit   'ansi-styles': [ '4.3.0' ],
2248 silly audit   'supports-color': [ '7.2.0' ],
2248 silly audit   'color-convert': [ '2.0.1' ],
2248 silly audit   'color-name': [ '1.1.4' ],
2248 silly audit   'path-key': [ '3.1.1' ],
2248 silly audit   'shebang-command': [ '2.0.0' ],
2248 silly audit   which: [ '2.0.2' ],
2248 silly audit   ms: [ '2.1.3' ],
2248 silly audit   '@next/eslint-plugin-next': [ '16.2.12' ],
2248 silly audit   'eslint-import-resolver-node': [ '0.3.10' ],
2248 silly audit   'eslint-import-resolver-typescript': [ '3.10.1' ],
2248 silly audit   'eslint-plugin-import': [ '2.32.0' ],
2248 silly audit   'eslint-plugin-jsx-a11y': [ '6.10.2' ],
2248 silly audit   'eslint-plugin-react': [ '7.37.5' ],
2248 silly audit   'eslint-plugin-react-hooks': [ '7.1.1' ],
2248 silly audit   'typescript-eslint': [ '8.65.0' ],
2248 silly audit   'fast-glob': [ '3.3.1' ],
2248 silly audit   'is-core-module': [ '2.16.2' ],
2248 silly audit   resolve: [ '2.0.0-next.7' ],
2248 silly audit   '@nolyfill/is-core-module': [ '1.0.39' ],
2248 silly audit   'get-tsconfig': [ '4.14.1' ],
2248 silly audit   'is-bun-module': [ '2.0.0' ],
2248 silly audit   'stable-hash': [ '0.0.5' ],
2248 silly audit   tinyglobby: [ '0.2.17' ],
2248 silly audit   'unrs-resolver': [ '1.12.2' ],
2248 silly audit   '@rtsao/scc': [ '1.1.0' ],
2248 silly audit   'array-includes': [ '3.1.9' ],
2248 silly audit   'array.prototype.findlastindex': [ '1.2.6' ],
2248 silly audit   'array.prototype.flat': [ '1.3.3' ],
2248 silly audit   'array.prototype.flatmap': [ '1.3.3' ],
2248 silly audit   doctrine: [ '2.1.0' ],
2248 silly audit   'eslint-module-utils': [ '2.14.0' ],
2248 silly audit   hasown: [ '2.0.4' ],
2248 silly audit   'object.fromentries': [ '2.0.8' ],
2248 silly audit   'object.groupby': [ '1.0.3' ],
2248 silly audit   'object.values': [ '1.2.1' ],
2248 silly audit   semver: [ '6.3.1', '7.8.5' ],
2248 silly audit   'string.prototype.trimend': [ '1.0.10' ],
2248 silly audit   'tsconfig-paths': [ '3.15.0' ],
2248 silly audit   'call-bind': [ '1.0.9' ],
2248 silly audit   'call-bound': [ '1.0.4' ],
2248 silly audit   'define-properties': [ '1.2.1' ],
2248 silly audit   'es-abstract': [ '1.24.2' ],
2248 silly audit   'es-object-atoms': [ '1.1.2' ],
2248 silly audit   'get-intrinsic': [ '1.3.0' ],
2248 silly audit   'is-string': [ '1.1.1' ],
2248 silly audit   'math-intrinsics': [ '1.1.0' ],
2248 silly audit   'es-errors': [ '1.3.0' ],
2248 silly audit   'es-shim-unscopables': [ '1.1.0' ],
2248 silly audit   'call-bind-apply-helpers': [ '1.0.2' ],
2248 silly audit   'es-define-property': [ '1.0.1' ],
2248 silly audit   'set-function-length': [ '1.2.2' ],
2248 silly audit   'function-bind': [ '1.1.2' ],
2248 silly audit   'define-data-property': [ '1.1.4' ],
2248 silly audit   'has-property-descriptors': [ '1.0.2' ],
2248 silly audit   'object-keys': [ '1.1.1' ],
2248 silly audit   gopd: [ '1.2.0' ],
2248 silly audit   'array-buffer-byte-length': [ '1.0.2' ],
2248 silly audit   'arraybuffer.prototype.slice': [ '1.0.4' ],
2248 silly audit   'available-typed-arrays': [ '1.0.7' ],
2248 silly audit   'data-view-buffer': [ '1.0.2' ],
2248 silly audit   'data-view-byte-length': [ '1.0.2' ],
2248 silly audit   'data-view-byte-offset': [ '1.0.1' ],
2248 silly audit   'es-set-tostringtag': [ '2.1.0' ],
2248 silly audit   'es-to-primitive': [ '1.3.4' ],
2248 silly audit   'function.prototype.name': [ '1.2.0' ],
2248 silly audit   'get-proto': [ '1.0.1' ],
2248 silly audit   'get-symbol-description': [ '1.1.0' ],
2248 silly audit   globalthis: [ '1.0.4' ],
2248 silly audit   'has-proto': [ '1.2.0' ],
2248 silly audit   'has-symbols': [ '1.1.0' ],
2248 silly audit   'internal-slot': [ '1.1.0' ],
2248 silly audit   'is-array-buffer': [ '3.0.5' ],
2248 silly audit   'is-callable': [ '1.2.7' ],
2248 silly audit   'is-data-view': [ '1.0.2' ],
2248 silly audit   'is-negative-zero': [ '2.0.3' ],
2248 silly audit   'is-regex': [ '1.2.1' ],
2248 silly audit   'is-set': [ '2.0.3' ],
2248 silly audit   'is-shared-array-buffer': [ '1.0.4' ],
2248 silly audit   'is-typed-array': [ '1.1.15' ],
2248 silly audit   'is-weakref': [ '1.1.1' ],
2248 silly audit   'object-inspect': [ '1.13.4' ],
2248 silly audit   'object.assign': [ '4.1.7' ],
2248 silly audit   'own-keys': [ '1.0.2' ],
2248 silly audit   'regexp.prototype.flags': [ '1.5.4' ],
2248 silly audit   'safe-array-concat': [ '1.1.4' ],
2248 silly audit   'safe-push-apply': [ '1.0.0' ],
2248 silly audit   'safe-regex-test': [ '1.1.0' ],
2248 silly audit   'set-proto': [ '1.0.0' ],
2248 silly audit   'stop-iteration-iterator': [ '1.1.0' ],
2248 silly audit   'string.prototype.trim': [ '1.2.11' ],
2248 silly audit   'string.prototype.trimstart': [ '1.0.8' ],
2248 silly audit   'typed-array-buffer': [ '1.0.3' ],
2248 silly audit   'typed-array-byte-length': [ '1.0.3' ],
2248 silly audit   'typed-array-byte-offset': [ '1.0.4' ],
2248 silly audit   'typed-array-length': [ '1.0.8' ],
2248 silly audit   'unbox-primitive': [ '1.1.0' ],
2248 silly audit   'which-typed-array': [ '1.1.22' ],
2248 silly audit   'possible-typed-array-names': [ '1.1.0' ],
2248 silly audit   'has-tostringtag': [ '1.0.2' ],
2248 silly audit   'es-abstract-get': [ '1.0.0' ],
2248 silly audit   'is-date-object': [ '1.1.0' ],
2248 silly audit   'is-symbol': [ '1.1.1' ],
2248 silly audit   'aria-query': [ '5.3.2' ],
2248 silly audit   'ast-types-flow': [ '0.0.8' ],
2248 silly audit   'axe-core': [ '4.12.1' ],
2248 silly audit   'axobject-query': [ '4.1.0' ],
2248 silly audit   'damerau-levenshtein': [ '1.0.8' ],
2248 silly audit   'emoji-regex': [ '9.2.2' ],
2248 silly audit   'jsx-ast-utils': [ '3.3.5' ],
2248 silly audit   'language-tags': [ '1.0.9' ],
2248 silly audit   'string.prototype.includes': [ '2.0.1' ],
2248 silly audit   'array.prototype.findlast': [ '1.2.5' ],
2248 silly audit   'array.prototype.tosorted': [ '1.1.4' ],
2248 silly audit   'es-iterator-helpers': [ '1.4.0' ],
2248 silly audit   estraverse: [ '5.3.0' ],
2248 silly audit   'object.entries': [ '1.1.9' ],
2248 silly audit   'prop-types': [ '15.8.1' ],
2248 silly audit   'string.prototype.matchall': [ '4.0.12' ],
2248 silly audit   'string.prototype.repeat': [ '1.0.0' ],
2248 silly audit   'iterator.prototype': [ '1.1.5' ],
2248 silly audit   '@babel/core': [ '7.29.7' ],
2248 silly audit   '@babel/parser': [ '7.29.8' ],
2248 silly audit   'hermes-parser': [ '0.25.1' ],
2248 silly audit   zod: [ '4.4.3' ],
2248 silly audit   'zod-validation-error': [ '4.0.2' ],
2248 silly audit   '@babel/code-frame': [ '7.29.7' ],
2248 silly audit   '@babel/generator': [ '7.29.8' ],
2248 silly audit   '@babel/helper-compilation-targets': [ '7.29.7' ],
2248 silly audit   '@babel/helper-module-transforms': [ '7.29.7' ],
2248 silly audit   '@babel/helpers': [ '7.29.7' ],
2248 silly audit   '@babel/template': [ '7.29.7' ],
2248 silly audit   '@babel/traverse': [ '7.29.8' ],
2248 silly audit   '@babel/types': [ '7.29.8' ],
2248 silly audit   '@jridgewell/remapping': [ '2.3.5' ],
2248 silly audit   'convert-source-map': [ '2.0.0' ],
2248 silly audit   gensync: [ '1.0.0-beta.2' ],
2248 silly audit   json5: [ '2.2.3', '1.0.2' ],
2248 silly audit   '@babel/helper-validator-identifier': [ '7.29.7' ],
2248 silly audit   'js-tokens': [ '4.0.0' ],
2248 silly audit   picocolors: [ '1.1.1' ],
2248 silly audit   '@jridgewell/gen-mapping': [ '0.3.13' ],
2248 silly audit   '@jridgewell/trace-mapping': [ '0.3.31' ],
2248 silly audit   jsesc: [ '3.1.0' ],
2248 silly audit   '@babel/compat-data': [ '7.29.7' ],
2248 silly audit   '@babel/helper-validator-option': [ '7.29.7' ],
2248 silly audit   browserslist: [ '4.28.7' ],
2248 silly audit   'lru-cache': [ '5.1.1' ],
2248 silly audit   '@babel/helper-module-imports': [ '7.29.7' ],
2248 silly audit   '@babel/helper-globals': [ '7.29.7' ],
2248 silly audit   '@babel/helper-string-parser': [ '7.29.7' ],
2248 silly audit   '@jridgewell/sourcemap-codec': [ '1.5.5' ],
2248 silly audit   '@jridgewell/resolve-uri': [ '3.1.2' ],
2248 silly audit   'baseline-browser-mapping': [ '2.11.11' ],
2248 silly audit   'caniuse-lite': [ '1.0.30001806' ],
2248 silly audit   'electron-to-chromium': [ '1.5.399' ],
2248 silly audit   'node-releases': [ '2.0.51' ],
2248 silly audit   'update-browserslist-db': [ '1.2.3' ],
2248 silly audit   esrecurse: [ '4.3.0' ],
2248 silly audit   acorn: [ '8.18.0' ],
2248 silly audit   'acorn-jsx': [ '5.3.2' ],
2248 silly audit   '@nodelib/fs.stat': [ '2.0.5' ],
2248 silly audit   '@nodelib/fs.walk': [ '1.2.8' ],
2248 silly audit   merge2: [ '1.4.1' ],
2248 silly audit   micromatch: [ '4.0.8' ],
2248 silly audit   '@nodelib/fs.scandir': [ '2.1.5' ],
2248 silly audit   fastq: [ '1.20.1' ],
2248 silly audit   'run-parallel': [ '1.2.0' ],
2248 silly audit   reusify: [ '1.1.0' ],
2248 silly audit   'flat-cache': [ '4.0.1' ],
2248 silly audit   'locate-path': [ '6.0.0' ],
2248 silly audit   'path-exists': [ '4.0.0' ],
2248 silly audit   flatted: [ '3.4.4' ],
2248 silly audit   keyv: [ '4.5.4' ],
2248 silly audit   'functions-have-names': [ '1.2.3' ],
2248 silly audit   'is-document.all': [ '1.0.0' ],
2248 silly audit   'dunder-proto': [ '1.0.1' ],
2248 silly audit   'resolve-pkg-maps': [ '1.0.0' ],
2248 silly audit   'hermes-estree': [ '0.25.1' ],
2248 silly audit   'parent-module': [ '1.0.1' ],
2248 silly audit   'resolve-from': [ '4.0.0' ],
2248 silly audit   'side-channel': [ '1.1.1' ],
2248 silly audit   'is-extglob': [ '2.1.1' ],
2248 silly audit   'set-function-name': [ '2.0.2' ],
2248 silly audit   argparse: [ '2.0.1' ],
2248 silly audit   'json-buffer': [ '3.0.1' ],
2248 silly audit   'language-subtag-registry': [ '0.3.23' ],
2248 silly audit   'prelude-ls': [ '1.2.1' ],
2248 silly audit   'type-check': [ '0.4.0' ],
2248 silly audit   'p-locate': [ '5.0.0' ],
2248 silly audit   yallist: [ '3.1.1' ],
2248 silly audit   braces: [ '3.0.3' ],
2248 silly audit   picomatch: [ '2.3.2', '4.0.5' ],
2248 silly audit   'fill-range': [ '7.1.1' ],
2248 silly audit   'to-regex-range': [ '5.0.1' ],
2248 silly audit   'brace-expansion': [ '1.1.18', '5.0.9' ],
2248 silly audit   'balanced-match': [ '1.0.2', '4.0.4' ],
2248 silly audit   'concat-map': [ '0.0.1' ],
2248 silly audit   '@next/env': [ '16.2.12' ],
2248 silly audit   '@next/swc-darwin-arm64': [ '16.2.12' ],
2248 silly audit   '@next/swc-darwin-x64': [ '16.2.12' ],
2248 silly audit   '@next/swc-linux-arm64-gnu': [ '16.2.12' ],
2248 silly audit   '@next/swc-linux-arm64-musl': [ '16.2.12' ],
2248 silly audit   '@next/swc-linux-x64-gnu': [ '16.2.12' ],
2248 silly audit   '@next/swc-linux-x64-musl': [ '16.2.12' ],
2248 silly audit   '@next/swc-win32-arm64-msvc': [ '16.2.12' ],
2248 silly audit   '@next/swc-win32-x64-msvc': [ '16.2.12' ],
2248 silly audit   '@swc/helpers': [ '0.5.15' ],
2248 silly audit   postcss: [ '8.4.31' ],
2248 silly audit   sharp: [ '0.34.5' ],
2248 silly audit   'styled-jsx': [ '5.1.6' ],
2248 silly audit   tslib: [ '2.8.1' ],
2248 silly audit   'deep-is': [ '0.1.4' ],
2248 silly audit   'fast-levenshtein': [ '2.0.6' ],
2248 silly audit   'word-wrap': [ '1.2.5' ],
2248 silly audit   'p-limit': [ '3.1.0' ],
2248 silly audit   'yocto-queue': [ '0.1.0' ],
2248 silly audit   callsites: [ '3.1.0' ],
2248 silly audit   nanoid: [ '3.3.16' ],
2248 silly audit   'source-map-js': [ '1.2.1' ],
2248 silly audit   'loose-envify': [ '1.4.0' ],
2248 silly audit   'object-assign': [ '4.1.1' ],
2248 silly audit   'react-is': [ '16.13.1' ],
2248 silly audit   scheduler: [ '0.27.0' ],
2248 silly audit   'node-exports-info': [ '1.6.2' ],
2248 silly audit   'path-parse': [ '1.0.7' ],
2248 silly audit   'supports-preserve-symlinks-flag': [ '1.0.0' ],
2248 silly audit   'queue-microtask': [ '1.2.3' ],
2248 silly audit   isarray: [ '2.0.5' ],
2248 silly audit   '@img/colour': [ '1.1.0' ],
2248 silly audit   '@img/sharp-darwin-arm64': [ '0.34.5' ],
2248 silly audit   '@img/sharp-darwin-x64': [ '0.34.5' ],
2248 silly audit   '@img/sharp-libvips-darwin-arm64': [ '1.2.4' ],
2248 silly audit   '@img/sharp-libvips-darwin-x64': [ '1.2.4' ],
2248 silly audit   '@img/sharp-libvips-linux-arm': [ '1.2.4' ],
2248 silly audit   '@img/sharp-libvips-linux-arm64': [ '1.2.4' ],
2248 silly audit   '@img/sharp-libvips-linux-ppc64': [ '1.2.4' ],
2248 silly audit   '@img/sharp-libvips-linux-riscv64': [ '1.2.4' ],
2248 silly audit   '@img/sharp-libvips-linux-s390x': [ '1.2.4' ],
2248 silly audit   '@img/sharp-libvips-linux-x64': [ '1.2.4' ],
2248 silly audit   '@img/sharp-libvips-linuxmusl-arm64': [ '1.2.4' ],
2248 silly audit   '@img/sharp-libvips-linuxmusl-x64': [ '1.2.4' ],
2248 silly audit   '@img/sharp-linux-arm': [ '0.34.5' ],
2248 silly audit   '@img/sharp-linux-arm64': [ '0.34.5' ],
2248 silly audit   '@img/sharp-linux-ppc64': [ '0.34.5' ],
2248 silly audit   '@img/sharp-linux-riscv64': [ '0.34.5' ],
2248 silly audit   '@img/sharp-linux-s390x': [ '0.34.5' ],
2248 silly audit   '@img/sharp-linux-x64': [ '0.34.5' ],
2248 silly audit   '@img/sharp-linuxmusl-arm64': [ '0.34.5' ],
2248 silly audit   '@img/sharp-linuxmusl-x64': [ '0.34.5' ],
2248 silly audit   '@img/sharp-wasm32': [ '0.34.5' ],
2248 silly audit   '@img/sharp-win32-arm64': [ '0.34.5' ],
2248 silly audit   '@img/sharp-win32-ia32': [ '0.34.5' ],
2248 silly audit   '@img/sharp-win32-x64': [ '0.34.5' ],
2248 silly audit   'detect-libc': [ '2.1.2' ],
2248 silly audit   '@emnapi/runtime': [ '1.11.3', '1.10.0' ],
2248 silly audit   'shebang-regex': [ '3.0.0' ],
2248 silly audit   'side-channel-list': [ '1.0.1' ],
2248 silly audit   'side-channel-map': [ '1.0.1' ],
2248 silly audit   'side-channel-weakmap': [ '1.0.2' ],
2248 silly audit   'client-only': [ '0.0.1' ],
2248 silly audit   'has-flag': [ '4.0.0' ],
2248 silly audit   fdir: [ '6.5.0' ],
2248 silly audit   'is-number': [ '7.0.0' ],
2248 silly audit   '@types/json5': [ '0.0.29' ],
2248 silly audit   minimist: [ '1.2.8' ],
2248 silly audit   'strip-bom': [ '3.0.0' ],
2248 silly audit   'for-each': [ '0.3.5' ],
2248 silly audit   'reflect.getprototypeof': [ '1.0.10' ],
2248 silly audit   'which-builtin-type': [ '1.2.1' ],
2248 silly audit   '@typescript-eslint/eslint-plugin': [ '8.65.0' ],
2248 silly audit   '@typescript-eslint/parser': [ '8.65.0' ],
2248 silly audit   '@typescript-eslint/typescript-estree': [ '8.65.0' ],
2248 silly audit   '@typescript-eslint/utils': [ '8.65.0' ],
2248 silly audit   '@typescript-eslint/scope-manager': [ '8.65.0' ],
2248 silly audit   '@typescript-eslint/type-utils': [ '8.65.0' ],
2248 silly audit   '@typescript-eslint/visitor-keys': [ '8.65.0' ],
2248 silly audit   'ts-api-utils': [ '2.5.0' ],
2248 silly audit   '@typescript-eslint/types': [ '8.65.0' ],
2248 silly audit   '@typescript-eslint/project-service': [ '8.65.0' ],
2248 silly audit   '@typescript-eslint/tsconfig-utils': [ '8.65.0' ],
2248 silly audit   'has-bigints': [ '1.1.0' ],
2248 silly audit   'which-boxed-primitive': [ '1.1.1' ],
2248 silly audit   '@unrs/resolver-binding-android-arm-eabi': [ '1.12.2' ],
2248 silly audit   '@unrs/resolver-binding-android-arm64': [ '1.12.2' ],
2248 silly audit   '@unrs/resolver-binding-darwin-arm64': [ '1.12.2' ],
2248 silly audit   '@unrs/resolver-binding-darwin-x64': [ '1.12.2' ],
2248 silly audit   '@unrs/resolver-binding-freebsd-x64': [ '1.12.2' ],
2248 silly audit   '@unrs/resolver-binding-linux-arm-gnueabihf': [ '1.12.2' ],
2248 silly audit   '@unrs/resolver-binding-linux-arm-musleabihf': [ '1.12.2' ],
2248 silly audit   '@unrs/resolver-binding-linux-arm64-gnu': [ '1.12.2' ],
2248 silly audit   '@unrs/resolver-binding-linux-arm64-musl': [ '1.12.2' ],
2248 silly audit   '@unrs/resolver-binding-linux-loong64-gnu': [ '1.12.2' ],
2248 silly audit   '@unrs/resolver-binding-linux-loong64-musl': [ '1.12.2' ],
2248 silly audit   '@unrs/resolver-binding-linux-ppc64-gnu': [ '1.12.2' ],
2248 silly audit   '@unrs/resolver-binding-linux-riscv64-gnu': [ '1.12.2' ],
2248 silly audit   '@unrs/resolver-binding-linux-riscv64-musl': [ '1.12.2' ],
2248 silly audit   '@unrs/resolver-binding-linux-s390x-gnu': [ '1.12.2' ],
2248 silly audit   '@unrs/resolver-binding-linux-x64-gnu': [ '1.12.2' ],
2248 silly audit   '@unrs/resolver-binding-linux-x64-musl': [ '1.12.2' ],
2248 silly audit   '@unrs/resolver-binding-openharmony-arm64': [ '1.12.2' ],
2248 silly audit   '@unrs/resolver-binding-wasm32-wasi': [ '1.12.2' ],
2248 silly audit   '@unrs/resolver-binding-win32-arm64-msvc': [ '1.12.2' ],
2248 silly audit   '@unrs/resolver-binding-win32-ia32-msvc': [ '1.12.2' ],
2248 silly audit   '@unrs/resolver-binding-win32-x64-msvc': [ '1.12.2' ],
2248 silly audit   'napi-postinstall': [ '0.3.4' ],
2248 silly audit   '@emnapi/core': [ '1.10.0' ],
2248 silly audit   '@napi-rs/wasm-runtime': [ '1.2.2' ],
2248 silly audit   '@emnapi/wasi-threads': [ '1.2.1' ],
2248 silly audit   '@tybys/wasm-util': [ '0.10.3' ],
2248 silly audit   escalade: [ '3.2.0' ],
2248 silly audit   punycode: [ '2.3.1' ],
2248 silly audit   isexe: [ '2.0.0' ],
2248 silly audit   'is-bigint': [ '1.1.0' ],
2248 silly audit   'is-boolean-object': [ '1.2.2' ],
2248 silly audit   'is-number-object': [ '1.1.1' ],
2248 silly audit   'is-async-function': [ '2.1.1' ],
2248 silly audit   'is-finalizationregistry': [ '1.1.1' ],
2248 silly audit   'is-generator-function': [ '1.1.2' ],
2248 silly audit   'which-collection': [ '1.0.2' ],
2248 silly audit   'async-function': [ '1.0.0' ],
2248 silly audit   'generator-function': [ '2.0.1' ],
2248 silly audit   'is-map': [ '2.0.3' ],
2248 silly audit   'is-weakmap': [ '2.0.2' ],
2248 silly audit   'is-weakset': [ '2.0.4' ]
2248 silly audit }
2249 http cache is-weakmap@https://registry.npmjs.org/is-weakmap/-/is-weakmap-2.0.2.tgz 0ms (cache hit)
2250 http cache is-weakset@https://registry.npmjs.org/is-weakset/-/is-weakset-2.0.4.tgz 0ms (cache hit)
2251 http cache is-map@https://registry.npmjs.org/is-map/-/is-map-2.0.3.tgz 0ms (cache hit)
2252 http cache generator-function@https://registry.npmjs.org/generator-function/-/generator-function-2.0.1.tgz 0ms (cache hit)
2253 http cache which-collection@https://registry.npmjs.org/which-collection/-/which-collection-1.0.2.tgz 0ms (cache hit)
2254 http cache is-generator-function@https://registry.npmjs.org/is-generator-function/-/is-generator-function-1.1.2.tgz 0ms (cache hit)
2255 http cache async-function@https://registry.npmjs.org/async-function/-/async-function-1.0.0.tgz 0ms (cache hit)
2256 http cache is-finalizationregistry@https://registry.npmjs.org/is-finalizationregistry/-/is-finalizationregistry-1.1.1.tgz 0ms (cache hit)
2257 http cache is-async-function@https://registry.npmjs.org/is-async-function/-/is-async-function-2.1.1.tgz 0ms (cache hit)
2258 http cache is-number-object@https://registry.npmjs.org/is-number-object/-/is-number-object-1.1.1.tgz 0ms (cache hit)
2259 http cache is-boolean-object@https://registry.npmjs.org/is-boolean-object/-/is-boolean-object-1.2.2.tgz 0ms (cache hit)
2260 http cache is-bigint@https://registry.npmjs.org/is-bigint/-/is-bigint-1.1.0.tgz 0ms (cache hit)
2261 http cache isexe@https://registry.npmjs.org/isexe/-/isexe-2.0.0.tgz 0ms (cache hit)
2262 http cache escalade@https://registry.npmjs.org/escalade/-/escalade-3.2.0.tgz 0ms (cache hit)
2263 http cache punycode@https://registry.npmjs.org/punycode/-/punycode-2.3.1.tgz 0ms (cache hit)
2264 http cache napi-postinstall@https://registry.npmjs.org/napi-postinstall/-/napi-postinstall-0.3.4.tgz 0ms (cache hit)
2265 http cache @unrs/resolver-binding-darwin-arm64@https://registry.npmjs.org/@unrs/resolver-binding-darwin-arm64/-/resolver-binding-darwin-arm64-1.12.2.tgz 0ms (cache hit)
2266 http cache which-boxed-primitive@https://registry.npmjs.org/which-boxed-primitive/-/which-boxed-primitive-1.1.1.tgz 0ms (cache hit)
2267 http cache has-bigints@https://registry.npmjs.org/has-bigints/-/has-bigints-1.1.0.tgz 0ms (cache hit)
2268 http cache @typescript-eslint/tsconfig-utils@https://registry.npmjs.org/@typescript-eslint/tsconfig-utils/-/tsconfig-utils-8.65.0.tgz 0ms (cache hit)
2269 http cache @typescript-eslint/project-service@https://registry.npmjs.org/@typescript-eslint/project-service/-/project-service-8.65.0.tgz 0ms (cache hit)
2270 http cache ts-api-utils@https://registry.npmjs.org/ts-api-utils/-/ts-api-utils-2.5.0.tgz 0ms (cache hit)
2271 http cache @typescript-eslint/types@https://registry.npmjs.org/@typescript-eslint/types/-/types-8.65.0.tgz 0ms (cache hit)
2272 http cache @typescript-eslint/visitor-keys@https://registry.npmjs.org/@typescript-eslint/visitor-keys/-/visitor-keys-8.65.0.tgz 0ms (cache hit)
2273 http cache @typescript-eslint/type-utils@https://registry.npmjs.org/@typescript-eslint/type-utils/-/type-utils-8.65.0.tgz 0ms (cache hit)
2274 http cache @typescript-eslint/scope-manager@https://registry.npmjs.org/@typescript-eslint/scope-manager/-/scope-manager-8.65.0.tgz 0ms (cache hit)
2275 http cache @typescript-eslint/utils@https://registry.npmjs.org/@typescript-eslint/utils/-/utils-8.65.0.tgz 0ms (cache hit)
2276 http cache @typescript-eslint/typescript-estree@https://registry.npmjs.org/@typescript-eslint/typescript-estree/-/typescript-estree-8.65.0.tgz 0ms (cache hit)
2277 http cache @typescript-eslint/parser@https://registry.npmjs.org/@typescript-eslint/parser/-/parser-8.65.0.tgz 0ms (cache hit)
2278 http cache @typescript-eslint/eslint-plugin@https://registry.npmjs.org/@typescript-eslint/eslint-plugin/-/eslint-plugin-8.65.0.tgz 0ms (cache hit)
2279 http cache reflect.getprototypeof@https://registry.npmjs.org/reflect.getprototypeof/-/reflect.getprototypeof-1.0.10.tgz 0ms (cache hit)
2280 http cache which-builtin-type@https://registry.npmjs.org/which-builtin-type/-/which-builtin-type-1.2.1.tgz 0ms (cache hit)
2281 http cache for-each@https://registry.npmjs.org/for-each/-/for-each-0.3.5.tgz 0ms (cache hit)
2282 http cache strip-bom@https://registry.npmjs.org/strip-bom/-/strip-bom-3.0.0.tgz 0ms (cache hit)
2283 http cache @types/json5@https://registry.npmjs.org/@types/json5/-/json5-0.0.29.tgz 0ms (cache hit)
2284 http cache minimist@https://registry.npmjs.org/minimist/-/minimist-1.2.8.tgz 0ms (cache hit)
2285 http cache is-number@https://registry.npmjs.org/is-number/-/is-number-7.0.0.tgz 0ms (cache hit)
2286 http cache has-flag@https://registry.npmjs.org/has-flag/-/has-flag-4.0.0.tgz 0ms (cache hit)
2287 http cache client-only@https://registry.npmjs.org/client-only/-/client-only-0.0.1.tgz 0ms (cache hit)
2288 http cache side-channel-weakmap@https://registry.npmjs.org/side-channel-weakmap/-/side-channel-weakmap-1.0.2.tgz 0ms (cache hit)
2289 http cache side-channel-map@https://registry.npmjs.org/side-channel-map/-/side-channel-map-1.0.1.tgz 0ms (cache hit)
2290 http cache side-channel-list@https://registry.npmjs.org/side-channel-list/-/side-channel-list-1.0.1.tgz 0ms (cache hit)
2291 http cache shebang-regex@https://registry.npmjs.org/shebang-regex/-/shebang-regex-3.0.0.tgz 0ms (cache hit)
2292 http cache @emnapi/runtime@https://registry.npmjs.org/@emnapi/runtime/-/runtime-1.11.3.tgz 0ms (cache hit)
2293 http cache detect-libc@https://registry.npmjs.org/detect-libc/-/detect-libc-2.1.2.tgz 0ms (cache hit)
2294 http cache @img/sharp-libvips-darwin-arm64@https://registry.npmjs.org/@img/sharp-libvips-darwin-arm64/-/sharp-libvips-darwin-arm64-1.2.4.tgz 0ms (cache hit)
2295 http cache @img/sharp-darwin-arm64@https://registry.npmjs.org/@img/sharp-darwin-arm64/-/sharp-darwin-arm64-0.34.5.tgz 0ms (cache hit)
2296 http cache @img/colour@https://registry.npmjs.org/@img/colour/-/colour-1.1.0.tgz 0ms (cache hit)
2297 http cache isarray@https://registry.npmjs.org/isarray/-/isarray-2.0.5.tgz 0ms (cache hit)
2298 http cache queue-microtask@https://registry.npmjs.org/queue-microtask/-/queue-microtask-1.2.3.tgz 0ms (cache hit)
2299 http cache supports-preserve-symlinks-flag@https://registry.npmjs.org/supports-preserve-symlinks-flag/-/supports-preserve-symlinks-flag-1.0.0.tgz 0ms (cache hit)
2300 http cache path-parse@https://registry.npmjs.org/path-parse/-/path-parse-1.0.7.tgz 0ms (cache hit)
2301 http cache node-exports-info@https://registry.npmjs.org/node-exports-info/-/node-exports-info-1.6.2.tgz 0ms (cache hit)
2302 http cache scheduler@https://registry.npmjs.org/scheduler/-/scheduler-0.27.0.tgz 0ms (cache hit)
2303 http cache react-is@https://registry.npmjs.org/react-is/-/react-is-16.13.1.tgz 0ms (cache hit)
2304 http cache object-assign@https://registry.npmjs.org/object-assign/-/object-assign-4.1.1.tgz 0ms (cache hit)
2305 http cache loose-envify@https://registry.npmjs.org/loose-envify/-/loose-envify-1.4.0.tgz 0ms (cache hit)
2306 http cache source-map-js@https://registry.npmjs.org/source-map-js/-/source-map-js-1.2.1.tgz 0ms (cache hit)
2307 http cache nanoid@https://registry.npmjs.org/nanoid/-/nanoid-3.3.16.tgz 0ms (cache hit)
2308 http cache yocto-queue@https://registry.npmjs.org/yocto-queue/-/yocto-queue-0.1.0.tgz 0ms (cache hit)
2309 http cache p-limit@https://registry.npmjs.org/p-limit/-/p-limit-3.1.0.tgz 0ms (cache hit)
2310 http cache callsites@https://registry.npmjs.org/callsites/-/callsites-3.1.0.tgz 0ms (cache hit)
2311 http cache word-wrap@https://registry.npmjs.org/word-wrap/-/word-wrap-1.2.5.tgz 0ms (cache hit)
2312 http cache fast-levenshtein@https://registry.npmjs.org/fast-levenshtein/-/fast-levenshtein-2.0.6.tgz 0ms (cache hit)
2313 http cache deep-is@https://registry.npmjs.org/deep-is/-/deep-is-0.1.4.tgz 0ms (cache hit)
2314 http cache tslib@https://registry.npmjs.org/tslib/-/tslib-2.8.1.tgz 0ms (cache hit)
2315 http cache styled-jsx@https://registry.npmjs.org/styled-jsx/-/styled-jsx-5.1.6.tgz 0ms (cache hit)
2316 http cache sharp@https://registry.npmjs.org/sharp/-/sharp-0.34.5.tgz 0ms (cache hit)
2317 http cache postcss@https://registry.npmjs.org/postcss/-/postcss-8.4.31.tgz 0ms (cache hit)
2318 http cache @swc/helpers@https://registry.npmjs.org/@swc/helpers/-/helpers-0.5.15.tgz 0ms (cache hit)
2319 http cache @next/swc-darwin-arm64@https://registry.npmjs.org/@next/swc-darwin-arm64/-/swc-darwin-arm64-16.2.12.tgz 0ms (cache hit)
2320 http cache @next/env@https://registry.npmjs.org/@next/env/-/env-16.2.12.tgz 0ms (cache hit)
2321 http cache concat-map@https://registry.npmjs.org/concat-map/-/concat-map-0.0.1.tgz 0ms (cache hit)
2322 http cache balanced-match@https://registry.npmjs.org/balanced-match/-/balanced-match-1.0.2.tgz 0ms (cache hit)
2323 http cache brace-expansion@https://registry.npmjs.org/brace-expansion/-/brace-expansion-1.1.18.tgz 0ms (cache hit)
2324 http cache to-regex-range@https://registry.npmjs.org/to-regex-range/-/to-regex-range-5.0.1.tgz 0ms (cache hit)
2325 http cache fill-range@https://registry.npmjs.org/fill-range/-/fill-range-7.1.1.tgz 0ms (cache hit)
2326 http cache picomatch@https://registry.npmjs.org/picomatch/-/picomatch-2.3.2.tgz 0ms (cache hit)
2327 http cache braces@https://registry.npmjs.org/braces/-/braces-3.0.3.tgz 0ms (cache hit)
2328 http cache yallist@https://registry.npmjs.org/yallist/-/yallist-3.1.1.tgz 0ms (cache hit)
2329 http cache p-locate@https://registry.npmjs.org/p-locate/-/p-locate-5.0.0.tgz 0ms (cache hit)
2330 http cache type-check@https://registry.npmjs.org/type-check/-/type-check-0.4.0.tgz 0ms (cache hit)
2331 http cache prelude-ls@https://registry.npmjs.org/prelude-ls/-/prelude-ls-1.2.1.tgz 0ms (cache hit)
2332 http cache language-subtag-registry@https://registry.npmjs.org/language-subtag-registry/-/language-subtag-registry-0.3.23.tgz 0ms (cache hit)
2333 http cache json-buffer@https://registry.npmjs.org/json-buffer/-/json-buffer-3.0.1.tgz 0ms (cache hit)
2334 http cache argparse@https://registry.npmjs.org/argparse/-/argparse-2.0.1.tgz 0ms (cache hit)
2335 http cache set-function-name@https://registry.npmjs.org/set-function-name/-/set-function-name-2.0.2.tgz 0ms (cache hit)
2336 http cache is-extglob@https://registry.npmjs.org/is-extglob/-/is-extglob-2.1.1.tgz 0ms (cache hit)
2337 http cache side-channel@https://registry.npmjs.org/side-channel/-/side-channel-1.1.1.tgz 0ms (cache hit)
2338 http cache resolve-from@https://registry.npmjs.org/resolve-from/-/resolve-from-4.0.0.tgz 0ms (cache hit)
2339 http cache parent-module@https://registry.npmjs.org/parent-module/-/parent-module-1.0.1.tgz 0ms (cache hit)
2340 http cache hermes-estree@https://registry.npmjs.org/hermes-estree/-/hermes-estree-0.25.1.tgz 0ms (cache hit)
2341 http cache resolve-pkg-maps@https://registry.npmjs.org/resolve-pkg-maps/-/resolve-pkg-maps-1.0.0.tgz 0ms (cache hit)
2342 http cache dunder-proto@https://registry.npmjs.org/dunder-proto/-/dunder-proto-1.0.1.tgz 0ms (cache hit)
2343 http cache is-document.all@https://registry.npmjs.org/is-document.all/-/is-document.all-1.0.0.tgz 0ms (cache hit)
2344 http cache keyv@https://registry.npmjs.org/keyv/-/keyv-4.5.4.tgz 0ms (cache hit)
2345 http cache functions-have-names@https://registry.npmjs.org/functions-have-names/-/functions-have-names-1.2.3.tgz 0ms (cache hit)
2346 http cache flatted@https://registry.npmjs.org/flatted/-/flatted-3.4.4.tgz 0ms (cache hit)
2347 http cache path-exists@https://registry.npmjs.org/path-exists/-/path-exists-4.0.0.tgz 0ms (cache hit)
2348 http cache flat-cache@https://registry.npmjs.org/flat-cache/-/flat-cache-4.0.1.tgz 0ms (cache hit)
2349 http cache reusify@https://registry.npmjs.org/reusify/-/reusify-1.1.0.tgz 0ms (cache hit)
2350 http cache run-parallel@https://registry.npmjs.org/run-parallel/-/run-parallel-1.2.0.tgz 0ms (cache hit)
2351 http cache locate-path@https://registry.npmjs.org/locate-path/-/locate-path-6.0.0.tgz 0ms (cache hit)
2352 http cache fastq@https://registry.npmjs.org/fastq/-/fastq-1.20.1.tgz 0ms (cache hit)
2353 http cache @nodelib/fs.scandir@https://registry.npmjs.org/@nodelib/fs.scandir/-/fs.scandir-2.1.5.tgz 0ms (cache hit)
2354 http cache micromatch@https://registry.npmjs.org/micromatch/-/micromatch-4.0.8.tgz 0ms (cache hit)
2355 http cache merge2@https://registry.npmjs.org/merge2/-/merge2-1.4.1.tgz 0ms (cache hit)
2356 http cache @nodelib/fs.walk@https://registry.npmjs.org/@nodelib/fs.walk/-/fs.walk-1.2.8.tgz 0ms (cache hit)
2357 http cache @nodelib/fs.stat@https://registry.npmjs.org/@nodelib/fs.stat/-/fs.stat-2.0.5.tgz 0ms (cache hit)
2358 http cache acorn-jsx@https://registry.npmjs.org/acorn-jsx/-/acorn-jsx-5.3.2.tgz 0ms (cache hit)
2359 http cache acorn@https://registry.npmjs.org/acorn/-/acorn-8.18.0.tgz 0ms (cache hit)
2360 http cache update-browserslist-db@https://registry.npmjs.org/update-browserslist-db/-/update-browserslist-db-1.2.3.tgz 0ms (cache hit)
2361 http cache esrecurse@https://registry.npmjs.org/esrecurse/-/esrecurse-4.3.0.tgz 0ms (cache hit)
2362 http cache node-releases@https://registry.npmjs.org/node-releases/-/node-releases-2.0.51.tgz 0ms (cache hit)
2363 http cache electron-to-chromium@https://registry.npmjs.org/electron-to-chromium/-/electron-to-chromium-1.5.399.tgz 0ms (cache hit)
2364 http cache baseline-browser-mapping@https://registry.npmjs.org/baseline-browser-mapping/-/baseline-browser-mapping-2.11.11.tgz 0ms (cache hit)
2365 http cache caniuse-lite@https://registry.npmjs.org/caniuse-lite/-/caniuse-lite-1.0.30001806.tgz 0ms (cache hit)
2366 http cache @jridgewell/resolve-uri@https://registry.npmjs.org/@jridgewell/resolve-uri/-/resolve-uri-3.1.2.tgz 0ms (cache hit)
2367 http cache @babel/helper-string-parser@https://registry.npmjs.org/@babel/helper-string-parser/-/helper-string-parser-7.29.7.tgz 0ms (cache hit)
2368 http cache @babel/helper-globals@https://registry.npmjs.org/@babel/helper-globals/-/helper-globals-7.29.7.tgz 0ms (cache hit)
2369 http cache lru-cache@https://registry.npmjs.org/lru-cache/-/lru-cache-5.1.1.tgz 0ms (cache hit)
2370 http cache @jridgewell/sourcemap-codec@https://registry.npmjs.org/@jridgewell/sourcemap-codec/-/sourcemap-codec-1.5.5.tgz 0ms (cache hit)
2371 http cache browserslist@https://registry.npmjs.org/browserslist/-/browserslist-4.28.7.tgz 0ms (cache hit)
2372 http cache @babel/helper-validator-option@https://registry.npmjs.org/@babel/helper-validator-option/-/helper-validator-option-7.29.7.tgz 0ms (cache hit)
2373 http cache @babel/compat-data@https://registry.npmjs.org/@babel/compat-data/-/compat-data-7.29.7.tgz 0ms (cache hit)
2374 http cache @babel/helper-module-imports@https://registry.npmjs.org/@babel/helper-module-imports/-/helper-module-imports-7.29.7.tgz 0ms (cache hit)
2375 http cache jsesc@https://registry.npmjs.org/jsesc/-/jsesc-3.1.0.tgz 0ms (cache hit)
2376 http cache @jridgewell/trace-mapping@https://registry.npmjs.org/@jridgewell/trace-mapping/-/trace-mapping-0.3.31.tgz 0ms (cache hit)
2377 http cache picocolors@https://registry.npmjs.org/picocolors/-/picocolors-1.1.1.tgz 0ms (cache hit)
2378 http cache @jridgewell/gen-mapping@https://registry.npmjs.org/@jridgewell/gen-mapping/-/gen-mapping-0.3.13.tgz 0ms (cache hit)
2379 http cache js-tokens@https://registry.npmjs.org/js-tokens/-/js-tokens-4.0.0.tgz 0ms (cache hit)
2380 http cache json5@https://registry.npmjs.org/json5/-/json5-2.2.3.tgz 0ms (cache hit)
2381 http cache @babel/helper-validator-identifier@https://registry.npmjs.org/@babel/helper-validator-identifier/-/helper-validator-identifier-7.29.7.tgz 0ms (cache hit)
2382 http cache gensync@https://registry.npmjs.org/gensync/-/gensync-1.0.0-beta.2.tgz 0ms (cache hit)
2383 http cache convert-source-map@https://registry.npmjs.org/convert-source-map/-/convert-source-map-2.0.0.tgz 0ms (cache hit)
2384 http cache @jridgewell/remapping@https://registry.npmjs.org/@jridgewell/remapping/-/remapping-2.3.5.tgz 0ms (cache hit)
2385 http cache @babel/types@https://registry.npmjs.org/@babel/types/-/types-7.29.8.tgz 0ms (cache hit)
2386 http cache @babel/traverse@https://registry.npmjs.org/@babel/traverse/-/traverse-7.29.8.tgz 0ms (cache hit)
2387 http cache @babel/template@https://registry.npmjs.org/@babel/template/-/template-7.29.7.tgz 0ms (cache hit)
2388 http cache @babel/helpers@https://registry.npmjs.org/@babel/helpers/-/helpers-7.29.7.tgz 0ms (cache hit)
2389 http cache @babel/helper-module-transforms@https://registry.npmjs.org/@babel/helper-module-transforms/-/helper-module-transforms-7.29.7.tgz 0ms (cache hit)
2390 http cache @babel/helper-compilation-targets@https://registry.npmjs.org/@babel/helper-compilation-targets/-/helper-compilation-targets-7.29.7.tgz 0ms (cache hit)
2391 http cache @babel/code-frame@https://registry.npmjs.org/@babel/code-frame/-/code-frame-7.29.7.tgz 0ms (cache hit)
2392 http cache @babel/generator@https://registry.npmjs.org/@babel/generator/-/generator-7.29.8.tgz 0ms (cache hit)
2393 http cache zod-validation-error@https://registry.npmjs.org/zod-validation-error/-/zod-validation-error-4.0.2.tgz 0ms (cache hit)
2394 http cache zod@https://registry.npmjs.org/zod/-/zod-4.4.3.tgz 0ms (cache hit)
2395 http cache hermes-parser@https://registry.npmjs.org/hermes-parser/-/hermes-parser-0.25.1.tgz 0ms (cache hit)
2396 http cache @babel/parser@https://registry.npmjs.org/@babel/parser/-/parser-7.29.8.tgz 0ms (cache hit)
2397 http cache @babel/core@https://registry.npmjs.org/@babel/core/-/core-7.29.7.tgz 0ms (cache hit)
2398 http cache iterator.prototype@https://registry.npmjs.org/iterator.prototype/-/iterator.prototype-1.1.5.tgz 0ms (cache hit)
2399 http cache string.prototype.repeat@https://registry.npmjs.org/string.prototype.repeat/-/string.prototype.repeat-1.0.0.tgz 0ms (cache hit)
2400 http cache string.prototype.matchall@https://registry.npmjs.org/string.prototype.matchall/-/string.prototype.matchall-4.0.12.tgz 0ms (cache hit)
2401 http cache prop-types@https://registry.npmjs.org/prop-types/-/prop-types-15.8.1.tgz 0ms (cache hit)
2402 http cache object.entries@https://registry.npmjs.org/object.entries/-/object.entries-1.1.9.tgz 0ms (cache hit)
2403 http cache array.prototype.tosorted@https://registry.npmjs.org/array.prototype.tosorted/-/array.prototype.tosorted-1.1.4.tgz 0ms (cache hit)
2404 http cache es-iterator-helpers@https://registry.npmjs.org/es-iterator-helpers/-/es-iterator-helpers-1.4.0.tgz 0ms (cache hit)
2405 http cache estraverse@https://registry.npmjs.org/estraverse/-/estraverse-5.3.0.tgz 0ms (cache hit)
2406 http cache array.prototype.findlast@https://registry.npmjs.org/array.prototype.findlast/-/array.prototype.findlast-1.2.5.tgz 0ms (cache hit)
2407 http cache string.prototype.includes@https://registry.npmjs.org/string.prototype.includes/-/string.prototype.includes-2.0.1.tgz 0ms (cache hit)
2408 http cache jsx-ast-utils@https://registry.npmjs.org/jsx-ast-utils/-/jsx-ast-utils-3.3.5.tgz 0ms (cache hit)
2409 http cache language-tags@https://registry.npmjs.org/language-tags/-/language-tags-1.0.9.tgz 0ms (cache hit)
2410 http cache emoji-regex@https://registry.npmjs.org/emoji-regex/-/emoji-regex-9.2.2.tgz 0ms (cache hit)
2411 http cache damerau-levenshtein@https://registry.npmjs.org/damerau-levenshtein/-/damerau-levenshtein-1.0.8.tgz 0ms (cache hit)
2412 http cache axobject-query@https://registry.npmjs.org/axobject-query/-/axobject-query-4.1.0.tgz 0ms (cache hit)
2413 http cache axe-core@https://registry.npmjs.org/axe-core/-/axe-core-4.12.1.tgz 0ms (cache hit)
2414 http cache ast-types-flow@https://registry.npmjs.org/ast-types-flow/-/ast-types-flow-0.0.8.tgz 0ms (cache hit)
2415 http cache aria-query@https://registry.npmjs.org/aria-query/-/aria-query-5.3.2.tgz 0ms (cache hit)
2416 http cache is-symbol@https://registry.npmjs.org/is-symbol/-/is-symbol-1.1.1.tgz 0ms (cache hit)
2417 http cache is-date-object@https://registry.npmjs.org/is-date-object/-/is-date-object-1.1.0.tgz 0ms (cache hit)
2418 http cache es-abstract-get@https://registry.npmjs.org/es-abstract-get/-/es-abstract-get-1.0.0.tgz 0ms (cache hit)
2419 http cache has-tostringtag@https://registry.npmjs.org/has-tostringtag/-/has-tostringtag-1.0.2.tgz 0ms (cache hit)
2420 http cache possible-typed-array-names@https://registry.npmjs.org/possible-typed-array-names/-/possible-typed-array-names-1.1.0.tgz 0ms (cache hit)
2421 http cache which-typed-array@https://registry.npmjs.org/which-typed-array/-/which-typed-array-1.1.22.tgz 0ms (cache hit)
2422 http cache typed-array-length@https://registry.npmjs.org/typed-array-length/-/typed-array-length-1.0.8.tgz 0ms (cache hit)
2423 http cache unbox-primitive@https://registry.npmjs.org/unbox-primitive/-/unbox-primitive-1.1.0.tgz 0ms (cache hit)
2424 http cache typed-array-byte-offset@https://registry.npmjs.org/typed-array-byte-offset/-/typed-array-byte-offset-1.0.4.tgz 0ms (cache hit)
2425 http cache typed-array-buffer@https://registry.npmjs.org/typed-array-buffer/-/typed-array-buffer-1.0.3.tgz 0ms (cache hit)
2426 http cache typed-array-byte-length@https://registry.npmjs.org/typed-array-byte-length/-/typed-array-byte-length-1.0.3.tgz 0ms (cache hit)
2427 http cache string.prototype.trimstart@https://registry.npmjs.org/string.prototype.trimstart/-/string.prototype.trimstart-1.0.8.tgz 0ms (cache hit)
2428 http cache stop-iteration-iterator@https://registry.npmjs.org/stop-iteration-iterator/-/stop-iteration-iterator-1.1.0.tgz 0ms (cache hit)
2429 http cache string.prototype.trim@https://registry.npmjs.org/string.prototype.trim/-/string.prototype.trim-1.2.11.tgz 0ms (cache hit)
2430 http cache set-proto@https://registry.npmjs.org/set-proto/-/set-proto-1.0.0.tgz 0ms (cache hit)
2431 http cache safe-push-apply@https://registry.npmjs.org/safe-push-apply/-/safe-push-apply-1.0.0.tgz 0ms (cache hit)
2432 http cache safe-array-concat@https://registry.npmjs.org/safe-array-concat/-/safe-array-concat-1.1.4.tgz 0ms (cache hit)
2433 http cache safe-regex-test@https://registry.npmjs.org/safe-regex-test/-/safe-regex-test-1.1.0.tgz 0ms (cache hit)
2434 http cache own-keys@https://registry.npmjs.org/own-keys/-/own-keys-1.0.2.tgz 0ms (cache hit)
2435 http cache object.assign@https://registry.npmjs.org/object.assign/-/object.assign-4.1.7.tgz 0ms (cache hit)
2436 http cache regexp.prototype.flags@https://registry.npmjs.org/regexp.prototype.flags/-/regexp.prototype.flags-1.5.4.tgz 0ms (cache hit)
2437 http cache object-inspect@https://registry.npmjs.org/object-inspect/-/object-inspect-1.13.4.tgz 0ms (cache hit)
2438 http cache is-weakref@https://registry.npmjs.org/is-weakref/-/is-weakref-1.1.1.tgz 0ms (cache hit)
2439 http cache is-typed-array@https://registry.npmjs.org/is-typed-array/-/is-typed-array-1.1.15.tgz 0ms (cache hit)
2440 http cache is-shared-array-buffer@https://registry.npmjs.org/is-shared-array-buffer/-/is-shared-array-buffer-1.0.4.tgz 0ms (cache hit)
2441 http cache is-set@https://registry.npmjs.org/is-set/-/is-set-2.0.3.tgz 0ms (cache hit)
2442 http cache is-regex@https://registry.npmjs.org/is-regex/-/is-regex-1.2.1.tgz 0ms (cache hit)
2443 http cache is-negative-zero@https://registry.npmjs.org/is-negative-zero/-/is-negative-zero-2.0.3.tgz 0ms (cache hit)
2444 http cache is-data-view@https://registry.npmjs.org/is-data-view/-/is-data-view-1.0.2.tgz 0ms (cache hit)
2445 http cache is-callable@https://registry.npmjs.org/is-callable/-/is-callable-1.2.7.tgz 0ms (cache hit)
2446 http cache has-symbols@https://registry.npmjs.org/has-symbols/-/has-symbols-1.1.0.tgz 0ms (cache hit)
2447 http cache is-array-buffer@https://registry.npmjs.org/is-array-buffer/-/is-array-buffer-3.0.5.tgz 0ms (cache hit)
2448 http cache internal-slot@https://registry.npmjs.org/internal-slot/-/internal-slot-1.1.0.tgz 0ms (cache hit)
2449 http cache has-proto@https://registry.npmjs.org/has-proto/-/has-proto-1.2.0.tgz 0ms (cache hit)
2450 http cache globalthis@https://registry.npmjs.org/globalthis/-/globalthis-1.0.4.tgz 0ms (cache hit)
2451 http cache get-symbol-description@https://registry.npmjs.org/get-symbol-description/-/get-symbol-description-1.1.0.tgz 0ms (cache hit)
2452 http cache get-proto@https://registry.npmjs.org/get-proto/-/get-proto-1.0.1.tgz 0ms (cache hit)
2453 http cache function.prototype.name@https://registry.npmjs.org/function.prototype.name/-/function.prototype.name-1.2.0.tgz 0ms (cache hit)
2454 http cache es-to-primitive@https://registry.npmjs.org/es-to-primitive/-/es-to-primitive-1.3.4.tgz 0ms (cache hit)
2455 http cache es-set-tostringtag@https://registry.npmjs.org/es-set-tostringtag/-/es-set-tostringtag-2.1.0.tgz 0ms (cache hit)
2456 http cache data-view-byte-offset@https://registry.npmjs.org/data-view-byte-offset/-/data-view-byte-offset-1.0.1.tgz 0ms (cache hit)
2457 http cache data-view-byte-length@https://registry.npmjs.org/data-view-byte-length/-/data-view-byte-length-1.0.2.tgz 0ms (cache hit)
2458 http cache available-typed-arrays@https://registry.npmjs.org/available-typed-arrays/-/available-typed-arrays-1.0.7.tgz 1ms (cache hit)
2459 http cache data-view-buffer@https://registry.npmjs.org/data-view-buffer/-/data-view-buffer-1.0.2.tgz 0ms (cache hit)
2460 http cache arraybuffer.prototype.slice@https://registry.npmjs.org/arraybuffer.prototype.slice/-/arraybuffer.prototype.slice-1.0.4.tgz 0ms (cache hit)
2461 http cache gopd@https://registry.npmjs.org/gopd/-/gopd-1.2.0.tgz 0ms (cache hit)
2462 http cache array-buffer-byte-length@https://registry.npmjs.org/array-buffer-byte-length/-/array-buffer-byte-length-1.0.2.tgz 0ms (cache hit)
2463 http cache object-keys@https://registry.npmjs.org/object-keys/-/object-keys-1.1.1.tgz 0ms (cache hit)
2464 http cache has-property-descriptors@https://registry.npmjs.org/has-property-descriptors/-/has-property-descriptors-1.0.2.tgz 0ms (cache hit)
2465 http cache define-data-property@https://registry.npmjs.org/define-data-property/-/define-data-property-1.1.4.tgz 0ms (cache hit)
2466 http cache function-bind@https://registry.npmjs.org/function-bind/-/function-bind-1.1.2.tgz 0ms (cache hit)
2467 http cache set-function-length@https://registry.npmjs.org/set-function-length/-/set-function-length-1.2.2.tgz 0ms (cache hit)
2468 http cache call-bind-apply-helpers@https://registry.npmjs.org/call-bind-apply-helpers/-/call-bind-apply-helpers-1.0.2.tgz 0ms (cache hit)
2469 http cache es-define-property@https://registry.npmjs.org/es-define-property/-/es-define-property-1.0.1.tgz 0ms (cache hit)
2470 http cache es-shim-unscopables@https://registry.npmjs.org/es-shim-unscopables/-/es-shim-unscopables-1.1.0.tgz 0ms (cache hit)
2471 http cache es-errors@https://registry.npmjs.org/es-errors/-/es-errors-1.3.0.tgz 0ms (cache hit)
2472 http cache math-intrinsics@https://registry.npmjs.org/math-intrinsics/-/math-intrinsics-1.1.0.tgz 0ms (cache hit)
2473 http cache is-string@https://registry.npmjs.org/is-string/-/is-string-1.1.1.tgz 0ms (cache hit)
2474 http cache get-intrinsic@https://registry.npmjs.org/get-intrinsic/-/get-intrinsic-1.3.0.tgz 0ms (cache hit)
2475 http cache es-object-atoms@https://registry.npmjs.org/es-object-atoms/-/es-object-atoms-1.1.2.tgz 0ms (cache hit)
2476 http cache es-abstract@https://registry.npmjs.org/es-abstract/-/es-abstract-1.24.2.tgz 0ms (cache hit)
2477 http cache define-properties@https://registry.npmjs.org/define-properties/-/define-properties-1.2.1.tgz 0ms (cache hit)
2478 http cache call-bound@https://registry.npmjs.org/call-bound/-/call-bound-1.0.4.tgz 0ms (cache hit)
2479 http cache call-bind@https://registry.npmjs.org/call-bind/-/call-bind-1.0.9.tgz 0ms (cache hit)
2480 http cache tsconfig-paths@https://registry.npmjs.org/tsconfig-paths/-/tsconfig-paths-3.15.0.tgz 0ms (cache hit)
2481 http cache semver@https://registry.npmjs.org/semver/-/semver-6.3.1.tgz 0ms (cache hit)
2482 http cache string.prototype.trimend@https://registry.npmjs.org/string.prototype.trimend/-/string.prototype.trimend-1.0.10.tgz 0ms (cache hit)
2483 http cache object.values@https://registry.npmjs.org/object.values/-/object.values-1.2.1.tgz 0ms (cache hit)
2484 http cache object.fromentries@https://registry.npmjs.org/object.fromentries/-/object.fromentries-2.0.8.tgz 0ms (cache hit)
2485 http cache object.groupby@https://registry.npmjs.org/object.groupby/-/object.groupby-1.0.3.tgz 0ms (cache hit)
2486 http cache hasown@https://registry.npmjs.org/hasown/-/hasown-2.0.4.tgz 0ms (cache hit)
2487 http cache eslint-module-utils@https://registry.npmjs.org/eslint-module-utils/-/eslint-module-utils-2.14.0.tgz 0ms (cache hit)
2488 http cache doctrine@https://registry.npmjs.org/doctrine/-/doctrine-2.1.0.tgz 0ms (cache hit)
2489 http cache array.prototype.flatmap@https://registry.npmjs.org/array.prototype.flatmap/-/array.prototype.flatmap-1.3.3.tgz 0ms (cache hit)
2490 http cache array.prototype.flat@https://registry.npmjs.org/array.prototype.flat/-/array.prototype.flat-1.3.3.tgz 0ms (cache hit)
2491 http cache array.prototype.findlastindex@https://registry.npmjs.org/array.prototype.findlastindex/-/array.prototype.findlastindex-1.2.6.tgz 0ms (cache hit)
2492 http cache array-includes@https://registry.npmjs.org/array-includes/-/array-includes-3.1.9.tgz 0ms (cache hit)
2493 http cache @rtsao/scc@https://registry.npmjs.org/@rtsao/scc/-/scc-1.1.0.tgz 0ms (cache hit)
2494 http cache unrs-resolver@https://registry.npmjs.org/unrs-resolver/-/unrs-resolver-1.12.2.tgz 0ms (cache hit)
2495 http cache tinyglobby@https://registry.npmjs.org/tinyglobby/-/tinyglobby-0.2.17.tgz 0ms (cache hit)
2496 http cache stable-hash@https://registry.npmjs.org/stable-hash/-/stable-hash-0.0.5.tgz 0ms (cache hit)
2497 http cache is-bun-module@https://registry.npmjs.org/is-bun-module/-/is-bun-module-2.0.0.tgz 0ms (cache hit)
2498 http cache get-tsconfig@https://registry.npmjs.org/get-tsconfig/-/get-tsconfig-4.14.1.tgz 0ms (cache hit)
2499 http cache @nolyfill/is-core-module@https://registry.npmjs.org/@nolyfill/is-core-module/-/is-core-module-1.0.39.tgz 0ms (cache hit)
2500 http cache resolve@https://registry.npmjs.org/resolve/-/resolve-2.0.0-next.7.tgz 0ms (cache hit)
2501 http cache is-core-module@https://registry.npmjs.org/is-core-module/-/is-core-module-2.16.2.tgz 0ms (cache hit)
2502 http cache fast-glob@https://registry.npmjs.org/fast-glob/-/fast-glob-3.3.1.tgz 0ms (cache hit)
2503 http cache typescript-eslint@https://registry.npmjs.org/typescript-eslint/-/typescript-eslint-8.65.0.tgz 0ms (cache hit)
2504 http cache eslint-plugin-react@https://registry.npmjs.org/eslint-plugin-react/-/eslint-plugin-react-7.37.5.tgz 0ms (cache hit)
2505 http cache eslint-plugin-react-hooks@https://registry.npmjs.org/eslint-plugin-react-hooks/-/eslint-plugin-react-hooks-7.1.1.tgz 0ms (cache hit)
2506 http cache eslint-plugin-jsx-a11y@https://registry.npmjs.org/eslint-plugin-jsx-a11y/-/eslint-plugin-jsx-a11y-6.10.2.tgz 0ms (cache hit)
2507 http cache eslint-plugin-import@https://registry.npmjs.org/eslint-plugin-import/-/eslint-plugin-import-2.32.0.tgz 0ms (cache hit)
2508 http cache eslint-import-resolver-typescript@https://registry.npmjs.org/eslint-import-resolver-typescript/-/eslint-import-resolver-typescript-3.10.1.tgz 0ms (cache hit)
2509 http cache eslint-import-resolver-node@https://registry.npmjs.org/eslint-import-resolver-node/-/eslint-import-resolver-node-0.3.10.tgz 0ms (cache hit)
2510 http cache @next/eslint-plugin-next@https://registry.npmjs.org/@next/eslint-plugin-next/-/eslint-plugin-next-16.2.12.tgz 0ms (cache hit)
2511 http cache ms@https://registry.npmjs.org/ms/-/ms-2.1.3.tgz 0ms (cache hit)
2512 http cache which@https://registry.npmjs.org/which/-/which-2.0.2.tgz 0ms (cache hit)
2513 http cache shebang-command@https://registry.npmjs.org/shebang-command/-/shebang-command-2.0.0.tgz 0ms (cache hit)
2514 http cache path-key@https://registry.npmjs.org/path-key/-/path-key-3.1.1.tgz 0ms (cache hit)
2515 http cache color-name@https://registry.npmjs.org/color-name/-/color-name-1.1.4.tgz 0ms (cache hit)
2516 http cache color-convert@https://registry.npmjs.org/color-convert/-/color-convert-2.0.1.tgz 0ms (cache hit)
2517 http cache supports-color@https://registry.npmjs.org/supports-color/-/supports-color-7.2.0.tgz 0ms (cache hit)
2518 http cache ansi-styles@https://registry.npmjs.org/ansi-styles/-/ansi-styles-4.3.0.tgz 0ms (cache hit)
2519 http cache uri-js@https://registry.npmjs.org/uri-js/-/uri-js-4.4.1.tgz 0ms (cache hit)
2520 http cache json-schema-traverse@https://registry.npmjs.org/json-schema-traverse/-/json-schema-traverse-0.4.1.tgz 0ms (cache hit)
2521 http cache fast-json-stable-stringify@https://registry.npmjs.org/fast-json-stable-stringify/-/fast-json-stable-stringify-2.1.0.tgz 0ms (cache hit)
2522 http cache @humanfs/core@https://registry.npmjs.org/@humanfs/core/-/core-0.19.2.tgz 0ms (cache hit)
2523 http cache @humanfs/types@https://registry.npmjs.org/@humanfs/types/-/types-0.15.0.tgz 0ms (cache hit)
2524 http cache levn@https://registry.npmjs.org/levn/-/levn-0.4.1.tgz 0ms (cache hit)
2525 http cache strip-json-comments@https://registry.npmjs.org/strip-json-comments/-/strip-json-comments-3.1.1.tgz 0ms (cache hit)
2526 http cache js-yaml@https://registry.npmjs.org/js-yaml/-/js-yaml-4.3.1.tgz 0ms (cache hit)
2527 http cache import-fresh@https://registry.npmjs.org/import-fresh/-/import-fresh-3.3.1.tgz 0ms (cache hit)
2528 http cache globals@https://registry.npmjs.org/globals/-/globals-14.0.0.tgz 0ms (cache hit)
2529 http cache @types/json-schema@https://registry.npmjs.org/@types/json-schema/-/json-schema-7.0.15.tgz 0ms (cache hit)
2530 http cache @eslint/object-schema@https://registry.npmjs.org/@eslint/object-schema/-/object-schema-2.1.7.tgz 0ms (cache hit)
2531 http cache optionator@https://registry.npmjs.org/optionator/-/optionator-0.9.4.tgz 0ms (cache hit)
2532 http cache natural-compare@https://registry.npmjs.org/natural-compare/-/natural-compare-1.4.0.tgz 0ms (cache hit)
2533 http cache minimatch@https://registry.npmjs.org/minimatch/-/minimatch-3.1.5.tgz 0ms (cache hit)
2534 http cache lodash.merge@https://registry.npmjs.org/lodash.merge/-/lodash.merge-4.6.2.tgz 0ms (cache hit)
2535 http cache is-glob@https://registry.npmjs.org/is-glob/-/is-glob-4.0.3.tgz 0ms (cache hit)
2536 http cache json-stable-stringify-without-jsonify@https://registry.npmjs.org/json-stable-stringify-without-jsonify/-/json-stable-stringify-without-jsonify-1.0.1.tgz 0ms (cache hit)
2537 http cache imurmurhash@https://registry.npmjs.org/imurmurhash/-/imurmurhash-0.1.4.tgz 0ms (cache hit)
2538 http cache ignore@https://registry.npmjs.org/ignore/-/ignore-5.3.2.tgz 0ms (cache hit)
2539 http cache glob-parent@https://registry.npmjs.org/glob-parent/-/glob-parent-6.0.2.tgz 0ms (cache hit)
2540 http cache find-up@https://registry.npmjs.org/find-up/-/find-up-5.0.0.tgz 0ms (cache hit)
2541 http cache file-entry-cache@https://registry.npmjs.org/file-entry-cache/-/file-entry-cache-8.0.0.tgz 0ms (cache hit)
2542 http cache fast-deep-equal@https://registry.npmjs.org/fast-deep-equal/-/fast-deep-equal-3.1.3.tgz 0ms (cache hit)
2543 http cache esutils@https://registry.npmjs.org/esutils/-/esutils-2.0.3.tgz 0ms (cache hit)
2544 http cache esquery@https://registry.npmjs.org/esquery/-/esquery-1.7.0.tgz 0ms (cache hit)
2545 http cache espree@https://registry.npmjs.org/espree/-/espree-10.4.0.tgz 0ms (cache hit)
2546 http cache eslint-visitor-keys@https://registry.npmjs.org/eslint-visitor-keys/-/eslint-visitor-keys-4.2.1.tgz 0ms (cache hit)
2547 http cache escape-string-regexp@https://registry.npmjs.org/escape-string-regexp/-/escape-string-regexp-4.0.0.tgz 0ms (cache hit)
2548 http cache eslint-scope@https://registry.npmjs.org/eslint-scope/-/eslint-scope-8.4.0.tgz 0ms (cache hit)
2549 http cache debug@https://registry.npmjs.org/debug/-/debug-4.4.3.tgz 0ms (cache hit)
2550 http cache chalk@https://registry.npmjs.org/chalk/-/chalk-4.1.2.tgz 0ms (cache hit)
2551 http cache cross-spawn@https://registry.npmjs.org/cross-spawn/-/cross-spawn-7.0.6.tgz 0ms (cache hit)
2552 http cache ajv@https://registry.npmjs.org/ajv/-/ajv-6.15.0.tgz 0ms (cache hit)
2553 http cache @humanwhocodes/retry@https://registry.npmjs.org/@humanwhocodes/retry/-/retry-0.4.3.tgz 0ms (cache hit)
2554 http cache @types/estree@https://registry.npmjs.org/@types/estree/-/estree-1.0.9.tgz 0ms (cache hit)
2555 http cache @humanwhocodes/module-importer@https://registry.npmjs.org/@humanwhocodes/module-importer/-/module-importer-1.0.1.tgz 0ms (cache hit)
2556 http cache @humanfs/node@https://registry.npmjs.org/@humanfs/node/-/node-0.16.8.tgz 0ms (cache hit)
2557 http cache @eslint/plugin-kit@https://registry.npmjs.org/@eslint/plugin-kit/-/plugin-kit-0.4.1.tgz 0ms (cache hit)
2558 http cache @eslint/js@https://registry.npmjs.org/@eslint/js/-/js-9.39.5.tgz 0ms (cache hit)
2559 http cache @eslint/eslintrc@https://registry.npmjs.org/@eslint/eslintrc/-/eslintrc-3.3.6.tgz 0ms (cache hit)
2560 http cache @eslint/core@https://registry.npmjs.org/@eslint/core/-/core-0.17.0.tgz 0ms (cache hit)
2561 http cache @eslint/config-helpers@https://registry.npmjs.org/@eslint/config-helpers/-/config-helpers-0.4.2.tgz 0ms (cache hit)
2562 http cache @eslint/config-array@https://registry.npmjs.org/@eslint/config-array/-/config-array-0.21.2.tgz 0ms (cache hit)
2563 http cache @eslint-community/regexpp@https://registry.npmjs.org/@eslint-community/regexpp/-/regexpp-4.12.2.tgz 0ms (cache hit)
2564 http cache @eslint-community/eslint-utils@https://registry.npmjs.org/@eslint-community/eslint-utils/-/eslint-utils-4.10.1.tgz 0ms (cache hit)
2565 http cache csstype@https://registry.npmjs.org/csstype/-/csstype-3.2.3.tgz 0ms (cache hit)
2566 http cache undici-types@https://registry.npmjs.org/undici-types/-/undici-types-7.18.2.tgz 0ms (cache hit)
2567 http cache react-dom@https://registry.npmjs.org/react-dom/-/react-dom-19.2.0.tgz 0ms (cache hit)
2568 http cache react@https://registry.npmjs.org/react/-/react-19.2.0.tgz 0ms (cache hit)
2569 http cache next@https://registry.npmjs.org/next/-/next-16.2.12.tgz 0ms (cache hit)
2570 http cache eslint-config-next@https://registry.npmjs.org/eslint-config-next/-/eslint-config-next-16.2.12.tgz 0ms (cache hit)
2571 http cache @types/react-dom@https://registry.npmjs.org/@types/react-dom/-/react-dom-19.2.4.tgz 0ms (cache hit)
2572 http cache eslint@https://registry.npmjs.org/eslint/-/eslint-9.39.5.tgz 0ms (cache hit)
2573 http cache typescript@https://registry.npmjs.org/typescript/-/typescript-5.9.3.tgz 0ms (cache hit)
2574 http cache @types/node@https://registry.npmjs.org/@types/node/-/node-24.13.3.tgz 0ms (cache hit)
2575 http cache @types/react@https://registry.npmjs.org/@types/react/-/react-19.2.18.tgz 0ms (cache hit)
2576 http cache brace-expansion@https://registry.npmjs.org/brace-expansion/-/brace-expansion-5.0.9.tgz 0ms (cache hit)
2577 http cache eslint-visitor-keys@https://registry.npmjs.org/eslint-visitor-keys/-/eslint-visitor-keys-5.0.1.tgz 0ms (cache hit)
2578 http cache balanced-match@https://registry.npmjs.org/balanced-match/-/balanced-match-4.0.4.tgz 0ms (cache hit)
2579 http cache semver@https://registry.npmjs.org/semver/-/semver-7.8.5.tgz 0ms (cache hit)
2580 http cache minimatch@https://registry.npmjs.org/minimatch/-/minimatch-10.2.6.tgz 0ms (cache hit)
2581 http cache ignore@https://registry.npmjs.org/ignore/-/ignore-7.0.6.tgz 0ms (cache hit)
2582 http cache semver@https://registry.npmjs.org/semver/-/semver-7.8.5.tgz 0ms (cache hit)
2583 http cache json5@https://registry.npmjs.org/json5/-/json5-1.0.2.tgz 0ms (cache hit)
2584 http cache debug@https://registry.npmjs.org/debug/-/debug-3.2.7.tgz 0ms (cache hit)
2585 http cache picomatch@https://registry.npmjs.org/picomatch/-/picomatch-4.0.5.tgz 0ms (cache hit)
2586 http cache fdir@https://registry.npmjs.org/fdir/-/fdir-6.5.0.tgz 0ms (cache hit)
2587 http cache semver@https://registry.npmjs.org/semver/-/semver-7.8.5.tgz 0ms (cache hit)
2588 http cache glob-parent@https://registry.npmjs.org/glob-parent/-/glob-parent-5.1.2.tgz 0ms (cache hit)
2589 http cache debug@https://registry.npmjs.org/debug/-/debug-3.2.7.tgz 0ms (cache hit)
2590 http cache debug@https://registry.npmjs.org/debug/-/debug-3.2.7.tgz 0ms (cache hit)
2591 http cache eslint-visitor-keys@https://registry.npmjs.org/eslint-visitor-keys/-/eslint-visitor-keys-3.4.3.tgz 0ms (cache hit)
2592 http cache globals@https://registry.npmjs.org/globals/-/globals-16.4.0.tgz 0ms (cache hit)
2593 http fetch POST 200 https://registry.npmjs.org/-/npm/v1/security/advisories/bulk 1032ms
2594 silly audit report {
2594 silly audit report   postcss: [
2594 silly audit report     {
2594 silly audit report       id: 1117015,
2594 silly audit report       url: 'https://github.com/advisories/GHSA-qx2v-qp2m-jg93',
2594 silly audit report       title: 'PostCSS has XSS via Unescaped </style> in its CSS Stringify Output',
2594 silly audit report       severity: 'moderate',
2594 silly audit report       vulnerable_versions: '<8.5.10',
2594 silly audit report       cwe: [Array],
2594 silly audit report       cvss: [Object]
2594 silly audit report     },
2594 silly audit report     {
2594 silly audit report       id: 1124252,
2594 silly audit report       url: 'https://github.com/advisories/GHSA-6g55-p6wh-862q',
2594 silly audit report       title: 'PostCSS: Arbitrary file read and information disclosure via attacker-controlled sourceMappingURL in CSS comments',
2594 silly audit report       severity: 'high',
2594 silly audit report       vulnerable_versions: '<=8.5.11',
2594 silly audit report       cwe: [Array],
2594 silly audit report       cvss: [Object]
2594 silly audit report     },
2594 silly audit report     {
2594 silly audit report       id: 1124288,
2594 silly audit report       url: 'https://github.com/advisories/GHSA-r28c-9q8g-f849',
2594 silly audit report       title: 'PostCSS: Path Traversal in Previous Source Map Auto-Loading (sourceMappingURL) leads to Arbitrary .map File Disclosure',
2594 silly audit report       severity: 'high',
2594 silly audit report       vulnerable_versions: '<=8.5.17',
2594 silly audit report       cwe: [Array],
2594 silly audit report       cvss: [Object]
2594 silly audit report     }
2594 silly audit report   ],
2594 silly audit report   sharp: [
2594 silly audit report     {
2594 silly audit report       id: 1124066,
2594 silly audit report       url: 'https://github.com/advisories/GHSA-f88m-g3jw-g9cj',
2594 silly audit report       title: 'sharp inherited vulnerabilities in libvips: CVE-2026-33327, CVE-2026-33328, CVE-2026-35590, CVE-2026-35591',
2594 silly audit report       severity: 'high',
2594 silly audit report       vulnerable_versions: '<0.35.0',
2594 silly audit report       cwe: [Array],
2594 silly audit report       cvss: [Object]
2594 silly audit report     }
2594 silly audit report   ]
2594 silly audit report }
2595 silly packumentCache corgi:https://registry.npmjs.org/postcss cache-miss
2596 silly packumentCache corgi:https://registry.npmjs.org/sharp cache-miss
2597 http cache https://registry.npmjs.org/sharp 7ms (cache hit)
2598 silly packumentCache corgi:https://registry.npmjs.org/sharp set size:291503 disposed:false
2599 http cache https://registry.npmjs.org/postcss 9ms (cache hit)
2600 silly packumentCache corgi:https://registry.npmjs.org/postcss set size:354683 disposed:false
2601 silly packumentCache corgi:https://registry.npmjs.org/next cache-miss
2602 http cache https://registry.npmjs.org/next 29ms (cache hit)
2603 silly packumentCache corgi:https://registry.npmjs.org/next set size:25415748 disposed:false
2604 silly ADD node_modules/is-weakset
2605 silly ADD node_modules/is-weakmap
2606 silly ADD node_modules/is-map
2607 silly ADD node_modules/generator-function
2608 silly ADD node_modules/async-function
2609 silly ADD node_modules/which-collection
2610 silly ADD node_modules/is-generator-function
2611 silly ADD node_modules/is-finalizationregistry
2612 silly ADD node_modules/is-async-function
2613 silly ADD node_modules/is-number-object
2614 silly ADD node_modules/is-boolean-object
2615 silly ADD node_modules/is-bigint
2616 silly ADD node_modules/isexe
2617 silly ADD node_modules/punycode
2618 silly ADD node_modules/escalade
2619 silly ADD node_modules/napi-postinstall
2620 silly ADD node_modules/@unrs/resolver-binding-darwin-arm64
2621 silly ADD node_modules/which-boxed-primitive
2622 silly ADD node_modules/has-bigints
2623 silly ADD node_modules/@typescript-eslint/tsconfig-utils
2624 silly ADD node_modules/@typescript-eslint/project-service
2625 silly ADD node_modules/@typescript-eslint/types
2626 silly ADD node_modules/ts-api-utils
2627 silly ADD node_modules/@typescript-eslint/visitor-keys
2628 silly ADD node_modules/@typescript-eslint/visitor-keys/node_modules/eslint-visitor-keys
2629 silly ADD node_modules/@typescript-eslint/type-utils
2630 silly ADD node_modules/@typescript-eslint/scope-manager
2631 silly ADD node_modules/@typescript-eslint/utils
2632 silly ADD node_modules/@typescript-eslint/typescript-estree
2633 silly ADD node_modules/@typescript-eslint/typescript-estree/node_modules/balanced-match
2634 silly ADD node_modules/@typescript-eslint/typescript-estree/node_modules/brace-expansion
2635 silly ADD node_modules/@typescript-eslint/typescript-estree/node_modules/semver
2636 silly ADD node_modules/@typescript-eslint/typescript-estree/node_modules/minimatch
2637 silly ADD node_modules/@typescript-eslint/parser
2638 silly ADD node_modules/@typescript-eslint/eslint-plugin
2639 silly ADD node_modules/@typescript-eslint/eslint-plugin/node_modules/ignore
2640 silly ADD node_modules/which-builtin-type
2641 silly ADD node_modules/reflect.getprototypeof
2642 silly ADD node_modules/for-each
2643 silly ADD node_modules/strip-bom
2644 silly ADD node_modules/minimist
2645 silly ADD node_modules/@types/json5
2646 silly ADD node_modules/is-number
2647 silly ADD node_modules/has-flag
2648 silly ADD node_modules/client-only
2649 silly ADD node_modules/side-channel-weakmap
2650 silly ADD node_modules/side-channel-map
2651 silly ADD node_modules/side-channel-list
2652 silly ADD node_modules/shebang-regex
2653 silly ADD node_modules/@emnapi/runtime
2654 silly ADD node_modules/detect-libc
2655 silly ADD node_modules/@img/sharp-libvips-darwin-arm64
2656 silly ADD node_modules/@img/sharp-darwin-arm64
2657 silly ADD node_modules/@img/colour
2658 silly ADD node_modules/isarray
2659 silly ADD node_modules/queue-microtask
2660 silly ADD node_modules/supports-preserve-symlinks-flag
2661 silly ADD node_modules/path-parse
2662 silly ADD node_modules/node-exports-info
2663 silly ADD node_modules/scheduler
2664 silly ADD node_modules/react-is
2665 silly ADD node_modules/object-assign
2666 silly ADD node_modules/loose-envify
2667 silly ADD node_modules/source-map-js
2668 silly ADD node_modules/nanoid
2669 silly ADD node_modules/callsites
2670 silly ADD node_modules/yocto-queue
2671 silly ADD node_modules/p-limit
2672 silly ADD node_modules/word-wrap
2673 silly ADD node_modules/fast-levenshtein
2674 silly ADD node_modules/deep-is
2675 silly ADD node_modules/tslib
2676 silly ADD node_modules/styled-jsx
2677 silly ADD node_modules/sharp
2678 silly ADD node_modules/sharp/node_modules/semver
2679 silly ADD node_modules/postcss
2680 silly ADD node_modules/@swc/helpers
2681 silly ADD node_modules/@next/swc-darwin-arm64
2682 silly ADD node_modules/@next/env
2683 silly ADD node_modules/concat-map
2684 silly ADD node_modules/balanced-match
2685 silly ADD node_modules/brace-expansion
2686 silly ADD node_modules/to-regex-range
2687 silly ADD node_modules/fill-range
2688 silly ADD node_modules/picomatch
2689 silly ADD node_modules/braces
2690 silly ADD node_modules/yallist
2691 silly ADD node_modules/p-locate
2692 silly ADD node_modules/type-check
2693 silly ADD node_modules/prelude-ls
2694 silly ADD node_modules/language-subtag-registry
2695 silly ADD node_modules/json-buffer
2696 silly ADD node_modules/argparse
2697 silly ADD node_modules/set-function-name
2698 silly ADD node_modules/is-extglob
2699 silly ADD node_modules/side-channel
2700 silly ADD node_modules/resolve-from
2701 silly ADD node_modules/parent-module
2702 silly ADD node_modules/hermes-estree
2703 silly ADD node_modules/resolve-pkg-maps
2704 silly ADD node_modules/dunder-proto
2705 silly ADD node_modules/is-document.all
2706 silly ADD node_modules/functions-have-names
2707 silly ADD node_modules/keyv
2708 silly ADD node_modules/flatted
2709 silly ADD node_modules/path-exists
2710 silly ADD node_modules/locate-path
2711 silly ADD node_modules/flat-cache
2712 silly ADD node_modules/reusify
2713 silly ADD node_modules/run-parallel
2714 silly ADD node_modules/fastq
2715 silly ADD node_modules/@nodelib/fs.scandir
2716 silly ADD node_modules/micromatch
2717 silly ADD node_modules/merge2
2718 silly ADD node_modules/@nodelib/fs.walk
2719 silly ADD node_modules/@nodelib/fs.stat
2720 silly ADD node_modules/acorn-jsx
2721 silly ADD node_modules/acorn
2722 silly ADD node_modules/esrecurse
2723 silly ADD node_modules/update-browserslist-db
2724 silly ADD node_modules/node-releases
2725 silly ADD node_modules/electron-to-chromium
2726 silly ADD node_modules/caniuse-lite
2727 silly ADD node_modules/baseline-browser-mapping
2728 silly ADD node_modules/@jridgewell/resolve-uri
2729 silly ADD node_modules/@jridgewell/sourcemap-codec
2730 silly ADD node_modules/@babel/helper-string-parser
2731 silly ADD node_modules/@babel/helper-globals
2732 silly ADD node_modules/@babel/helper-module-imports
2733 silly ADD node_modules/lru-cache
2734 silly ADD node_modules/browserslist
2735 silly ADD node_modules/@babel/helper-validator-option
2736 silly ADD node_modules/@babel/compat-data
2737 silly ADD node_modules/jsesc
2738 silly ADD node_modules/@jridgewell/trace-mapping
2739 silly ADD node_modules/@jridgewell/gen-mapping
2740 silly ADD node_modules/picocolors
2741 silly ADD node_modules/js-tokens
2742 silly ADD node_modules/@babel/helper-validator-identifier
2743 silly ADD node_modules/json5
2744 silly ADD node_modules/gensync
2745 silly ADD node_modules/convert-source-map
2746 silly ADD node_modules/@jridgewell/remapping
2747 silly ADD node_modules/@babel/types
2748 silly ADD node_modules/@babel/traverse
2749 silly ADD node_modules/@babel/template
2750 silly ADD node_modules/@babel/helpers
2751 silly ADD node_modules/@babel/helper-module-transforms
2752 silly ADD node_modules/@babel/helper-compilation-targets
2753 silly ADD node_modules/@babel/generator
2754 silly ADD node_modules/@babel/code-frame
2755 silly ADD node_modules/zod-validation-error
2756 silly ADD node_modules/zod
2757 silly ADD node_modules/hermes-parser
2758 silly ADD node_modules/@babel/parser
2759 silly ADD node_modules/@babel/core
2760 silly ADD node_modules/iterator.prototype
2761 silly ADD node_modules/string.prototype.repeat
2762 silly ADD node_modules/string.prototype.matchall
2763 silly ADD node_modules/prop-types
2764 silly ADD node_modules/object.entries
2765 silly ADD node_modules/estraverse
2766 silly ADD node_modules/es-iterator-helpers
2767 silly ADD node_modules/array.prototype.tosorted
2768 silly ADD node_modules/array.prototype.findlast
2769 silly ADD node_modules/string.prototype.includes
2770 silly ADD node_modules/language-tags
2771 silly ADD node_modules/jsx-ast-utils
2772 silly ADD node_modules/emoji-regex
2773 silly ADD node_modules/damerau-levenshtein
2774 silly ADD node_modules/axobject-query
2775 silly ADD node_modules/axe-core
2776 silly ADD node_modules/ast-types-flow
2777 silly ADD node_modules/aria-query
2778 silly ADD node_modules/is-symbol
2779 silly ADD node_modules/is-date-object
2780 silly ADD node_modules/es-abstract-get
2781 silly ADD node_modules/has-tostringtag
2782 silly ADD node_modules/possible-typed-array-names
2783 silly ADD node_modules/which-typed-array
2784 silly ADD node_modules/unbox-primitive
2785 silly ADD node_modules/typed-array-length
2786 silly ADD node_modules/typed-array-byte-offset
2787 silly ADD node_modules/typed-array-byte-length
2788 silly ADD node_modules/typed-array-buffer
2789 silly ADD node_modules/string.prototype.trimstart
2790 silly ADD node_modules/string.prototype.trim
2791 silly ADD node_modules/stop-iteration-iterator
2792 silly ADD node_modules/set-proto
2793 silly ADD node_modules/safe-regex-test
2794 silly ADD node_modules/safe-push-apply
2795 silly ADD node_modules/safe-array-concat
2796 silly ADD node_modules/regexp.prototype.flags
2797 silly ADD node_modules/own-keys
2798 silly ADD node_modules/object.assign
2799 silly ADD node_modules/object-inspect
2800 silly ADD node_modules/is-weakref
2801 silly ADD node_modules/is-typed-array
2802 silly ADD node_modules/is-shared-array-buffer
2803 silly ADD node_modules/is-set
2804 silly ADD node_modules/is-regex
2805 silly ADD node_modules/is-negative-zero
2806 silly ADD node_modules/is-data-view
2807 silly ADD node_modules/is-callable
2808 silly ADD node_modules/is-array-buffer
2809 silly ADD node_modules/internal-slot
2810 silly ADD node_modules/has-symbols
2811 silly ADD node_modules/has-proto
2812 silly ADD node_modules/globalthis
2813 silly ADD node_modules/get-symbol-description
2814 silly ADD node_modules/get-proto
2815 silly ADD node_modules/function.prototype.name
2816 silly ADD node_modules/es-to-primitive
2817 silly ADD node_modules/es-set-tostringtag
2818 silly ADD node_modules/data-view-byte-offset
2819 silly ADD node_modules/data-view-byte-length
2820 silly ADD node_modules/data-view-buffer
2821 silly ADD node_modules/available-typed-arrays
2822 silly ADD node_modules/arraybuffer.prototype.slice
2823 silly ADD node_modules/array-buffer-byte-length
2824 silly ADD node_modules/gopd
2825 silly ADD node_modules/object-keys
2826 silly ADD node_modules/has-property-descriptors
2827 silly ADD node_modules/define-data-property
2828 silly ADD node_modules/function-bind
2829 silly ADD node_modules/set-function-length
2830 silly ADD node_modules/es-define-property
2831 silly ADD node_modules/call-bind-apply-helpers
2832 silly ADD node_modules/es-shim-unscopables
2833 silly ADD node_modules/es-errors
2834 silly ADD node_modules/math-intrinsics
2835 silly ADD node_modules/is-string
2836 silly ADD node_modules/get-intrinsic
2837 silly ADD node_modules/es-object-atoms
2838 silly ADD node_modules/es-abstract
2839 silly ADD node_modules/define-properties
2840 silly ADD node_modules/call-bound
2841 silly ADD node_modules/call-bind
2842 silly ADD node_modules/tsconfig-paths
2843 silly ADD node_modules/tsconfig-paths/node_modules/json5
2844 silly ADD node_modules/string.prototype.trimend
2845 silly ADD node_modules/semver
2846 silly ADD node_modules/object.values
2847 silly ADD node_modules/object.groupby
2848 silly ADD node_modules/object.fromentries
2849 silly ADD node_modules/hasown
2850 silly ADD node_modules/eslint-module-utils
2851 silly ADD node_modules/eslint-module-utils/node_modules/debug
2852 silly ADD node_modules/doctrine
2853 silly ADD node_modules/array.prototype.flatmap
2854 silly ADD node_modules/array.prototype.flat
2855 silly ADD node_modules/array.prototype.findlastindex
2856 silly ADD node_modules/array-includes
2857 silly ADD node_modules/@rtsao/scc
2858 silly ADD node_modules/unrs-resolver
2859 silly ADD node_modules/tinyglobby
2860 silly ADD node_modules/tinyglobby/node_modules/picomatch
2861 silly ADD node_modules/tinyglobby/node_modules/fdir
2862 silly ADD node_modules/stable-hash
2863 silly ADD node_modules/is-bun-module
2864 silly ADD node_modules/is-bun-module/node_modules/semver
2865 silly ADD node_modules/get-tsconfig
2866 silly ADD node_modules/@nolyfill/is-core-module
2867 silly ADD node_modules/resolve
2868 silly ADD node_modules/is-core-module
2869 silly ADD node_modules/fast-glob
2870 silly ADD node_modules/fast-glob/node_modules/glob-parent
2871 silly ADD node_modules/typescript-eslint
2872 silly ADD node_modules/eslint-plugin-react-hooks
2873 silly ADD node_modules/eslint-plugin-react
2874 silly ADD node_modules/eslint-plugin-jsx-a11y
2875 silly ADD node_modules/eslint-plugin-import
2876 silly ADD node_modules/eslint-plugin-import/node_modules/debug
2877 silly ADD node_modules/eslint-import-resolver-typescript
2878 silly ADD node_modules/eslint-import-resolver-node
2879 silly ADD node_modules/eslint-import-resolver-node/node_modules/debug
2880 silly ADD node_modules/@next/eslint-plugin-next
2881 silly ADD node_modules/ms
2882 silly ADD node_modules/which
2883 silly ADD node_modules/shebang-command
2884 silly ADD node_modules/path-key
2885 silly ADD node_modules/color-name
2886 silly ADD node_modules/color-convert
2887 silly ADD node_modules/supports-color
2888 silly ADD node_modules/ansi-styles
2889 silly ADD node_modules/uri-js
2890 silly ADD node_modules/json-schema-traverse
2891 silly ADD node_modules/fast-json-stable-stringify
2892 silly ADD node_modules/@humanfs/types
2893 silly ADD node_modules/@humanfs/core
2894 silly ADD node_modules/levn
2895 silly ADD node_modules/strip-json-comments
2896 silly ADD node_modules/js-yaml
2897 silly ADD node_modules/import-fresh
2898 silly ADD node_modules/globals
2899 silly ADD node_modules/@types/json-schema
2900 silly ADD node_modules/@eslint/object-schema
2901 silly ADD node_modules/optionator
2902 silly ADD node_modules/natural-compare
2903 silly ADD node_modules/minimatch
2904 silly ADD node_modules/lodash.merge
2905 silly ADD node_modules/json-stable-stringify-without-jsonify
2906 silly ADD node_modules/is-glob
2907 silly ADD node_modules/imurmurhash
2908 silly ADD node_modules/ignore
2909 silly ADD node_modules/glob-parent
2910 silly ADD node_modules/find-up
2911 silly ADD node_modules/file-entry-cache
2912 silly ADD node_modules/fast-deep-equal
2913 silly ADD node_modules/esutils
2914 silly ADD node_modules/esquery
2915 silly ADD node_modules/espree
2916 silly ADD node_modules/eslint-visitor-keys
2917 silly ADD node_modules/eslint-scope
2918 silly ADD node_modules/escape-string-regexp
2919 silly ADD node_modules/debug
2920 silly ADD node_modules/cross-spawn
2921 silly ADD node_modules/chalk
2922 silly ADD node_modules/ajv
2923 silly ADD node_modules/@types/estree
2924 silly ADD node_modules/@humanwhocodes/retry
2925 silly ADD node_modules/@humanwhocodes/module-importer
2926 silly ADD node_modules/@humanfs/node
2927 silly ADD node_modules/@eslint/plugin-kit
2928 silly ADD node_modules/@eslint/js
2929 silly ADD node_modules/@eslint/eslintrc
2930 silly ADD node_modules/@eslint/core
2931 silly ADD node_modules/@eslint/config-helpers
2932 silly ADD node_modules/@eslint/config-array
2933 silly ADD node_modules/@eslint-community/regexpp
2934 silly ADD node_modules/@eslint-community/eslint-utils
2935 silly ADD node_modules/@eslint-community/eslint-utils/node_modules/eslint-visitor-keys
2936 silly ADD node_modules/csstype
2937 silly ADD node_modules/undici-types
2938 silly ADD node_modules/typescript
2939 silly ADD node_modules/react-dom
2940 silly ADD node_modules/react
2941 silly ADD node_modules/next
2942 silly ADD node_modules/eslint-config-next
2943 silly ADD node_modules/eslint-config-next/node_modules/globals
2944 silly ADD node_modules/eslint
2945 silly ADD node_modules/@types/react-dom
2946 silly ADD node_modules/@types/react
2947 silly ADD node_modules/@types/node
2948 verbose cwd /Users/saif/Desktop/BiosynAnalytical
2949 verbose os Darwin 25.5.0
2950 verbose node v24.13.0
2951 verbose npm  v11.6.2
2952 verbose exit 0
2953 info ok
